mode: set
lvmsync_go/cmd/configdoc/main.go:20.26,25.34 1 1
lvmsync_go/cmd/configdoc/main.go:25.34,25.61 1 0
lvmsync_go/cmd/configdoc/main.go:29.133,31.20 2 1
lvmsync_go/cmd/configdoc/main.go:31.20,33.3 1 1
lvmsync_go/cmd/configdoc/main.go:34.2,34.21 1 1
lvmsync_go/cmd/configdoc/main.go:34.21,36.3 1 1
lvmsync_go/cmd/configdoc/main.go:37.2,37.21 1 1
lvmsync_go/cmd/configdoc/main.go:37.21,39.3 1 1
lvmsync_go/cmd/configdoc/main.go:40.2,40.23 1 1
lvmsync_go/cmd/configdoc/main.go:40.23,42.3 1 1
lvmsync_go/cmd/configdoc/main.go:43.2,43.10 1 1
lvmsync_go/cmd/configdoc/main.go:46.24,49.32 3 1
lvmsync_go/cmd/configdoc/main.go:49.32,53.3 3 1
lvmsync_go/cmd/configdoc/main.go:54.2,54.11 1 0
lvmsync_go/cmd/configdoc/main.go:57.13,57.34 1 0
lvmsync_go/cmd/configdoc/main.go:59.18,61.16 2 1
lvmsync_go/cmd/configdoc/main.go:61.16,63.3 1 0
lvmsync_go/cmd/configdoc/main.go:64.2,66.16 3 1
lvmsync_go/cmd/configdoc/main.go:66.16,68.3 1 1
lvmsync_go/cmd/configdoc/main.go:69.2,69.63 1 1
lvmsync_go/cmd/configdoc/main.go:69.63,71.3 1 0
lvmsync_go/cmd/configdoc/main.go:72.2,72.12 1 1
lvmsync_go/cmd/configdoc/main.go:75.35,77.16 2 1
lvmsync_go/cmd/configdoc/main.go:77.16,79.3 1 1
lvmsync_go/cmd/configdoc/main.go:80.2,80.58 1 1
lvmsync_go/cmd/configdoc/main.go:83.37,85.16 2 1
lvmsync_go/cmd/configdoc/main.go:85.16,87.3 1 0
lvmsync_go/cmd/configdoc/main.go:88.2,88.6 1 1
lvmsync_go/cmd/configdoc/main.go:88.6,89.66 1 1
lvmsync_go/cmd/configdoc/main.go:89.66,91.4 1 1
lvmsync_go/cmd/configdoc/main.go:92.3,93.20 2 1
lvmsync_go/cmd/configdoc/main.go:93.20,95.4 1 1
lvmsync_go/cmd/configdoc/main.go:96.3,96.15 1 1
lvmsync_go/app/app.go:21.26,26.2 1 1
lvmsync_go/app/app.go:28.46,30.17 2 1
lvmsync_go/app/app.go:30.17,32.3 1 0
lvmsync_go/app/app.go:33.2,33.32 1 1
lvmsync_go/app/app.go:33.32,35.3 1 1
lvmsync_go/app/app.go:36.2,36.33 1 1
lvmsync_go/app/app.go:36.33,38.3 1 1
lvmsync_go/app/app.go:39.2,39.10 1 1
lvmsync_go/app/app.go:42.150,48.2 5 1
lvmsync_go/app/app.go:50.154,52.2 1 1
lvmsync_go/app/app.go:54.138,56.2 1 0
lvmsync_go/app/app.go:58.142,60.2 1 0
lvmsync_go/cmd/lvmsync/cobra.go:45.82,47.2 1 1
lvmsync_go/cmd/lvmsync/cobra.go:50.95,52.2 1 1
lvmsync_go/cmd/lvmsync/cobra.go:55.66,57.2 1 1
lvmsync_go/cmd/lvmsync/cobra.go:60.26,62.73 1 1
lvmsync_go/cmd/lvmsync/cobra.go:62.73,62.87 1 1
lvmsync_go/cmd/lvmsync/cobra.go:63.86,64.18 1 0
lvmsync_go/cmd/lvmsync/cobra.go:64.18,67.5 2 0
lvmsync_go/cmd/lvmsync/cobra.go:68.4,69.18 2 0
lvmsync_go/cmd/lvmsync/cobra.go:69.18,71.5 1 0
lvmsync_go/cmd/lvmsync/cobra.go:72.4,73.31 2 0
lvmsync_go/cmd/lvmsync/cobra.go:73.31,77.5 3 0
lvmsync_go/cmd/lvmsync/cobra.go:78.4,79.33 2 0
lvmsync_go/cmd/lvmsync/cobra.go:79.33,81.5 1 0
lvmsync_go/cmd/lvmsync/cobra.go:82.4,93.5 1 0
lvmsync_go/cmd/lvmsync/cobra.go:95.57,95.95 1 0
lvmsync_go/cmd/lvmsync/cobra.go:104.11,106.16 2 1
lvmsync_go/cmd/lvmsync/cobra.go:106.16,108.3 1 1
lvmsync_go/cmd/lvmsync/cobra.go:109.2,109.20 1 1
lvmsync_go/cmd/lvmsync/cobra.go:109.20,111.3 1 1
lvmsync_go/cmd/lvmsync/cobra.go:112.2,112.19 1 1
lvmsync_go/cmd/lvmsync/cobra.go:112.19,114.3 1 1
lvmsync_go/cmd/lvmsync/cobra.go:115.2,115.10 1 1
lvmsync_go/cmd/lvmsync/cobra.go:119.63,120.14 1 1
lvmsync_go/cmd/lvmsync/cobra.go:120.14,122.3 1 1
lvmsync_go/cmd/lvmsync/cobra.go:123.2,132.55 2 1
lvmsync_go/cmd/lvmsync/cobra.go:132.55,134.18 2 1
lvmsync_go/cmd/lvmsync/cobra.go:134.18,136.5 1 0
lvmsync_go/cmd/lvmsync/cobra.go:137.4,140.18 4 1
lvmsync_go/cmd/lvmsync/cobra.go:140.18,142.5 1 1
lvmsync_go/cmd/lvmsync/cobra.go:143.4,143.28 1 1
lvmsync_go/cmd/lvmsync/cobra.go:143.28,145.12 2 1
lvmsync_go/cmd/lvmsync/cobra.go:146.61,151.7 2 0
lvmsync_go/cmd/lvmsync/cobra.go:152.56,153.77 1 1
lvmsync_go/cmd/lvmsync/cobra.go:155.5,155.52 1 1
lvmsync_go/cmd/lvmsync/cobra.go:157.4,157.27 1 1
lvmsync_go/cmd/lvmsync/cobra.go:157.27,160.5 2 0
lvmsync_go/cmd/lvmsync/cobra.go:161.4,161.22 1 1
lvmsync_go/cmd/lvmsync/cobra.go:161.22,163.25 2 1
lvmsync_go/cmd/lvmsync/cobra.go:163.25,165.6 1 1
lvmsync_go/cmd/lvmsync/cobra.go:166.5,166.19 1 1
lvmsync_go/cmd/lvmsync/cobra.go:166.19,168.6 1 0
lvmsync_go/cmd/lvmsync/cobra.go:169.5,170.35 2 1
lvmsync_go/cmd/lvmsync/cobra.go:172.4,172.18 1 1
lvmsync_go/cmd/lvmsync/cobra.go:172.18,173.71 1 1
lvmsync_go/cmd/lvmsync/cobra.go:173.71,175.6 1 0
lvmsync_go/cmd/lvmsync/cobra.go:176.5,176.15 1 1
lvmsync_go/cmd/lvmsync/cobra.go:178.4,190.58 2 1
lvmsync_go/cmd/lvmsync/cobra.go:194.2,203.55 2 1
lvmsync_go/cmd/lvmsync/cobra.go:203.55,205.18 2 1
lvmsync_go/cmd/lvmsync/cobra.go:205.18,207.5 1 0
lvmsync_go/cmd/lvmsync/cobra.go:208.4,216.18 9 1
lvmsync_go/cmd/lvmsync/cobra.go:216.18,218.5 1 1
lvmsync_go/cmd/lvmsync/cobra.go:219.4,219.28 1 1
lvmsync_go/cmd/lvmsync/cobra.go:219.28,221.12 2 0
lvmsync_go/cmd/lvmsync/cobra.go:222.61,227.7 2 0
lvmsync_go/cmd/lvmsync/cobra.go:228.56,229.77 1 0
lvmsync_go/cmd/lvmsync/cobra.go:231.5,231.52 1 0
lvmsync_go/cmd/lvmsync/cobra.go:233.4,233.27 1 1
lvmsync_go/cmd/lvmsync/cobra.go:233.27,236.5 2 0
lvmsync_go/cmd/lvmsync/cobra.go:237.4,237.55 1 1
lvmsync_go/cmd/lvmsync/cobra.go:240.2,246.55 2 1
lvmsync_go/cmd/lvmsync/cobra.go:246.55,248.4 1 1
lvmsync_go/cmd/lvmsync/cobra.go:251.2,252.16 2 1
lvmsync_go/cmd/lvmsync/cobra.go:257.55,259.2 1 0
lvmsync_go/cmd/lvmsync/cobra.go:263.76,266.17 3 1
lvmsync_go/cmd/lvmsync/cobra.go:266.17,268.3 1 1
lvmsync_go/cmd/lvmsync/cobra.go:269.2,269.22 1 1
lvmsync_go/cmd/lvmsync/cobra.go:272.81,274.16 2 1
lvmsync_go/cmd/lvmsync/cobra.go:274.16,276.3 1 1
lvmsync_go/cmd/lvmsync/cobra.go:277.2,279.28 2 1
lvmsync_go/cmd/lvmsync/cobra.go:279.28,288.3 3 1
lvmsync_go/cmd/lvmsync/cobra.go:290.2,291.16 2 1
lvmsync_go/cmd/lvmsync/cobra.go:291.16,293.3 1 1
lvmsync_go/cmd/lvmsync/cobra.go:294.2,297.16 3 1
lvmsync_go/cmd/lvmsync/cobra.go:297.16,299.3 1 0
lvmsync_go/cmd/lvmsync/cobra.go:300.2,304.19 4 1
lvmsync_go/cmd/lvmsync/cobra.go:304.19,306.3 1 0
lvmsync_go/cmd/lvmsync/cobra.go:307.2,308.37 2 1
lvmsync_go/cmd/lvmsync/cobra.go:308.37,310.3 1 0
lvmsync_go/cmd/lvmsync/cobra.go:312.2,313.39 2 1
lvmsync_go/cmd/lvmsync/cobra.go:313.39,315.23 2 1
lvmsync_go/cmd/lvmsync/cobra.go:315.23,317.4 1 0
lvmsync_go/cmd/lvmsync/cobra.go:318.3,319.17 2 1
lvmsync_go/cmd/lvmsync/cobra.go:319.17,321.4 1 0
lvmsync_go/cmd/lvmsync/cobra.go:322.3,324.34 3 1
lvmsync_go/cmd/lvmsync/cobra.go:324.34,326.4 1 0
lvmsync_go/cmd/lvmsync/cobra.go:327.3,330.60 4 1
lvmsync_go/cmd/lvmsync/cobra.go:330.60,330.77 1 1
lvmsync_go/cmd/lvmsync/cobra.go:330.79,332.4 1 1
lvmsync_go/cmd/lvmsync/cobra.go:333.3,333.20 1 1
lvmsync_go/cmd/lvmsync/cobra.go:333.20,334.9 1 0
lvmsync_go/cmd/lvmsync/cobra.go:338.2,339.17 2 1
lvmsync_go/cmd/lvmsync/cobra.go:339.17,341.3 1 1
lvmsync_go/cmd/lvmsync/cobra.go:342.2,351.12 4 1
lvmsync_go/cmd/lvmsync/signals/signals.go:25.158,27.2 1 0
lvmsync_go/cmd/lvmsync/signals/signals.go:35.26,35.80 1 0
lvmsync_go/cmd/lvmsync/signals/signals.go:38.89,40.2 1 1
lvmsync_go/cmd/lvmsync/signals/signals.go:44.154,47.87 3 1
lvmsync_go/cmd/lvmsync/signals/signals.go:47.87,50.72 3 1
lvmsync_go/cmd/lvmsync/signals/signals.go:50.72,52.4 1 1
lvmsync_go/cmd/lvmsync/signals/signals.go:52.9,54.4 1 1
lvmsync_go/cmd/lvmsync/signals/signals.go:56.2,56.49 1 1
lvmsync_go/cmd/lvmsyncd/lvmsyncd.go:45.54,47.25 2 1
lvmsync_go/cmd/lvmsyncd/lvmsyncd.go:47.25,48.14 1 1
lvmsync_go/cmd/lvmsyncd/lvmsyncd.go:48.14,50.4 1 1
lvmsync_go/cmd/lvmsyncd/lvmsyncd.go:52.2,52.10 1 1
lvmsync_go/cmd/lvmsyncd/lvmsyncd.go:55.43,68.2 1 1
lvmsync_go/cmd/lvmsyncd/lvmsyncd.go:70.58,83.41 13 1
lvmsync_go/cmd/lvmsyncd/lvmsyncd.go:83.41,85.3 1 0
lvmsync_go/cmd/lvmsyncd/lvmsyncd.go:86.2,89.12 4 1
lvmsync_go/cmd/lvmsyncd/lvmsyncd.go:92.51,99.52 3 1
lvmsync_go/cmd/lvmsyncd/lvmsyncd.go:99.52,104.4 4 1
lvmsync_go/cmd/lvmsyncd/lvmsyncd.go:106.2,106.42 1 1
lvmsync_go/cmd/lvmsyncd/lvmsyncd.go:106.42,108.3 1 0
lvmsync_go/cmd/lvmsyncd/lvmsyncd.go:109.2,110.22 2 1
lvmsync_go/cmd/lvmsyncd/lvmsyncd.go:115.57,115.84 1 0
lvmsync_go/cmd/lvmsyncd/lvmsyncd.go:116.57,116.86 1 0
lvmsync_go/cmd/lvmsyncd/lvmsyncd.go:117.57,117.71 1 0
lvmsync_go/cmd/lvmsyncd/lvmsyncd.go:118.57,118.86 1 0
lvmsync_go/cmd/lvmsyncd/lvmsyncd.go:119.57,119.86 1 0
lvmsync_go/cmd/lvmsyncd/lvmsyncd.go:120.57,120.71 1 0
lvmsync_go/cmd/lvmsyncd/lvmsyncd.go:121.57,121.71 1 0
lvmsync_go/cmd/lvmsyncd/lvmsyncd.go:122.57,122.71 1 0
lvmsync_go/cmd/lvmsyncd/lvmsyncd.go:126.37,126.57 1 0
lvmsync_go/cmd/lvmsyncd/lvmsyncd.go:127.37,127.57 1 0
lvmsync_go/cmd/lvmsyncd/lvmsyncd.go:134.58,136.28 2 1
lvmsync_go/cmd/lvmsyncd/lvmsyncd.go:136.28,137.14 1 1
lvmsync_go/cmd/lvmsyncd/lvmsyncd.go:137.14,138.12 1 0
lvmsync_go/cmd/lvmsyncd/lvmsyncd.go:140.3,141.17 2 1
lvmsync_go/cmd/lvmsyncd/lvmsyncd.go:141.17,143.4 1 0
lvmsync_go/cmd/lvmsyncd/lvmsyncd.go:144.3,144.21 1 1
lvmsync_go/cmd/lvmsyncd/lvmsyncd.go:144.21,146.4 1 0
lvmsync_go/cmd/lvmsyncd/lvmsyncd.go:147.3,148.17 2 1
lvmsync_go/cmd/lvmsyncd/lvmsyncd.go:148.17,150.4 1 0
lvmsync_go/cmd/lvmsyncd/lvmsyncd.go:151.3,151.66 1 1
lvmsync_go/cmd/lvmsyncd/lvmsyncd.go:153.2,153.19 1 1
lvmsync_go/cmd/lvmsyncd/lvmsyncd.go:156.73,158.25 2 1
lvmsync_go/cmd/lvmsyncd/lvmsyncd.go:158.25,159.122 1 1
lvmsync_go/cmd/lvmsyncd/lvmsyncd.go:159.122,161.4 1 1
lvmsync_go/cmd/lvmsyncd/lvmsyncd.go:162.8,164.3 1 1
lvmsync_go/cmd/lvmsyncd/lvmsyncd.go:165.2,165.51 1 1
lvmsync_go/cmd/lvmsyncd/lvmsyncd.go:165.51,167.17 2 0
lvmsync_go/cmd/lvmsyncd/lvmsyncd.go:167.17,169.4 1 0
lvmsync_go/cmd/lvmsyncd/lvmsyncd.go:170.3,170.24 1 0
lvmsync_go/cmd/lvmsyncd/lvmsyncd.go:172.2,172.51 1 1
lvmsync_go/cmd/lvmsyncd/lvmsyncd.go:172.51,174.17 2 0
lvmsync_go/cmd/lvmsyncd/lvmsyncd.go:174.17,176.4 1 0
lvmsync_go/cmd/lvmsyncd/lvmsyncd.go:177.3,177.24 1 0
lvmsync_go/cmd/lvmsyncd/lvmsyncd.go:179.2,179.23 1 1
lvmsync_go/cmd/lvmsyncd/lvmsyncd.go:179.23,181.17 2 0
lvmsync_go/cmd/lvmsyncd/lvmsyncd.go:181.17,183.4 1 0
lvmsync_go/cmd/lvmsyncd/lvmsyncd.go:184.3,185.37 2 0
lvmsync_go/cmd/lvmsyncd/lvmsyncd.go:185.37,187.4 1 0
lvmsync_go/cmd/lvmsyncd/lvmsyncd.go:188.3,188.20 1 0
lvmsync_go/cmd/lvmsyncd/lvmsyncd.go:190.2,191.16 2 1
lvmsync_go/cmd/lvmsyncd/lvmsyncd.go:191.16,193.3 1 0
lvmsync_go/cmd/lvmsyncd/lvmsyncd.go:194.2,194.30 1 1
lvmsync_go/cmd/lvmsyncd/lvmsyncd.go:194.30,196.21 2 0
lvmsync_go/cmd/lvmsyncd/lvmsyncd.go:196.21,198.4 1 0
lvmsync_go/cmd/lvmsyncd/lvmsyncd.go:199.3,200.17 2 0
lvmsync_go/cmd/lvmsyncd/lvmsyncd.go:200.17,202.4 1 0
lvmsync_go/cmd/lvmsyncd/lvmsyncd.go:203.3,204.57 2 0
lvmsync_go/cmd/lvmsyncd/lvmsyncd.go:206.2,206.21 1 1
lvmsync_go/cmd/lvmsyncd/lvmsyncd.go:206.21,208.17 2 0
lvmsync_go/cmd/lvmsyncd/lvmsyncd.go:208.17,210.4 1 0
lvmsync_go/cmd/lvmsyncd/lvmsyncd.go:211.3,211.25 1 0
lvmsync_go/cmd/lvmsyncd/lvmsyncd.go:211.25,213.18 2 0
lvmsync_go/cmd/lvmsyncd/lvmsyncd.go:213.18,215.5 1 0
lvmsync_go/cmd/lvmsyncd/lvmsyncd.go:216.4,218.33 3 0
lvmsync_go/cmd/lvmsyncd/lvmsyncd.go:218.33,220.30 2 0
lvmsync_go/cmd/lvmsyncd/lvmsyncd.go:220.30,222.10 2 0
lvmsync_go/cmd/lvmsyncd/lvmsyncd.go:222.10,224.21 2 0
lvmsync_go/cmd/lvmsyncd/lvmsyncd.go:224.21,225.28 1 0
lvmsync_go/cmd/lvmsyncd/lvmsyncd.go:225.28,227.9 1 0
lvmsync_go/cmd/lvmsyncd/lvmsyncd.go:228.8,229.14 2 0
lvmsync_go/cmd/lvmsyncd/lvmsyncd.go:231.7,231.54 1 0
lvmsync_go/cmd/lvmsyncd/lvmsyncd.go:235.4,236.11 2 0
lvmsync_go/cmd/lvmsyncd/lvmsyncd.go:237.22,240.21 3 0
lvmsync_go/cmd/lvmsyncd/lvmsyncd.go:241.24,242.15 1 0
lvmsync_go/cmd/lvmsyncd/lvmsyncd.go:245.3,245.45 1 0
lvmsync_go/cmd/lvmsyncd/lvmsyncd.go:247.2,249.27 3 1
lvmsync_go/cmd/lvmsyncd/lvmsyncd.go:249.27,251.17 2 1
lvmsync_go/cmd/lvmsyncd/lvmsyncd.go:251.17,253.4 1 0
lvmsync_go/cmd/lvmsyncd/lvmsyncd.go:254.3,254.20 1 1
lvmsync_go/cmd/lvmsyncd/lvmsyncd.go:254.20,256.4 1 0
lvmsync_go/cmd/lvmsyncd/lvmsyncd.go:257.3,258.17 2 1
lvmsync_go/cmd/lvmsyncd/lvmsyncd.go:258.17,260.4 1 0
lvmsync_go/cmd/lvmsyncd/lvmsyncd.go:261.3,262.52 2 1
lvmsync_go/cmd/lvmsyncd/lvmsyncd.go:262.52,264.8 2 1
lvmsync_go/cmd/lvmsyncd/lvmsyncd.go:264.8,266.19 2 1
lvmsync_go/cmd/lvmsyncd/lvmsyncd.go:266.19,267.26 1 1
lvmsync_go/cmd/lvmsyncd/lvmsyncd.go:267.26,269.7 1 1
lvmsync_go/cmd/lvmsyncd/lvmsyncd.go:270.6,271.12 2 0
lvmsync_go/cmd/lvmsyncd/lvmsyncd.go:273.5,273.52 1 0
lvmsync_go/cmd/lvmsyncd/lvmsyncd.go:277.2,277.9 1 1
lvmsync_go/cmd/lvmsyncd/lvmsyncd.go:278.20,280.19 2 1
lvmsync_go/cmd/lvmsyncd/lvmsyncd.go:281.22,282.13 1 0
lvmsync_go/cmd/lvmsyncd/lvmsyncd.go:286.132,289.15 3 1
lvmsync_go/cmd/lvmsyncd/lvmsyncd.go:289.15,292.3 2 1
lvmsync_go/cmd/lvmsyncd/lvmsyncd.go:293.2,293.89 1 1
lvmsync_go/cmd/lvmsyncd/lvmsyncd.go:293.89,296.3 2 0
lvmsync_go/cmd/lvmsyncd/lvmsyncd.go:297.2,299.16 3 1
lvmsync_go/cmd/lvmsyncd/lvmsyncd.go:299.16,301.3 1 0
lvmsync_go/cmd/lvmsyncd/lvmsyncd.go:302.2,303.32 2 1
lvmsync_go/cmd/lvmsyncd/lvmsyncd.go:303.32,306.3 2 1
lvmsync_go/cmd/lvmsyncd/lvmsyncd.go:307.2,308.12 2 1
lvmsync_go/cmd/lvmsyncd/lvmsyncd.go:311.13,313.49 2 0
lvmsync_go/cmd/lvmsyncd/lvmsyncd.go:313.49,315.3 1 0
lvmsync_go/cmd/privdrop/main.go:16.26,21.2 1 0
lvmsync_go/cmd/privdrop/main.go:23.138,25.2 1 1
lvmsync_go/cmd/privdrop/main.go:27.46,29.16 2 1
lvmsync_go/cmd/privdrop/main.go:29.16,32.3 2 1
lvmsync_go/cmd/privdrop/main.go:33.2,33.14 1 1
lvmsync_go/cmd/privdrop/main.go:33.14,35.3 1 1
lvmsync_go/cmd/privdrop/main.go:37.2,37.74 1 1
lvmsync_go/cmd/privdrop/main.go:37.74,40.3 2 1
lvmsync_go/cmd/privdrop/main.go:42.2,43.10 2 1
lvmsync_go/cmd/privdrop/main.go:46.13,52.2 4 0
lvmsync_go/cmd/manifest/rebuild.go:24.26,26.2 1 1
lvmsync_go/cmd/manifest/rebuild.go:33.11,35.2 1 1
lvmsync_go/cmd/manifest/rebuild.go:37.13,40.2 2 1
lvmsync_go/cmd/manifest/rebuild.go:43.83,45.20 2 1
lvmsync_go/cmd/manifest/rebuild.go:45.20,49.3 3 1
lvmsync_go/cmd/manifest/rebuild.go:50.2,50.17 1 1
lvmsync_go/cmd/manifest/rebuild.go:51.17,60.17 9 1
lvmsync_go/cmd/manifest/rebuild.go:60.17,62.4 1 1
lvmsync_go/cmd/manifest/rebuild.go:63.3,63.27 1 1
lvmsync_go/cmd/manifest/rebuild.go:63.27,65.4 1 0
lvmsync_go/cmd/manifest/rebuild.go:66.3,66.26 1 1
lvmsync_go/cmd/manifest/rebuild.go:66.26,69.4 2 1
lvmsync_go/cmd/manifest/rebuild.go:70.3,72.17 3 1
lvmsync_go/cmd/manifest/rebuild.go:72.17,74.4 1 1
lvmsync_go/cmd/manifest/rebuild.go:75.3,76.18 2 1
lvmsync_go/cmd/manifest/rebuild.go:76.18,79.4 2 1
lvmsync_go/cmd/manifest/rebuild.go:80.3,82.31 3 1
lvmsync_go/cmd/manifest/rebuild.go:82.31,85.4 2 1
lvmsync_go/cmd/manifest/rebuild.go:86.3,87.33 2 1
lvmsync_go/cmd/manifest/rebuild.go:87.33,89.4 1 0
lvmsync_go/cmd/manifest/rebuild.go:90.3,90.196 1 1
lvmsync_go/cmd/manifest/rebuild.go:90.196,93.4 2 0
lvmsync_go/cmd/manifest/rebuild.go:94.3,95.13 2 1
lvmsync_go/cmd/manifest/rebuild.go:96.12,97.21 1 1
lvmsync_go/cmd/manifest/rebuild.go:97.21,101.4 3 1
lvmsync_go/cmd/manifest/rebuild.go:102.3,104.17 3 1
lvmsync_go/cmd/manifest/rebuild.go:104.17,107.4 2 0
lvmsync_go/cmd/manifest/rebuild.go:108.3,108.36 1 1
lvmsync_go/cmd/manifest/rebuild.go:108.36,111.4 2 0
lvmsync_go/cmd/manifest/rebuild.go:112.3,113.13 2 1
lvmsync_go/cmd/manifest/rebuild.go:114.17,115.21 1 1
lvmsync_go/cmd/manifest/rebuild.go:115.21,119.4 3 1
lvmsync_go/cmd/manifest/rebuild.go:120.3,122.17 3 1
lvmsync_go/cmd/manifest/rebuild.go:122.17,125.4 2 0
lvmsync_go/cmd/manifest/rebuild.go:126.3,126.41 1 1
lvmsync_go/cmd/manifest/rebuild.go:126.41,129.4 2 0
lvmsync_go/cmd/manifest/rebuild.go:130.3,131.13 2 1
lvmsync_go/cmd/manifest/rebuild.go:132.10,135.68 3 0
lvmsync_go/cmd/manifest/rebuild.go:140.71,142.2 1 1
lvmsync_go/main.go:27.26,33.37 1 0
lvmsync_go/main.go:33.37,35.18 2 0
lvmsync_go/main.go:35.18,37.5 1 0
lvmsync_go/main.go:38.4,38.17 1 0
lvmsync_go/main.go:52.11,61.2 1 1
lvmsync_go/main.go:64.24,65.23 1 1
lvmsync_go/main.go:65.23,71.3 5 1
lvmsync_go/main.go:73.2,74.16 2 1
lvmsync_go/main.go:74.16,80.3 5 1
lvmsync_go/main.go:81.2,81.53 1 1
lvmsync_go/main.go:81.53,86.3 4 1
lvmsync_go/main.go:87.2,88.21 2 1
lvmsync_go/main.go:91.13,93.2 1 0
lvmsync_go/version.go:6.13,6.28 1 1
lvmsync_go/cmd/serve/serve.go:25.26,30.33 1 1
lvmsync_go/cmd/serve/serve.go:30.33,33.18 2 0
lvmsync_go/cmd/serve/serve.go:33.18,35.5 1 0
lvmsync_go/cmd/serve/serve.go:36.4,36.17 1 0
lvmsync_go/cmd/serve/serve.go:41.152,43.20 2 1
lvmsync_go/cmd/serve/serve.go:43.20,45.3 1 0
lvmsync_go/cmd/serve/serve.go:46.2,46.21 1 1
lvmsync_go/cmd/serve/serve.go:46.21,48.3 1 1
lvmsync_go/cmd/serve/serve.go:49.2,49.21 1 1
lvmsync_go/cmd/serve/serve.go:49.21,51.3 1 1
lvmsync_go/cmd/serve/serve.go:52.2,52.23 1 1
lvmsync_go/cmd/serve/serve.go:52.23,54.3 1 1
lvmsync_go/cmd/serve/serve.go:55.2,55.10 1 1
lvmsync_go/cmd/serve/serve.go:58.37,63.2 4 1
lvmsync_go/cmd/serve/serve.go:65.52,69.50 1 1
lvmsync_go/cmd/serve/serve.go:69.50,72.4 2 1
lvmsync_go/cmd/serve/serve.go:76.2,76.53 1 1
lvmsync_go/cmd/serve/serve.go:76.53,78.3 1 0
lvmsync_go/cmd/serve/serve.go:79.2,79.12 1 1
lvmsync_go/cmd/serve/serve.go:82.49,85.38 3 1
lvmsync_go/cmd/serve/serve.go:85.38,87.3 1 1
lvmsync_go/cmd/serve/serve.go:88.2,88.10 1 0
lvmsync_go/cmd/serve/serve.go:91.13,91.45 1 0
lvmsync_go/cmd/root/plan.go:40.54,41.16 1 1
lvmsync_go/cmd/root/plan.go:41.16,43.3 1 0
lvmsync_go/cmd/root/plan.go:44.2,53.12 10 1
lvmsync_go/cmd/root/plan.go:56.76,57.19 1 0
lvmsync_go/cmd/root/plan.go:57.19,59.3 1 0
lvmsync_go/cmd/root/plan.go:60.2,61.16 2 0
lvmsync_go/cmd/root/plan.go:61.16,63.3 1 0
lvmsync_go/cmd/root/plan.go:64.2,72.23 4 0
lvmsync_go/cmd/root/plan.go:75.74,77.16 2 0
lvmsync_go/cmd/root/plan.go:77.16,79.3 1 0
lvmsync_go/cmd/root/plan.go:80.2,81.28 2 0
lvmsync_go/cmd/root/plan.go:81.28,83.3 1 0
lvmsync_go/cmd/root/plan.go:84.2,85.16 2 0
lvmsync_go/cmd/root/plan.go:85.16,87.3 1 0
lvmsync_go/cmd/root/plan.go:88.2,90.16 3 0
lvmsync_go/cmd/root/plan.go:90.16,92.3 1 0
lvmsync_go/cmd/root/plan.go:93.2,96.19 4 0
lvmsync_go/cmd/root/plan.go:96.19,98.3 1 0
lvmsync_go/cmd/root/plan.go:99.2,100.37 2 0
lvmsync_go/cmd/root/plan.go:100.37,102.3 1 0
lvmsync_go/cmd/root/plan.go:103.2,104.39 2 0
lvmsync_go/cmd/root/plan.go:104.39,106.23 2 0
lvmsync_go/cmd/root/plan.go:106.23,108.4 1 0
lvmsync_go/cmd/root/plan.go:109.3,110.17 2 0
lvmsync_go/cmd/root/plan.go:110.17,112.4 1 0
lvmsync_go/cmd/root/plan.go:113.3,115.34 3 0
lvmsync_go/cmd/root/plan.go:115.34,117.4 1 0
lvmsync_go/cmd/root/plan.go:118.3,121.60 4 0
lvmsync_go/cmd/root/plan.go:121.60,121.77 1 0
lvmsync_go/cmd/root/plan.go:121.79,123.4 1 0
lvmsync_go/cmd/root/plan.go:124.3,124.20 1 0
lvmsync_go/cmd/root/plan.go:124.20,125.9 1 0
lvmsync_go/cmd/root/plan.go:128.2,129.17 2 0
lvmsync_go/cmd/root/plan.go:129.17,131.3 1 0
lvmsync_go/cmd/root/plan.go:132.2,133.23 2 0
lvmsync_go/cmd/root/plan.go:136.74,138.43 2 0
lvmsync_go/cmd/root/plan.go:138.43,140.3 1 0
lvmsync_go/cmd/root/plan.go:141.2,143.57 3 0
lvmsync_go/cmd/root/plan.go:143.57,145.27 2 0
lvmsync_go/cmd/root/plan.go:145.27,146.13 1 0
lvmsync_go/cmd/root/plan.go:146.13,149.5 2 0
lvmsync_go/cmd/root/plan.go:151.8,151.30 1 0
lvmsync_go/cmd/root/plan.go:151.30,154.3 2 0
lvmsync_go/cmd/root/plan.go:155.2,155.12 1 0
lvmsync_go/cmd/root/plan.go:158.96,159.42 1 0
lvmsync_go/cmd/root/plan.go:159.42,160.19 1 0
lvmsync_go/cmd/root/plan.go:161.14,162.21 1 0
lvmsync_go/cmd/root/plan.go:162.21,164.5 1 0
lvmsync_go/cmd/root/plan.go:165.4,165.26 1 0
lvmsync_go/cmd/root/plan.go:166.15,167.22 1 0
lvmsync_go/cmd/root/plan.go:167.22,169.5 1 0
lvmsync_go/cmd/root/plan.go:170.4,170.28 1 0
lvmsync_go/cmd/root/plan.go:171.11,172.29 1 0
lvmsync_go/cmd/root/plan.go:175.2,175.28 1 0
lvmsync_go/cmd/root/plan.go:175.28,176.20 1 0
lvmsync_go/cmd/root/plan.go:176.20,178.4 1 0
lvmsync_go/cmd/root/plan.go:179.3,179.25 1 0
lvmsync_go/cmd/root/plan.go:181.2,181.52 1 0
lvmsync_go/cmd/root/plan.go:181.52,182.21 1 0
lvmsync_go/cmd/root/plan.go:182.21,184.4 1 0
lvmsync_go/cmd/root/plan.go:184.9,184.39 1 0
lvmsync_go/cmd/root/plan.go:184.39,186.4 1 0
lvmsync_go/cmd/root/plan.go:187.3,187.27 1 0
lvmsync_go/cmd/root/plan.go:189.2,189.19 1 0
lvmsync_go/cmd/root/plan.go:189.19,191.3 1 0
lvmsync_go/cmd/root/plan.go:192.2,192.24 1 0
lvmsync_go/cmd/root/plan.go:195.35,197.42 2 0
lvmsync_go/cmd/root/plan.go:197.42,199.14 2 0
lvmsync_go/cmd/root/plan.go:199.14,201.4 1 0
lvmsync_go/cmd/root/plan.go:203.2,203.12 1 0
lvmsync_go/cmd/root/root.go:39.26,44.96 1 1
lvmsync_go/cmd/root/root.go:44.96,46.4 1 1
lvmsync_go/cmd/root/root.go:47.119,49.4 1 0
lvmsync_go/cmd/root/root.go:50.84,52.4 1 0
lvmsync_go/cmd/root/root.go:53.62,55.4 1 0
lvmsync_go/cmd/root/root.go:60.46,62.17 2 1
lvmsync_go/cmd/root/root.go:62.17,64.3 1 0
lvmsync_go/cmd/root/root.go:65.2,65.37 1 1
lvmsync_go/cmd/root/root.go:65.37,67.3 1 1
lvmsync_go/cmd/root/root.go:68.2,68.35 1 1
lvmsync_go/cmd/root/root.go:68.35,70.3 1 1
lvmsync_go/cmd/root/root.go:71.2,71.33 1 1
lvmsync_go/cmd/root/root.go:71.33,73.3 1 1
lvmsync_go/cmd/root/root.go:74.2,74.35 1 1
lvmsync_go/cmd/root/root.go:74.35,76.3 1 1
lvmsync_go/cmd/root/root.go:77.2,77.27 1 1
lvmsync_go/cmd/root/root.go:77.27,79.3 1 0
lvmsync_go/cmd/root/root.go:80.2,80.31 1 1
lvmsync_go/cmd/root/root.go:80.31,82.3 1 1
lvmsync_go/cmd/root/root.go:83.2,83.29 1 1
lvmsync_go/cmd/root/root.go:83.29,85.3 1 1
lvmsync_go/cmd/root/root.go:86.2,86.10 1 1
lvmsync_go/cmd/root/root.go:92.106,94.2 1 0
lvmsync_go/cmd/root/root.go:97.97,99.2 1 0
lvmsync_go/cmd/root/root.go:102.77,104.2 1 0
lvmsync_go/cmd/root/root.go:107.59,109.2 1 0
lvmsync_go/cmd/root/root.go:112.37,113.38 1 1
lvmsync_go/cmd/root/root.go:113.38,115.3 1 1
lvmsync_go/cmd/root/root.go:121.101,123.16 2 1
lvmsync_go/cmd/root/root.go:123.16,125.3 1 0
lvmsync_go/cmd/root/root.go:126.2,129.16 4 1
lvmsync_go/cmd/root/root.go:129.16,131.3 1 1
lvmsync_go/cmd/root/root.go:132.2,132.37 1 1
lvmsync_go/cmd/root/root.go:132.37,133.42 1 1
lvmsync_go/cmd/root/root.go:133.42,137.36 4 0
lvmsync_go/cmd/root/root.go:137.36,139.5 1 0
lvmsync_go/cmd/root/root.go:140.9,142.4 1 1
lvmsync_go/cmd/root/root.go:144.2,146.16 3 1
lvmsync_go/cmd/root/root.go:146.16,148.3 1 1
lvmsync_go/cmd/root/root.go:149.2,149.39 1 1
lvmsync_go/cmd/root/root.go:149.39,151.3 1 1
lvmsync_go/cmd/root/root.go:152.2,152.38 1 1
lvmsync_go/cmd/root/root.go:152.38,154.3 1 0
lvmsync_go/cmd/root/root.go:155.2,156.16 2 1
lvmsync_go/cmd/root/root.go:156.16,158.3 1 0
lvmsync_go/cmd/root/root.go:159.2,159.26 1 1
lvmsync_go/cmd/root/root.go:159.26,161.10 2 0
lvmsync_go/cmd/root/root.go:162.59,167.5 2 0
lvmsync_go/cmd/root/root.go:168.54,169.75 1 0
lvmsync_go/cmd/root/root.go:171.3,171.50 1 0
lvmsync_go/cmd/root/root.go:173.2,190.31 2 1
lvmsync_go/cmd/root/root.go:195.65,197.2 1 1
lvmsync_go/cmd/root/root.go:200.154,202.2 1 0
lvmsync_go/cmd/root/root.go:205.165,206.87 1 1
lvmsync_go/cmd/root/root.go:206.87,209.3 2 0
lvmsync_go/cmd/root/root.go:213.142,215.2 1 0
lvmsync_go/cmd/root/root.go:218.153,220.2 1 0
lvmsync_go/cmd/root/root.go:223.106,224.19 1 1
lvmsync_go/cmd/root/root.go:224.19,225.18 1 1
lvmsync_go/cmd/root/root.go:226.19,227.55 1 1
lvmsync_go/cmd/root/root.go:228.17,229.48 1 1
lvmsync_go/cmd/root/root.go:232.2,232.19 1 1
lvmsync_go/cmd/root/root.go:235.160,236.60 1 1
lvmsync_go/cmd/root/root.go:236.60,238.3 1 1
lvmsync_go/cmd/root/root.go:240.2,245.77 4 1
lvmsync_go/cmd/root/root.go:245.77,250.3 4 0
lvmsync_go/cmd/root/root.go:252.2,254.21 3 1
lvmsync_go/cmd/root/root.go:254.21,256.3 1 1
lvmsync_go/cmd/root/root.go:257.2,257.75 1 1
lvmsync_go/cmd/root/root.go:257.75,259.17 2 1
lvmsync_go/cmd/root/root.go:259.17,260.122 1 0
lvmsync_go/cmd/root/root.go:260.122,261.26 1 0
lvmsync_go/cmd/root/root.go:261.26,265.6 3 0
lvmsync_go/cmd/root/root.go:266.5,266.44 1 0
lvmsync_go/cmd/root/root.go:266.44,269.53 3 0
lvmsync_go/cmd/root/root.go:269.53,273.7 3 0
lvmsync_go/cmd/root/root.go:274.11,274.29 1 0
lvmsync_go/cmd/root/root.go:274.29,278.6 3 0
lvmsync_go/cmd/root/root.go:283.2,284.16 2 1
lvmsync_go/cmd/root/root.go:284.16,287.25 3 1
lvmsync_go/cmd/root/root.go:287.25,289.4 1 0
lvmsync_go/cmd/root/root.go:290.3,290.77 1 1
lvmsync_go/cmd/root/root.go:292.2,294.20 2 1
lvmsync_go/cmd/root/root.go:294.20,295.25 1 1
lvmsync_go/cmd/root/root.go:295.25,297.4 1 1
lvmsync_go/cmd/root/root.go:298.3,299.11 2 1
lvmsync_go/cmd/root/root.go:301.2,301.74 1 1
lvmsync_go/cmd/root/root.go:304.163,306.2 1 1
lvmsync_go/cmd/root/root.go:308.83,311.27 3 1
lvmsync_go/cmd/root/root.go:311.27,313.3 1 1
lvmsync_go/cmd/root/root.go:314.2,314.14 1 1
lvmsync_go/cmd/root/root.go:314.14,316.3 1 0
lvmsync_go/cmd/root/root.go:318.2,319.16 2 1
lvmsync_go/cmd/root/root.go:319.16,321.3 1 1
lvmsync_go/cmd/root/root.go:322.2,324.88 2 1
lvmsync_go/cmd/root/root.go:328.71,330.2 1 1
lvmsync_go/cmd/root/root.go:333.22,335.16 2 1
lvmsync_go/cmd/root/root.go:335.16,337.3 1 1
lvmsync_go/cmd/root/root.go:338.2,338.47 1 1
lvmsync_go/cmd/root/root.go:338.47,342.3 3 1
lvmsync_go/cmd/root/root.go:343.2,344.12 2 0
lvmsync_go/cmd/root/root.go:348.30,349.16 1 0
lvmsync_go/cmd/root/root.go:349.16,351.3 1 0
lvmsync_go/cmd/root/root.go:352.2,353.9 2 0
lvmsync_go/cmd/root/root.go:354.48,355.32 1 0
lvmsync_go/cmd/root/root.go:356.182,357.28 1 0
lvmsync_go/cmd/root/root.go:358.45,359.34 1 0
lvmsync_go/cmd/root/root.go:360.77,361.31 1 0
lvmsync_go/cmd/root/root.go:362.51,363.39 1 0
lvmsync_go/cmd/root/root.go:364.39,365.28 1 0
lvmsync_go/cmd/root/root.go:366.83,367.28 1 0
lvmsync_go/cmd/root/root.go:368.75,369.29 1 0
lvmsync_go/cmd/root/root.go:370.10,371.29 1 0
lvmsync_go/common/closer.go:11.62,12.19 1 1
lvmsync_go/common/closer.go:12.19,14.3 1 0
lvmsync_go/common/closer.go:15.2,15.49 1 1
lvmsync_go/common/closer.go:15.49,16.18 1 1
lvmsync_go/common/closer.go:16.18,18.4 1 0
lvmsync_go/common/closer.go:19.3,19.19 1 1
lvmsync_go/common/closer.go:19.19,21.4 1 1
lvmsync_go/common/closer.go:21.9,23.4 1 1
lvmsync_go/common/handshake.go:45.32,48.15 3 1
lvmsync_go/common/handshake.go:48.15,50.3 1 1
lvmsync_go/common/handshake.go:51.2,51.14 1 0
lvmsync_go/common/handshake.go:56.36,58.47 2 1
lvmsync_go/common/handshake.go:58.47,60.3 1 0
lvmsync_go/common/handshake.go:61.2,61.39 1 1
lvmsync_go/common/handshake.go:66.53,69.24 2 1
lvmsync_go/common/handshake.go:69.24,71.3 1 1
lvmsync_go/common/handshake.go:72.2,72.21 1 1
lvmsync_go/common/handshake.go:72.21,74.3 1 1
lvmsync_go/common/handshake.go:75.2,75.23 1 1
lvmsync_go/common/handshake.go:75.23,77.3 1 1
lvmsync_go/common/handshake.go:78.2,78.25 1 1
lvmsync_go/common/handshake.go:78.25,80.3 1 1
lvmsync_go/common/handshake.go:81.2,81.15 1 1
lvmsync_go/common/handshake.go:81.15,83.3 1 1
lvmsync_go/common/handshake.go:84.2,84.23 1 1
lvmsync_go/common/handshake.go:84.23,86.3 1 1
lvmsync_go/common/handshake.go:87.2,87.18 1 1
lvmsync_go/common/handshake.go:87.18,89.3 1 1
lvmsync_go/common/handshake.go:90.2,90.18 1 1
lvmsync_go/common/handshake.go:90.18,92.3 1 1
lvmsync_go/common/handshake.go:93.2,93.18 1 1
lvmsync_go/common/handshake.go:93.18,95.3 1 1
lvmsync_go/common/handshake.go:96.2,96.18 1 1
lvmsync_go/common/handshake.go:96.18,98.3 1 1
lvmsync_go/common/handshake.go:99.2,99.24 1 1
lvmsync_go/common/handshake.go:99.24,101.3 1 1
lvmsync_go/common/handshake.go:103.2,103.27 1 1
lvmsync_go/common/handshake.go:103.27,105.3 1 1
lvmsync_go/common/handshake.go:106.2,106.28 1 1
lvmsync_go/common/handshake.go:106.28,108.3 1 1
lvmsync_go/common/handshake.go:109.2,109.24 1 1
lvmsync_go/common/handshake.go:109.24,111.3 1 1
lvmsync_go/common/handshake.go:113.2,113.14 1 1
lvmsync_go/common/handshake.go:113.14,115.3 1 0
lvmsync_go/common/handshake.go:116.2,116.21 1 1
lvmsync_go/common/handshake.go:116.21,118.3 1 1
lvmsync_go/common/handshake.go:118.8,118.23 1 1
lvmsync_go/common/handshake.go:118.23,120.3 1 1
lvmsync_go/common/handshake.go:122.2,122.23 1 1
lvmsync_go/common/handshake.go:122.23,124.3 1 1
lvmsync_go/common/handshake.go:125.2,125.22 1 1
lvmsync_go/common/handshake.go:125.22,127.3 1 0
lvmsync_go/common/handshake.go:128.2,129.20 2 1
lvmsync_go/common/handshake.go:129.20,131.3 1 1
lvmsync_go/common/handshake.go:132.2,132.26 1 1
lvmsync_go/common/handshake.go:132.26,134.3 1 1
lvmsync_go/common/handshake.go:136.2,136.70 1 1
lvmsync_go/common/handshake.go:136.70,138.3 1 0
lvmsync_go/common/handshake.go:139.2,139.12 1 1
lvmsync_go/common/handshake.go:145.56,147.16 2 1
lvmsync_go/common/handshake.go:147.16,149.3 1 0
lvmsync_go/common/handshake.go:150.2,151.47 2 1
lvmsync_go/common/handshake.go:151.47,153.3 1 0
lvmsync_go/common/handshake.go:154.2,156.41 3 1
lvmsync_go/common/handshake.go:156.41,157.10 1 1
lvmsync_go/common/handshake.go:158.43,159.53 1 1
lvmsync_go/common/handshake.go:160.44,161.70 1 1
lvmsync_go/common/handshake.go:162.42,163.51 1 1
lvmsync_go/common/handshake.go:164.45,165.72 1 1
lvmsync_go/common/handshake.go:166.40,167.47 1 1
lvmsync_go/common/handshake.go:168.41,169.64 1 1
lvmsync_go/common/handshake.go:170.39,172.18 2 1
lvmsync_go/common/handshake.go:172.18,174.5 1 1
lvmsync_go/common/handshake.go:175.4,175.25 1 1
lvmsync_go/common/handshake.go:176.40,177.51 1 1
lvmsync_go/common/handshake.go:178.39,180.18 2 1
lvmsync_go/common/handshake.go:180.18,182.5 1 1
lvmsync_go/common/handshake.go:183.4,183.20 1 1
lvmsync_go/common/handshake.go:184.39,185.49 1 1
lvmsync_go/common/handshake.go:186.40,187.52 1 1
lvmsync_go/common/handshake.go:188.23,189.20 1 1
lvmsync_go/common/handshake.go:190.42,192.18 2 1
lvmsync_go/common/handshake.go:192.18,194.5 1 1
lvmsync_go/common/handshake.go:195.4,195.21 1 1
lvmsync_go/common/handshake.go:196.40,198.18 2 1
lvmsync_go/common/handshake.go:198.18,200.5 1 1
lvmsync_go/common/handshake.go:201.4,201.16 1 1
lvmsync_go/common/handshake.go:202.40,204.18 2 1
lvmsync_go/common/handshake.go:204.18,206.5 1 1
lvmsync_go/common/handshake.go:207.4,207.16 1 1
lvmsync_go/common/handshake.go:208.40,210.18 2 1
lvmsync_go/common/handshake.go:210.18,212.5 1 1
lvmsync_go/common/handshake.go:213.4,213.16 1 1
lvmsync_go/common/handshake.go:214.38,215.43 1 1
lvmsync_go/common/handshake.go:216.37,217.48 1 1
lvmsync_go/common/handshake.go:218.22,219.19 1 0
lvmsync_go/common/handshake.go:220.24,221.21 1 1
lvmsync_go/common/handshake.go:222.30,224.26 2 0
lvmsync_go/common/handshake.go:227.2,227.22 1 1
lvmsync_go/common/handshake.go:227.22,229.3 1 0
lvmsync_go/common/handshake.go:230.2,230.15 1 1
lvmsync_go/common/handshake.go:236.48,237.21 1 1
lvmsync_go/common/handshake.go:237.21,239.3 1 1
lvmsync_go/common/handshake.go:240.2,240.22 1 1
lvmsync_go/common/handshake.go:240.22,242.3 1 0
lvmsync_go/common/handshake.go:244.2,245.27 2 1
lvmsync_go/common/handshake.go:245.27,247.3 1 1
lvmsync_go/common/handshake.go:248.2,248.26 1 1
lvmsync_go/common/handshake.go:248.26,249.32 1 1
lvmsync_go/common/handshake.go:249.32,251.4 1 1
lvmsync_go/common/handshake.go:253.2,253.17 1 1
lvmsync_go/common/handshake.go:256.39,257.13 1 1
lvmsync_go/common/handshake.go:257.13,259.3 1 0
lvmsync_go/common/handshake.go:260.2,262.26 3 1
lvmsync_go/common/handshake.go:262.26,264.14 2 1
lvmsync_go/common/handshake.go:264.14,266.4 1 1
lvmsync_go/common/handshake.go:268.2,268.12 1 1
lvmsync_go/common/handshake_merge.go:8.54,9.27 1 1
lvmsync_go/common/handshake_merge.go:9.27,11.3 1 1
lvmsync_go/common/handshake_merge.go:12.2,12.26 1 1
lvmsync_go/common/handshake_merge.go:12.26,14.3 1 1
lvmsync_go/common/handshake_merge.go:15.2,15.24 1 1
lvmsync_go/common/handshake_merge.go:15.24,17.3 1 1
lvmsync_go/common/handshake_merge.go:18.2,18.14 1 1
lvmsync_go/common/handshake_validate.go:6.53,7.62 1 1
lvmsync_go/common/handshake_validate.go:7.62,8.70 1 1
lvmsync_go/common/handshake_validate.go:8.70,10.4 1 1
lvmsync_go/common/handshake_validate.go:12.2,12.59 1 1
lvmsync_go/common/handshake_validate.go:12.59,13.66 1 1
lvmsync_go/common/handshake_validate.go:13.66,15.4 1 1
lvmsync_go/common/handshake_validate.go:17.2,17.92 1 1
lvmsync_go/common/handshake_validate.go:17.92,19.3 1 1
lvmsync_go/common/handshake_validate.go:20.2,20.84 1 1
lvmsync_go/common/handshake_validate.go:20.84,22.3 1 1
lvmsync_go/common/handshake_validate.go:23.2,23.88 1 1
lvmsync_go/common/handshake_validate.go:23.88,25.3 1 1
lvmsync_go/common/handshake_validate.go:26.2,26.72 1 1
lvmsync_go/common/handshake_validate.go:26.72,28.3 1 0
lvmsync_go/common/handshake_validate.go:29.2,29.72 1 1
lvmsync_go/common/handshake_validate.go:29.72,31.3 1 0
lvmsync_go/common/handshake_validate.go:32.2,32.72 1 1
lvmsync_go/common/handshake_validate.go:32.72,34.3 1 0
lvmsync_go/common/handshake_validate.go:35.2,35.84 1 1
lvmsync_go/common/handshake_validate.go:35.84,37.3 1 0
lvmsync_go/common/handshake_validate.go:38.2,38.102 1 1
lvmsync_go/common/handshake_validate.go:38.102,40.3 1 0
lvmsync_go/common/handshake_validate.go:41.2,41.76 1 1
lvmsync_go/common/handshake_validate.go:41.76,43.3 1 1
lvmsync_go/common/handshake_validate.go:44.2,44.33 1 1
lvmsync_go/common/handshake_validate.go:44.33,46.3 1 0
lvmsync_go/common/handshake_validate.go:47.2,47.35 1 1
lvmsync_go/common/handshake_validate.go:47.35,49.3 1 1
lvmsync_go/common/handshake_validate.go:50.2,50.96 1 1
lvmsync_go/common/handshake_validate.go:50.96,52.3 1 0
lvmsync_go/common/handshake_validate.go:53.2,53.92 1 1
lvmsync_go/common/handshake_validate.go:53.92,55.3 1 0
lvmsync_go/common/handshake_validate.go:56.2,56.88 1 1
lvmsync_go/common/handshake_validate.go:56.88,58.3 1 1
lvmsync_go/common/handshake_validate.go:59.2,59.68 1 1
lvmsync_go/common/handshake_validate.go:59.68,61.3 1 1
lvmsync_go/common/handshake_validate.go:62.2,62.92 1 1
lvmsync_go/common/handshake_validate.go:62.92,64.3 1 1
lvmsync_go/common/handshake_validate.go:65.2,65.12 1 1
lvmsync_go/common/open.go:10.74,11.16 1 1
lvmsync_go/common/open.go:11.16,13.3 1 0
lvmsync_go/common/open.go:14.2,19.12 3 1
lvmsync_go/common/open.go:19.12,22.3 2 1
lvmsync_go/common/open.go:23.2,23.9 1 1
lvmsync_go/common/open.go:24.20,25.13 1 1
lvmsync_go/common/open.go:25.13,27.20 2 1
lvmsync_go/common/open.go:27.20,29.5 1 0
lvmsync_go/common/open.go:31.3,31.24 1 1
lvmsync_go/common/open.go:32.17,33.20 1 1
lvmsync_go/cmd/verify/verify.go:34.26,34.74 1 1
lvmsync_go/cmd/verify/verify.go:39.11,41.2 1 1
lvmsync_go/cmd/verify/verify.go:43.13,46.2 2 1
lvmsync_go/cmd/verify/verify.go:50.63,56.55 2 1
lvmsync_go/cmd/verify/verify.go:56.55,58.18 2 1
lvmsync_go/cmd/verify/verify.go:58.18,60.5 1 0
lvmsync_go/cmd/verify/verify.go:61.4,69.18 9 1
lvmsync_go/cmd/verify/verify.go:69.18,71.5 1 0
lvmsync_go/cmd/verify/verify.go:72.4,72.28 1 1
lvmsync_go/cmd/verify/verify.go:72.28,74.12 2 1
lvmsync_go/cmd/verify/verify.go:75.61,80.7 2 1
lvmsync_go/cmd/verify/verify.go:81.56,82.77 1 0
lvmsync_go/cmd/verify/verify.go:84.5,84.52 1 1
lvmsync_go/cmd/verify/verify.go:86.4,86.27 1 1
lvmsync_go/cmd/verify/verify.go:86.27,89.5 2 0
lvmsync_go/cmd/verify/verify.go:90.4,90.18 1 1
lvmsync_go/cmd/verify/verify.go:90.18,92.19 2 1
lvmsync_go/cmd/verify/verify.go:92.19,94.6 1 1
lvmsync_go/cmd/verify/verify.go:95.5,97.27 3 1
lvmsync_go/cmd/verify/verify.go:97.27,99.6 1 1
lvmsync_go/cmd/verify/verify.go:100.5,101.15 2 1
lvmsync_go/cmd/verify/verify.go:103.4,104.52 2 1
lvmsync_go/cmd/verify/verify.go:104.52,109.19 2 1
lvmsync_go/cmd/verify/verify.go:109.19,111.6 1 0
lvmsync_go/cmd/verify/verify.go:112.5,112.23 1 1
lvmsync_go/cmd/verify/verify.go:113.17,116.50 3 1
lvmsync_go/cmd/verify/verify.go:116.50,118.7 1 0
lvmsync_go/cmd/verify/verify.go:119.17,122.50 3 1
lvmsync_go/cmd/verify/verify.go:122.50,124.7 1 0
lvmsync_go/cmd/verify/verify.go:125.6,125.50 1 1
lvmsync_go/cmd/verify/verify.go:125.50,127.7 1 0
lvmsync_go/cmd/verify/verify.go:130.4,130.14 1 1
lvmsync_go/cmd/verify/verify.go:133.2,134.22 2 1
lvmsync_go/cmd/verify/verify.go:137.109,138.24 1 1
lvmsync_go/cmd/verify/verify.go:138.24,140.3 1 1
lvmsync_go/cmd/verify/verify.go:141.2,141.49 1 1
lvmsync_go/cmd/verify/verify.go:141.49,142.25 1 1
lvmsync_go/cmd/verify/verify.go:142.25,144.31 2 1
lvmsync_go/cmd/verify/verify.go:144.31,148.5 3 1
lvmsync_go/cmd/verify/verify.go:149.4,150.33 2 1
lvmsync_go/cmd/verify/verify.go:150.33,152.5 1 0
lvmsync_go/cmd/verify/verify.go:153.4,153.197 1 1
lvmsync_go/cmd/verify/verify.go:153.197,154.49 1 1
lvmsync_go/cmd/verify/verify.go:154.49,156.6 1 1
lvmsync_go/cmd/verify/verify.go:157.5,157.51 1 0
lvmsync_go/cmd/verify/verify.go:159.9,161.4 1 0
lvmsync_go/cmd/verify/verify.go:163.2,163.75 1 1
lvmsync_go/cmd/verify/verify.go:163.75,165.3 1 1
lvmsync_go/cmd/verify/verify.go:166.2,166.48 1 1
lvmsync_go/cmd/verify/verify.go:166.48,168.3 1 1
lvmsync_go/cmd/verify/verify.go:169.2,170.32 2 1
lvmsync_go/cmd/verify/verify.go:170.32,172.3 1 1
lvmsync_go/cmd/verify/verify.go:173.2,180.16 4 1
lvmsync_go/cmd/verify/verify.go:180.16,182.3 1 0
lvmsync_go/cmd/verify/verify.go:183.2,183.12 1 1
lvmsync_go/cmd/verify/verify.go:183.12,189.3 2 0
lvmsync_go/cmd/verify/verify.go:190.2,194.12 2 1
lvmsync_go/cmd/verify/verify.go:198.51,200.2 1 0
lvmsync_go/cmd/verify/verify.go:202.59,203.56 1 1
lvmsync_go/cmd/verify/verify.go:203.56,205.3 1 1
lvmsync_go/cmd/verify/verify.go:206.2,206.22 1 1
lvmsync_go/cmd/verify/verify.go:209.82,211.20 2 1
lvmsync_go/cmd/verify/verify.go:211.20,213.3 1 0
lvmsync_go/cmd/verify/verify.go:214.2,215.16 2 1
lvmsync_go/cmd/verify/verify.go:215.16,217.3 1 0
lvmsync_go/cmd/verify/verify.go:218.2,220.16 3 1
lvmsync_go/cmd/verify/verify.go:220.16,222.3 1 0
lvmsync_go/cmd/verify/verify.go:223.2,226.16 3 1
lvmsync_go/cmd/verify/verify.go:226.16,228.3 1 0
lvmsync_go/cmd/verify/verify.go:229.2,230.16 2 1
lvmsync_go/cmd/verify/verify.go:230.16,232.3 1 0
lvmsync_go/cmd/verify/verify.go:233.2,233.38 1 1
lvmsync_go/cmd/verify/verify.go:233.38,236.3 2 0
lvmsync_go/cmd/verify/verify.go:238.2,243.60 6 1
lvmsync_go/cmd/verify/verify.go:243.60,245.54 2 1
lvmsync_go/cmd/verify/verify.go:245.54,247.4 1 0
lvmsync_go/cmd/verify/verify.go:248.3,248.91 1 1
lvmsync_go/cmd/verify/verify.go:248.91,250.4 1 0
lvmsync_go/cmd/verify/verify.go:251.3,251.91 1 1
lvmsync_go/cmd/verify/verify.go:251.91,253.4 1 0
lvmsync_go/cmd/verify/verify.go:254.3,254.53 1 1
lvmsync_go/cmd/verify/verify.go:254.53,257.4 2 0
lvmsync_go/cmd/verify/verify.go:259.2,259.20 1 1
lvmsync_go/cmd/verify/verify.go:259.20,261.3 1 0
lvmsync_go/cmd/verify/verify.go:262.2,263.12 2 1
lvmsync_go/cmd/verify/verify.go:266.104,268.16 2 1
lvmsync_go/cmd/verify/verify.go:268.16,270.3 1 0
lvmsync_go/cmd/verify/verify.go:271.2,273.16 3 1
lvmsync_go/cmd/verify/verify.go:273.16,275.3 1 0
lvmsync_go/cmd/verify/verify.go:276.2,281.48 5 1
lvmsync_go/cmd/verify/verify.go:281.48,283.17 2 1
lvmsync_go/cmd/verify/verify.go:283.17,285.4 1 0
lvmsync_go/cmd/verify/verify.go:286.3,286.18 1 1
lvmsync_go/cmd/verify/verify.go:286.18,287.12 1 0
lvmsync_go/cmd/verify/verify.go:289.3,289.29 1 1
lvmsync_go/cmd/verify/verify.go:289.29,291.4 1 1
lvmsync_go/cmd/verify/verify.go:292.3,293.57 2 1
lvmsync_go/cmd/verify/verify.go:293.57,295.4 1 0
lvmsync_go/cmd/verify/verify.go:296.3,297.23 2 1
lvmsync_go/cmd/verify/verify.go:297.23,303.4 2 1
lvmsync_go/cmd/verify/verify.go:305.2,305.20 1 1
lvmsync_go/cmd/verify/verify.go:305.20,307.3 1 1
lvmsync_go/cmd/verify/verify.go:308.2,309.12 2 1
lvmsync_go/cmd/dump/client.go:40.62,41.57 1 1
lvmsync_go/cmd/dump/client.go:41.57,43.3 1 0
lvmsync_go/cmd/dump/client.go:44.2,44.41 1 1
lvmsync_go/cmd/dump/client.go:44.41,46.3 1 1
lvmsync_go/cmd/dump/client.go:47.2,47.52 1 0
lvmsync_go/cmd/dump/client.go:47.52,49.3 1 0
lvmsync_go/cmd/dump/client.go:50.2,50.14 1 0
lvmsync_go/cmd/dump/client.go:76.161,83.78 1 1
lvmsync_go/cmd/dump/client.go:83.78,83.92 1 0
lvmsync_go/cmd/dump/client.go:85.3,85.92 1 1
lvmsync_go/cmd/dump/client.go:87.136,89.3 1 0
lvmsync_go/cmd/dump/client.go:90.134,92.3 1 1
lvmsync_go/cmd/dump/client.go:93.177,95.3 1 0
lvmsync_go/cmd/dump/client.go:96.131,98.3 1 0
lvmsync_go/cmd/dump/client.go:103.26,120.2 1 1
lvmsync_go/cmd/dump/client.go:123.137,125.2 1 1
lvmsync_go/cmd/dump/client.go:128.46,130.17 2 1
lvmsync_go/cmd/dump/client.go:130.17,132.3 1 0
lvmsync_go/cmd/dump/client.go:133.2,133.25 1 1
lvmsync_go/cmd/dump/client.go:133.25,135.3 1 1
lvmsync_go/cmd/dump/client.go:136.2,136.25 1 1
lvmsync_go/cmd/dump/client.go:136.25,138.3 1 0
lvmsync_go/cmd/dump/client.go:139.2,139.27 1 1
lvmsync_go/cmd/dump/client.go:139.27,141.3 1 0
lvmsync_go/cmd/dump/client.go:142.2,142.30 1 1
lvmsync_go/cmd/dump/client.go:142.30,144.3 1 0
lvmsync_go/cmd/dump/client.go:145.2,145.26 1 1
lvmsync_go/cmd/dump/client.go:145.26,147.3 1 1
lvmsync_go/cmd/dump/client.go:148.2,148.30 1 1
lvmsync_go/cmd/dump/client.go:148.30,150.3 1 1
lvmsync_go/cmd/dump/client.go:151.2,151.25 1 1
lvmsync_go/cmd/dump/client.go:151.25,153.3 1 0
lvmsync_go/cmd/dump/client.go:154.2,154.32 1 1
lvmsync_go/cmd/dump/client.go:154.32,156.3 1 0
lvmsync_go/cmd/dump/client.go:157.2,157.27 1 1
lvmsync_go/cmd/dump/client.go:157.27,159.3 1 1
lvmsync_go/cmd/dump/client.go:160.2,160.26 1 1
lvmsync_go/cmd/dump/client.go:160.26,162.3 1 1
lvmsync_go/cmd/dump/client.go:163.2,163.29 1 1
lvmsync_go/cmd/dump/client.go:163.29,165.3 1 1
lvmsync_go/cmd/dump/client.go:166.2,166.31 1 1
lvmsync_go/cmd/dump/client.go:166.31,168.3 1 1
lvmsync_go/cmd/dump/client.go:169.2,169.24 1 1
lvmsync_go/cmd/dump/client.go:169.24,171.3 1 1
lvmsync_go/cmd/dump/client.go:172.2,172.32 1 1
lvmsync_go/cmd/dump/client.go:172.32,174.3 1 1
lvmsync_go/cmd/dump/client.go:175.2,175.10 1 1
lvmsync_go/cmd/dump/client.go:179.108,181.2 1 1
lvmsync_go/cmd/dump/client.go:184.139,186.2 1 0
lvmsync_go/cmd/dump/client.go:189.130,191.2 1 1
lvmsync_go/cmd/dump/client.go:194.146,196.2 1 1
lvmsync_go/cmd/dump/client.go:199.158,201.2 1 1
lvmsync_go/cmd/dump/client.go:203.13,207.2 3 1
lvmsync_go/cmd/dump/client.go:209.48,212.2 2 1
lvmsync_go/cmd/dump/client.go:216.56,216.76 1 0
lvmsync_go/cmd/dump/client.go:223.53,224.9 1 1
lvmsync_go/cmd/dump/client.go:225.22,226.24 1 0
lvmsync_go/cmd/dump/client.go:227.10,228.21 1 1
lvmsync_go/cmd/dump/client.go:233.84,235.12 2 1
lvmsync_go/cmd/dump/client.go:235.12,241.7 6 1
lvmsync_go/cmd/dump/client.go:241.7,242.36 1 1
lvmsync_go/cmd/dump/client.go:242.36,245.5 2 1
lvmsync_go/cmd/dump/client.go:246.4,247.13 2 1
lvmsync_go/cmd/dump/client.go:247.13,249.21 2 1
lvmsync_go/cmd/dump/client.go:249.21,250.38 1 1
lvmsync_go/cmd/dump/client.go:250.38,253.7 2 0
lvmsync_go/cmd/dump/client.go:254.6,255.15 2 1
lvmsync_go/cmd/dump/client.go:255.15,257.7 1 1
lvmsync_go/cmd/dump/client.go:258.6,258.21 1 1
lvmsync_go/cmd/dump/client.go:258.21,261.7 2 0
lvmsync_go/cmd/dump/client.go:264.4,264.18 1 1
lvmsync_go/cmd/dump/client.go:264.18,265.31 1 1
lvmsync_go/cmd/dump/client.go:265.31,267.6 1 1
lvmsync_go/cmd/dump/client.go:267.11,269.6 1 1
lvmsync_go/cmd/dump/client.go:270.5,270.11 1 1
lvmsync_go/cmd/dump/client.go:274.2,274.14 1 1
lvmsync_go/cmd/dump/client.go:278.149,281.18 3 1
lvmsync_go/cmd/dump/client.go:281.18,282.16 1 1
lvmsync_go/cmd/dump/client.go:282.16,283.44 1 1
lvmsync_go/cmd/dump/client.go:283.44,285.5 1 1
lvmsync_go/cmd/dump/client.go:287.3,287.76 1 1
lvmsync_go/cmd/dump/client.go:289.2,289.23 1 1
lvmsync_go/cmd/dump/client.go:289.23,291.3 1 1
lvmsync_go/cmd/dump/client.go:292.2,292.66 1 1
lvmsync_go/cmd/dump/client.go:296.120,298.19 2 1
lvmsync_go/cmd/dump/client.go:298.19,300.17 2 1
lvmsync_go/cmd/dump/client.go:300.17,302.4 1 0
lvmsync_go/cmd/dump/client.go:303.3,304.27 2 1
lvmsync_go/cmd/dump/client.go:306.2,320.16 2 1
lvmsync_go/cmd/dump/client.go:320.16,322.3 1 0
lvmsync_go/cmd/dump/client.go:323.2,323.20 1 1
lvmsync_go/cmd/dump/client.go:324.25,325.25 1 0
lvmsync_go/cmd/dump/client.go:326.25,327.25 1 0
lvmsync_go/cmd/dump/client.go:328.26,329.26 1 1
lvmsync_go/cmd/dump/client.go:331.2,331.16 1 1
lvmsync_go/cmd/dump/client.go:331.16,344.3 7 1
lvmsync_go/cmd/dump/client.go:345.2,345.58 1 1
lvmsync_go/cmd/dump/client.go:345.58,349.3 3 0
lvmsync_go/cmd/dump/client.go:350.2,351.16 2 1
lvmsync_go/cmd/dump/client.go:351.16,355.3 3 0
lvmsync_go/cmd/dump/client.go:356.2,360.15 5 1
lvmsync_go/cmd/dump/client.go:360.15,362.21 2 1
lvmsync_go/cmd/dump/client.go:362.21,365.4 2 0
lvmsync_go/cmd/dump/client.go:367.2,367.20 1 1
lvmsync_go/cmd/dump/client.go:367.20,370.3 2 1
lvmsync_go/cmd/dump/client.go:371.2,371.33 1 1
lvmsync_go/cmd/dump/client.go:371.33,373.3 1 1
lvmsync_go/cmd/dump/client.go:374.2,374.77 1 0
lvmsync_go/cmd/dump/client.go:378.151,384.16 6 1
lvmsync_go/cmd/dump/client.go:384.16,386.3 1 0
lvmsync_go/cmd/dump/client.go:387.2,387.24 1 1
lvmsync_go/cmd/dump/client.go:387.24,388.187 1 1
lvmsync_go/cmd/dump/client.go:388.187,389.22 1 0
lvmsync_go/cmd/dump/client.go:390.27,391.34 1 0
lvmsync_go/cmd/dump/client.go:391.34,394.6 2 0
lvmsync_go/cmd/dump/client.go:395.5,395.21 1 0
lvmsync_go/cmd/dump/client.go:396.27,397.21 1 0
lvmsync_go/cmd/dump/client.go:398.28,399.22 1 0
lvmsync_go/cmd/dump/client.go:401.4,401.15 1 0
lvmsync_go/cmd/dump/client.go:404.2,404.22 1 1
lvmsync_go/cmd/dump/client.go:404.22,406.17 2 1
lvmsync_go/cmd/dump/client.go:406.17,408.4 1 0
lvmsync_go/cmd/dump/client.go:409.3,409.14 1 1
lvmsync_go/cmd/dump/client.go:409.14,410.63 1 1
lvmsync_go/cmd/dump/client.go:410.63,412.19 2 1
lvmsync_go/cmd/dump/client.go:412.19,414.6 1 0
lvmsync_go/cmd/dump/client.go:415.5,416.19 2 1
lvmsync_go/cmd/dump/client.go:416.19,418.6 1 0
lvmsync_go/cmd/dump/client.go:419.5,421.19 3 1
lvmsync_go/cmd/dump/client.go:421.19,423.6 1 0
lvmsync_go/cmd/dump/client.go:424.5,424.65 1 1
lvmsync_go/cmd/dump/client.go:424.65,426.6 1 0
lvmsync_go/cmd/dump/client.go:427.10,429.19 2 0
lvmsync_go/cmd/dump/client.go:429.19,431.6 1 0
lvmsync_go/cmd/dump/client.go:432.5,434.19 3 0
lvmsync_go/cmd/dump/client.go:434.19,436.6 1 0
lvmsync_go/cmd/dump/client.go:437.5,437.85 1 0
lvmsync_go/cmd/dump/client.go:437.85,439.6 1 0
lvmsync_go/cmd/dump/client.go:443.2,444.77 2 1
lvmsync_go/cmd/dump/client.go:444.77,446.3 1 0
lvmsync_go/cmd/dump/client.go:447.2,448.16 2 1
lvmsync_go/cmd/dump/client.go:448.16,450.3 1 1
lvmsync_go/cmd/dump/client.go:451.2,453.92 3 1
lvmsync_go/cmd/dump/client.go:457.158,460.16 3 1
lvmsync_go/cmd/dump/client.go:460.16,463.3 2 1
lvmsync_go/cmd/dump/client.go:464.2,464.28 1 1
lvmsync_go/cmd/dump/client.go:467.54,468.70 1 1
lvmsync_go/cmd/dump/client.go:468.70,469.19 1 0
lvmsync_go/cmd/dump/client.go:469.19,471.4 1 0
lvmsync_go/cmd/dump/client.go:471.9,473.4 1 0
lvmsync_go/cmd/dump/client.go:484.120,486.16 2 1
lvmsync_go/cmd/dump/client.go:486.16,488.3 1 1
lvmsync_go/cmd/dump/client.go:489.2,490.16 2 1
lvmsync_go/cmd/dump/client.go:490.16,492.3 1 1
lvmsync_go/cmd/dump/client.go:493.2,497.16 4 1
lvmsync_go/cmd/dump/client.go:497.16,499.3 1 1
lvmsync_go/cmd/dump/client.go:501.2,501.51 1 1
lvmsync_go/cmd/dump/client.go:506.170,507.26 1 1
lvmsync_go/cmd/dump/client.go:507.26,509.3 1 0
lvmsync_go/cmd/dump/client.go:511.2,512.22 2 1
lvmsync_go/cmd/dump/client.go:512.22,513.72 1 1
lvmsync_go/cmd/dump/client.go:513.72,515.4 1 1
lvmsync_go/cmd/dump/client.go:516.3,516.63 1 1
lvmsync_go/cmd/dump/client.go:519.2,520.16 2 1
lvmsync_go/cmd/dump/client.go:520.16,523.3 2 0
lvmsync_go/cmd/dump/client.go:525.2,527.53 3 1
lvmsync_go/cmd/dump/client.go:527.53,530.3 2 0
lvmsync_go/cmd/dump/client.go:532.2,532.71 1 1
lvmsync_go/cmd/dump/client.go:532.71,534.3 1 1
lvmsync_go/cmd/dump/client.go:535.2,535.12 1 1
lvmsync_go/cmd/dump/client.go:538.178,540.16 2 0
lvmsync_go/cmd/dump/client.go:540.16,542.3 1 0
lvmsync_go/cmd/dump/client.go:543.2,546.16 3 0
lvmsync_go/cmd/dump/client.go:546.16,548.3 1 0
lvmsync_go/cmd/dump/client.go:549.2,556.16 6 0
lvmsync_go/cmd/dump/client.go:556.16,559.3 2 0
lvmsync_go/cmd/dump/client.go:560.2,562.16 3 0
lvmsync_go/cmd/dump/client.go:562.16,565.3 2 0
lvmsync_go/cmd/dump/client.go:566.2,566.25 1 0
lvmsync_go/cmd/dump/client.go:566.25,568.3 1 0
lvmsync_go/cmd/dump/client.go:569.2,569.22 1 0
lvmsync_go/cmd/dump/client.go:569.22,571.3 1 0
lvmsync_go/cmd/dump/client.go:572.2,572.27 1 0
lvmsync_go/cmd/dump/client.go:572.27,574.3 1 0
lvmsync_go/cmd/dump/client.go:575.2,575.21 1 0
lvmsync_go/cmd/dump/client.go:575.21,577.3 1 0
lvmsync_go/cmd/dump/client.go:578.2,578.49 1 0
lvmsync_go/cmd/dump/client.go:578.49,581.3 2 0
lvmsync_go/cmd/dump/client.go:582.2,582.56 1 0
lvmsync_go/cmd/dump/client.go:582.56,585.3 2 0
lvmsync_go/cmd/dump/client.go:586.2,586.54 1 0
lvmsync_go/cmd/dump/client.go:586.54,589.3 2 0
lvmsync_go/cmd/dump/client.go:591.2,595.6 5 0
lvmsync_go/cmd/dump/client.go:595.6,599.16 4 0
lvmsync_go/cmd/dump/client.go:599.16,601.4 1 0
lvmsync_go/cmd/dump/client.go:602.3,602.12 1 0
lvmsync_go/cmd/dump/client.go:602.12,604.14 2 0
lvmsync_go/cmd/dump/client.go:604.14,605.33 1 0
lvmsync_go/cmd/dump/client.go:605.33,607.44 2 0
lvmsync_go/cmd/dump/client.go:607.44,609.7 1 0
lvmsync_go/cmd/dump/client.go:610.6,610.82 1 0
lvmsync_go/cmd/dump/client.go:610.82,613.7 2 0
lvmsync_go/cmd/dump/client.go:614.11,616.6 1 0
lvmsync_go/cmd/dump/client.go:618.4,618.19 1 0
lvmsync_go/cmd/dump/client.go:620.3,620.45 1 0
lvmsync_go/cmd/dump/client.go:620.45,621.9 1 0
lvmsync_go/cmd/dump/client.go:623.3,623.21 1 0
lvmsync_go/cmd/dump/client.go:623.21,626.4 2 0
lvmsync_go/cmd/dump/client.go:627.3,627.21 1 0
lvmsync_go/cmd/dump/client.go:627.21,630.4 2 0
lvmsync_go/cmd/dump/client.go:633.2,634.16 2 0
lvmsync_go/cmd/dump/client.go:634.16,637.3 2 0
lvmsync_go/cmd/dump/client.go:638.2,638.53 1 0
lvmsync_go/cmd/dump/client.go:638.53,641.3 2 0
lvmsync_go/cmd/dump/client.go:642.2,642.71 1 0
lvmsync_go/cmd/dump/client.go:642.71,644.3 1 0
lvmsync_go/cmd/dump/client.go:645.2,645.12 1 0
lvmsync_go/cmd/dump/client.go:653.96,654.39 1 1
lvmsync_go/cmd/dump/client.go:654.39,656.3 1 1
lvmsync_go/cmd/dump/client.go:657.2,657.38 1 1
lvmsync_go/cmd/dump/client.go:657.38,659.3 1 1
lvmsync_go/cmd/dump/client.go:660.2,660.38 1 1
lvmsync_go/cmd/dump/client.go:660.38,662.3 1 1
lvmsync_go/cmd/dump/client.go:663.2,663.12 1 1
lvmsync_go/cmd/dump/client.go:667.192,668.74 1 1
lvmsync_go/cmd/dump/client.go:668.74,670.3 1 1
lvmsync_go/cmd/dump/client.go:672.2,673.16 2 1
lvmsync_go/cmd/dump/client.go:673.16,675.3 1 0
lvmsync_go/cmd/dump/client.go:676.2,679.16 3 1
lvmsync_go/cmd/dump/client.go:679.16,681.3 1 0
lvmsync_go/cmd/dump/client.go:683.2,684.50 2 1
lvmsync_go/cmd/dump/client.go:684.50,686.3 1 0
lvmsync_go/cmd/dump/client.go:687.2,690.48 3 1
lvmsync_go/cmd/dump/client.go:690.48,692.3 1 0
lvmsync_go/cmd/dump/client.go:694.2,694.106 1 1
lvmsync_go/cmd/dump/client.go:694.106,696.3 1 1
lvmsync_go/cmd/dump/client.go:698.2,698.67 1 1
lvmsync_go/cmd/dump/client.go:702.148,703.16 1 1
lvmsync_go/cmd/dump/client.go:703.16,705.3 1 0
lvmsync_go/cmd/dump/client.go:706.2,707.21 2 1
lvmsync_go/cmd/dump/client.go:707.21,709.3 1 1
lvmsync_go/cmd/dump/client.go:710.2,712.16 3 1
lvmsync_go/cmd/dump/client.go:712.16,714.3 1 0
lvmsync_go/cmd/dump/client.go:715.2,715.15 1 1
lvmsync_go/cmd/dump/client.go:715.15,717.70 2 1
lvmsync_go/cmd/dump/client.go:717.70,718.18 1 0
lvmsync_go/cmd/dump/client.go:718.18,720.5 1 0
lvmsync_go/cmd/dump/client.go:720.10,722.5 1 0
lvmsync_go/cmd/dump/client.go:726.2,726.31 1 1
lvmsync_go/cmd/dump/client.go:726.31,728.79 2 1
lvmsync_go/cmd/dump/client.go:728.79,730.84 2 1
lvmsync_go/cmd/dump/client.go:730.84,732.5 1 0
lvmsync_go/cmd/dump/client.go:733.4,733.58 1 1
lvmsync_go/cmd/dump/client.go:735.3,735.11 1 1
lvmsync_go/cmd/dump/client.go:737.2,737.32 1 1
lvmsync_go/cmd/dump/client.go:737.32,738.16 1 1
lvmsync_go/cmd/dump/client.go:738.16,741.84 3 1
lvmsync_go/cmd/dump/client.go:741.84,743.87 2 1
lvmsync_go/cmd/dump/client.go:743.87,745.6 1 1
lvmsync_go/cmd/dump/client.go:746.5,746.19 1 1
lvmsync_go/cmd/dump/client.go:746.19,748.6 1 0
lvmsync_go/cmd/dump/client.go:748.11,750.6 1 1
lvmsync_go/cmd/dump/client.go:755.2,756.32 2 1
lvmsync_go/cmd/dump/client.go:756.32,758.3 1 1
lvmsync_go/cmd/dump/client.go:759.2,767.114 4 1
lvmsync_go/cmd/dump/client.go:773.91,774.25 1 1
lvmsync_go/cmd/dump/client.go:774.25,776.3 1 1
lvmsync_go/cmd/dump/client.go:777.2,777.57 1 1
lvmsync_go/cmd/dump/client.go:777.57,791.17 3 1
lvmsync_go/cmd/dump/client.go:791.17,793.12 2 1
lvmsync_go/cmd/dump/client.go:795.3,796.17 2 1
lvmsync_go/cmd/dump/client.go:798.2,798.68 1 1
lvmsync_go/cmd/dump/probe.go:23.132,26.16 3 0
lvmsync_go/cmd/dump/probe.go:26.16,28.3 1 0
lvmsync_go/cmd/dump/probe.go:29.2,31.16 3 0
lvmsync_go/cmd/dump/probe.go:31.16,33.3 1 0
lvmsync_go/cmd/dump/probe.go:34.2,34.28 1 0
lvmsync_go/cmd/dump/probe.go:34.28,36.17 2 0
lvmsync_go/cmd/dump/probe.go:36.17,38.4 1 0
lvmsync_go/cmd/dump/probe.go:39.3,41.17 3 0
lvmsync_go/cmd/dump/probe.go:41.17,43.4 1 0
lvmsync_go/cmd/dump/probe.go:44.3,44.22 1 0
lvmsync_go/cmd/dump/probe.go:44.22,46.4 1 0
lvmsync_go/cmd/dump/probe.go:47.3,47.36 1 0
lvmsync_go/cmd/dump/probe.go:47.36,49.4 1 0
lvmsync_go/cmd/dump/probe.go:50.3,50.53 1 0
lvmsync_go/cmd/dump/probe.go:50.53,52.4 1 0
lvmsync_go/cmd/dump/probe.go:53.3,54.17 2 0
lvmsync_go/cmd/dump/probe.go:54.17,56.4 1 0
lvmsync_go/cmd/dump/probe.go:57.3,57.34 1 0
lvmsync_go/cmd/dump/probe.go:57.34,59.4 1 0
lvmsync_go/cmd/dump/probe.go:60.3,60.31 1 0
lvmsync_go/cmd/dump/probe.go:62.2,63.16 2 0
lvmsync_go/cmd/dump/probe.go:63.16,65.3 1 0
lvmsync_go/cmd/dump/probe.go:66.2,66.27 1 0
lvmsync_go/cmd/dump/probe.go:66.27,69.3 2 0
lvmsync_go/cmd/dump/probe.go:70.2,70.16 1 0
lvmsync_go/cmd/dump/probe.go:73.111,74.16 1 0
lvmsync_go/cmd/dump/probe.go:74.16,76.3 1 0
lvmsync_go/cmd/dump/probe.go:77.2,77.17 1 0
lvmsync_go/cmd/dump/probe.go:77.17,81.3 3 0
lvmsync_go/cmd/dump/probe.go:82.2,83.16 2 0
lvmsync_go/cmd/dump/probe.go:83.16,85.3 1 0
lvmsync_go/cmd/dump/probe.go:86.2,88.66 3 0
lvmsync_go/cmd/dump/probe.go:88.66,90.3 1 0
lvmsync_go/cmd/dump/probe.go:91.2,91.70 1 0
lvmsync_go/cmd/dump/probe.go:91.70,93.3 1 0
lvmsync_go/cmd/dump/probe.go:94.2,94.40 1 0
lvmsync_go/cmd/dump/probe.go:94.40,96.3 1 0
lvmsync_go/cmd/dump/probe.go:97.2,97.18 1 0
lvmsync_go/cmd/dump/probe.go:100.56,116.2 15 0
lvmsync_go/dedup/bloom.go:22.55,23.47 1 1
lvmsync_go/dedup/bloom.go:23.47,25.3 1 1
lvmsync_go/dedup/bloom.go:26.2,28.31 3 1
lvmsync_go/dedup/bloom.go:34.48,35.27 1 1
lvmsync_go/dedup/bloom.go:35.27,37.3 1 1
lvmsync_go/dedup/bloom.go:38.2,39.14 2 1
lvmsync_go/dedup/bloom.go:49.65,50.47 1 1
lvmsync_go/dedup/bloom.go:50.47,52.3 1 1
lvmsync_go/dedup/bloom.go:53.2,53.73 1 1
lvmsync_go/dedup/bloom.go:59.128,61.16 2 1
lvmsync_go/dedup/bloom.go:61.16,63.3 1 1
lvmsync_go/dedup/bloom.go:64.2,64.20 1 1
lvmsync_go/dedup/bloom.go:64.20,66.3 1 1
lvmsync_go/dedup/bloom.go:67.2,68.19 2 1
lvmsync_go/dedup/bloom.go:68.19,70.3 1 1
lvmsync_go/dedup/bloom.go:71.2,71.19 1 1
lvmsync_go/dedup/bloom.go:71.19,73.3 1 1
lvmsync_go/dedup/bloom.go:74.2,74.8 1 1
lvmsync_go/dedup/bloom.go:77.43,78.32 1 1
lvmsync_go/dedup/bloom.go:78.32,80.3 1 1
lvmsync_go/dedup/bloom.go:81.2,81.12 1 1
lvmsync_go/dedup/chunker.go:48.83,49.18 1 1
lvmsync_go/dedup/chunker.go:49.18,51.3 1 1
lvmsync_go/dedup/chunker.go:52.2,52.34 1 1
lvmsync_go/dedup/chunker.go:52.34,54.3 1 0
lvmsync_go/dedup/chunker.go:55.2,55.44 1 1
lvmsync_go/dedup/chunker.go:55.44,57.3 1 1
lvmsync_go/dedup/chunker.go:59.2,61.20 3 1
lvmsync_go/dedup/chunker.go:61.20,63.25 2 1
lvmsync_go/dedup/chunker.go:63.25,65.4 1 1
lvmsync_go/dedup/chunker.go:69.2,70.14 2 1
lvmsync_go/dedup/chunker.go:70.14,72.3 1 0
lvmsync_go/dedup/chunker.go:73.2,74.14 2 1
lvmsync_go/dedup/chunker.go:74.14,76.3 1 1
lvmsync_go/dedup/chunker.go:76.8,78.3 1 0
lvmsync_go/dedup/chunker.go:79.2,80.15 2 1
lvmsync_go/dedup/chunker.go:85.68,87.2 1 0
lvmsync_go/dedup/chunker.go:95.57,96.24 1 1
lvmsync_go/dedup/chunker.go:96.24,98.3 1 1
lvmsync_go/dedup/chunker.go:99.2,101.16 3 1
lvmsync_go/dedup/chunker.go:101.16,102.50 1 1
lvmsync_go/dedup/chunker.go:102.50,103.14 1 1
lvmsync_go/dedup/chunker.go:103.14,105.5 1 1
lvmsync_go/dedup/chunker.go:106.4,106.50 1 1
lvmsync_go/dedup/chunker.go:108.3,108.22 1 0
lvmsync_go/dedup/chunker.go:111.2,119.26 6 1
lvmsync_go/dedup/chunker.go:119.26,121.3 1 1
lvmsync_go/dedup/chunker.go:122.2,122.29 1 1
lvmsync_go/dedup/chunker.go:122.29,124.3 1 1
lvmsync_go/dedup/chunker.go:126.2,126.19 1 1
lvmsync_go/dedup/chunker.go:126.19,128.17 2 1
lvmsync_go/dedup/chunker.go:128.17,129.21 1 1
lvmsync_go/dedup/chunker.go:129.21,130.10 1 1
lvmsync_go/dedup/chunker.go:132.4,132.23 1 0
lvmsync_go/dedup/chunker.go:134.3,142.35 6 1
lvmsync_go/dedup/chunker.go:142.35,143.9 1 1
lvmsync_go/dedup/chunker.go:146.2,146.51 1 1
lvmsync_go/dedup/chunker.go:151.67,158.2 6 1
lvmsync_go/dedup/chunker.go:161.48,162.9 1 1
lvmsync_go/dedup/chunker.go:163.15,164.19 1 1
lvmsync_go/dedup/chunker.go:165.15,166.20 1 0
lvmsync_go/dedup/chunker.go:167.10,168.22 1 1
lvmsync_go/dedup/chunker.go:174.80,176.16 2 1
lvmsync_go/dedup/chunker.go:176.16,178.3 1 0
lvmsync_go/dedup/chunker.go:179.2,181.6 3 1
lvmsync_go/dedup/chunker.go:181.6,183.37 2 1
lvmsync_go/dedup/chunker.go:183.37,184.9 1 1
lvmsync_go/dedup/chunker.go:186.3,186.34 1 1
lvmsync_go/dedup/chunker.go:186.34,188.4 1 0
lvmsync_go/dedup/chunker.go:189.3,196.20 7 1
lvmsync_go/dedup/chunker.go:196.20,197.9 1 1
lvmsync_go/dedup/chunker.go:200.2,200.17 1 1
lvmsync_go/dedup/chunker.go:465.36,468.27 3 1
lvmsync_go/dedup/chunker.go:468.27,469.13 1 1
lvmsync_go/dedup/chunker.go:469.13,470.12 1 1
lvmsync_go/dedup/chunker.go:472.3,473.24 2 1
lvmsync_go/dedup/chunker.go:475.2,475.10 1 1
lvmsync_go/dedup/config.go:27.61,45.42 15 1
lvmsync_go/dedup/config.go:45.42,47.3 1 1
lvmsync_go/dedup/config.go:49.2,49.86 1 1
lvmsync_go/dedup/config.go:49.86,51.3 1 0
lvmsync_go/dedup/config.go:52.2,52.86 1 1
lvmsync_go/dedup/config.go:52.86,54.3 1 0
lvmsync_go/dedup/config.go:55.2,55.96 1 1
lvmsync_go/dedup/config.go:55.96,57.3 1 0
lvmsync_go/dedup/config.go:58.2,58.76 1 1
lvmsync_go/dedup/config.go:58.76,60.3 1 0
lvmsync_go/dedup/config.go:61.2,61.80 1 1
lvmsync_go/dedup/config.go:61.80,63.3 1 0
lvmsync_go/dedup/config.go:64.2,64.74 1 1
lvmsync_go/dedup/config.go:64.74,66.3 1 0
lvmsync_go/dedup/config.go:67.2,70.16 3 1
lvmsync_go/dedup/config.go:70.16,71.42 1 1
lvmsync_go/dedup/config.go:71.42,73.4 1 1
lvmsync_go/dedup/config.go:76.2,77.42 2 1
lvmsync_go/dedup/config.go:77.42,79.3 1 0
lvmsync_go/dedup/config.go:81.2,81.17 1 1
lvmsync_go/dedup/config.go:86.44,87.21 1 0
lvmsync_go/dedup/config.go:87.21,89.3 1 0
lvmsync_go/dedup/config.go:90.2,91.16 2 0
lvmsync_go/dedup/config.go:91.16,93.3 1 0
lvmsync_go/dedup/config.go:94.2,94.15 1 0
lvmsync_go/dedup/hybrid.go:26.90,27.52 1 1
lvmsync_go/dedup/hybrid.go:27.52,29.3 1 1
lvmsync_go/dedup/hybrid.go:30.2,30.28 1 1
lvmsync_go/dedup/hybrid.go:30.28,32.3 1 1
lvmsync_go/dedup/hybrid.go:33.2,34.20 2 1
lvmsync_go/dedup/hybrid.go:34.20,36.3 1 0
lvmsync_go/dedup/hybrid.go:37.2,37.15 1 1
lvmsync_go/dedup/hybrid.go:45.63,46.24 1 1
lvmsync_go/dedup/hybrid.go:46.24,50.3 3 1
lvmsync_go/dedup/hybrid.go:52.2,52.26 1 1
lvmsync_go/dedup/hybrid.go:52.26,54.3 1 1
lvmsync_go/dedup/hybrid.go:55.2,57.16 3 1
lvmsync_go/dedup/hybrid.go:57.16,58.50 1 1
lvmsync_go/dedup/hybrid.go:58.50,59.14 1 1
lvmsync_go/dedup/hybrid.go:59.14,61.5 1 1
lvmsync_go/dedup/hybrid.go:62.4,62.17 1 0
lvmsync_go/dedup/hybrid.go:63.9,65.4 1 0
lvmsync_go/dedup/hybrid.go:66.8,68.3 1 1
lvmsync_go/dedup/hybrid.go:70.2,71.33 2 1
lvmsync_go/dedup/hybrid.go:71.33,73.3 1 0
lvmsync_go/dedup/hybrid.go:74.2,74.22 1 1
lvmsync_go/dedup/hybrid.go:74.22,76.3 1 0
lvmsync_go/dedup/hybrid.go:77.2,78.23 2 1
lvmsync_go/hash/hash.go:14.13,16.2 1 1
lvmsync_go/hash/hash.go:19.21,19.39 1 1
lvmsync_go/hash/hash.go:22.31,24.2 1 1
lvmsync_go/hash/hash.go:27.35,29.2 1 1
lvmsync_go/hash/hash.go:37.57,40.16 3 1
lvmsync_go/hash/hash.go:40.16,44.17 4 1
lvmsync_go/hash/hash.go:44.17,46.4 1 0
lvmsync_go/hash/hash.go:47.8,49.3 1 1
lvmsync_go/hash/hash.go:50.2,50.33 1 1
lvmsync_go/hash/hash.go:54.32,54.47 1 1
lvmsync_go/hash/hash.go:57.53,57.76 1 1
lvmsync_go/hash/hash.go:60.42,65.2 4 1
lvmsync_go/hash/hash.go:68.43,68.57 1 1
lvmsync_go/escalate/escalate.go:72.32,74.20 2 1
lvmsync_go/escalate/escalate.go:74.20,76.3 1 1
lvmsync_go/escalate/escalate.go:77.2,77.23 1 1
lvmsync_go/escalate/escalate.go:86.73,88.17 2 1
lvmsync_go/escalate/escalate.go:88.17,90.3 1 1
lvmsync_go/escalate/escalate.go:91.2,95.18 4 1
lvmsync_go/escalate/escalate.go:95.18,98.3 2 1
lvmsync_go/escalate/escalate.go:100.2,101.21 2 1
lvmsync_go/escalate/escalate.go:101.21,103.3 1 1
lvmsync_go/escalate/escalate.go:104.2,105.16 2 1
lvmsync_go/escalate/escalate.go:105.16,107.3 1 1
lvmsync_go/escalate/escalate.go:109.2,110.16 2 1
lvmsync_go/escalate/escalate.go:110.16,112.3 1 0
lvmsync_go/escalate/escalate.go:114.2,116.29 3 1
lvmsync_go/escalate/escalate.go:116.29,118.3 1 1
lvmsync_go/escalate/escalate.go:119.2,123.29 4 1
lvmsync_go/escalate/escalate.go:123.29,125.3 1 1
lvmsync_go/escalate/escalate.go:126.2,127.25 2 1
lvmsync_go/escalate/escalate.go:127.25,129.3 1 1
lvmsync_go/escalate/escalate.go:130.2,130.14 1 1
lvmsync_go/escalate/escalate.go:130.14,132.3 1 1
lvmsync_go/escalate/escalate.go:132.8,134.3 1 1
lvmsync_go/escalate/escalate.go:136.2,138.19 3 1
lvmsync_go/escalate/escalate.go:138.19,140.3 1 1
lvmsync_go/escalate/escalate.go:141.2,142.19 2 1
lvmsync_go/escalate/escalate.go:142.19,144.3 1 1
lvmsync_go/escalate/escalate.go:146.2,147.18 2 1
lvmsync_go/escalate/escalate.go:147.18,149.3 1 1
lvmsync_go/escalate/escalate.go:150.2,154.16 4 1
lvmsync_go/escalate/escalate.go:154.16,156.3 1 1
lvmsync_go/escalate/escalate.go:158.2,158.77 1 1
lvmsync_go/escalate/escalate.go:158.77,159.41 1 1
lvmsync_go/escalate/escalate.go:159.41,161.4 1 1
lvmsync_go/escalate/escalate.go:162.3,163.62 2 1
lvmsync_go/escalate/escalate.go:165.2,166.18 2 1
lvmsync_go/escalate/escalate.go:172.66,174.17 2 1
lvmsync_go/escalate/escalate.go:174.17,176.3 1 1
lvmsync_go/escalate/escalate.go:177.2,183.30 6 1
lvmsync_go/escalate/escalate.go:183.30,186.3 2 1
lvmsync_go/escalate/escalate.go:187.2,188.16 2 1
lvmsync_go/escalate/escalate.go:188.16,191.3 2 1
lvmsync_go/escalate/escalate.go:192.2,193.16 2 1
lvmsync_go/escalate/escalate.go:193.16,196.3 2 0
lvmsync_go/escalate/escalate.go:197.2,198.16 2 1
lvmsync_go/escalate/escalate.go:198.16,200.3 1 0
lvmsync_go/escalate/escalate.go:201.2,201.50 1 1
lvmsync_go/escalate/escalate.go:201.50,204.3 2 0
lvmsync_go/escalate/escalate.go:205.2,205.53 1 1
lvmsync_go/escalate/escalate.go:205.53,208.3 2 0
lvmsync_go/escalate/escalate.go:209.2,209.53 1 1
lvmsync_go/escalate/escalate.go:209.53,212.3 2 0
lvmsync_go/escalate/escalate.go:213.2,214.12 2 1
lvmsync_go/escalate/escalate.go:219.51,226.29 3 1
lvmsync_go/escalate/escalate.go:226.29,227.75 1 1
lvmsync_go/escalate/escalate.go:227.75,228.12 1 1
lvmsync_go/escalate/escalate.go:230.3,231.13 2 1
lvmsync_go/escalate/escalate.go:231.13,232.12 1 0
lvmsync_go/escalate/escalate.go:234.3,235.19 2 1
lvmsync_go/escalate/escalate.go:235.19,237.4 1 1
lvmsync_go/escalate/escalate.go:239.2,239.12 1 1
lvmsync_go/escalate/escalate.go:242.67,243.39 1 1
lvmsync_go/escalate/escalate.go:243.39,245.3 1 1
lvmsync_go/escalate/escalate.go:246.2,247.25 2 1
lvmsync_go/escalate/escalate.go:247.25,249.47 2 1
lvmsync_go/escalate/escalate.go:249.47,251.4 1 1
lvmsync_go/escalate/escalate.go:252.3,252.15 1 1
lvmsync_go/escalate/escalate.go:252.15,254.4 1 1
lvmsync_go/escalate/escalate.go:256.2,256.12 1 1
lvmsync_go/escalate/escalate.go:259.38,260.13 1 1
lvmsync_go/escalate/escalate.go:260.13,262.3 1 1
lvmsync_go/escalate/escalate.go:263.2,264.22 2 1
lvmsync_go/escalate/escalate.go:264.22,265.25 1 1
lvmsync_go/escalate/escalate.go:265.25,267.4 1 1
lvmsync_go/escalate/escalate.go:268.3,268.24 1 1
lvmsync_go/escalate/escalate.go:270.2,270.15 1 1
lvmsync_go/escalate/escalate.go:273.33,275.16 2 1
lvmsync_go/escalate/escalate.go:275.16,278.3 1 0
lvmsync_go/escalate/escalate.go:279.2,279.32 1 1
lvmsync_go/escalate/escalate.go:279.32,281.3 1 0
lvmsync_go/escalate/escalate.go:282.2,282.15 1 1
lvmsync_go/escalate/escalate.go:295.48,295.79 1 0
lvmsync_go/escalate/escalate.go:296.48,296.82 1 0
lvmsync_go/escalate/escalate.go:297.48,297.82 1 0
lvmsync_go/escalate/escalate.go:299.127,301.16 2 1
lvmsync_go/escalate/escalate.go:301.16,303.3 1 1
lvmsync_go/escalate/escalate.go:304.2,307.18 4 1
lvmsync_go/internal/blocksize/blocksize.go:24.45,26.16 2 1
lvmsync_go/internal/blocksize/blocksize.go:26.16,28.3 1 0
lvmsync_go/internal/blocksize/blocksize.go:29.2,30.9 2 1
lvmsync_go/internal/blocksize/blocksize.go:30.9,32.53 2 1
lvmsync_go/internal/blocksize/blocksize.go:32.53,34.4 1 0
lvmsync_go/internal/blocksize/blocksize.go:36.2,38.37 3 1
lvmsync_go/internal/blocksize/blocksize.go:43.55,44.34 1 1
lvmsync_go/internal/blocksize/blocksize.go:44.34,46.17 2 1
lvmsync_go/internal/blocksize/blocksize.go:46.17,47.12 1 1
lvmsync_go/internal/blocksize/blocksize.go:49.3,50.27 2 1
lvmsync_go/internal/blocksize/blocksize.go:50.27,51.12 1 1
lvmsync_go/internal/blocksize/blocksize.go:53.3,53.16 1 1
lvmsync_go/internal/blocksize/blocksize.go:55.2,55.18 1 1
lvmsync_go/internal/blockio/blockio.go:28.60,30.40 2 1
lvmsync_go/internal/blockio/blockio.go:30.40,32.3 1 1
lvmsync_go/internal/blockio/blockio.go:33.2,35.12 3 1
lvmsync_go/internal/blockio/blockio.go:35.12,37.17 2 1
lvmsync_go/internal/blockio/blockio.go:37.17,38.46 1 0
lvmsync_go/internal/blockio/blockio.go:38.46,40.5 1 0
lvmsync_go/internal/blockio/blockio.go:40.10,42.5 1 0
lvmsync_go/internal/blockio/blockio.go:45.2,46.26 2 1
lvmsync_go/internal/blockio/blockio.go:46.26,48.3 1 1
lvmsync_go/internal/blockio/blockio.go:48.8,50.17 2 1
lvmsync_go/internal/blockio/blockio.go:50.17,52.4 1 0
lvmsync_go/internal/blockio/blockio.go:54.2,56.16 3 1
lvmsync_go/internal/blockio/blockio.go:60.30,60.52 1 1
lvmsync_go/internal/blockio/blockio.go:63.30,63.51 1 1
lvmsync_go/internal/blockio/blockio.go:66.30,66.50 1 1
lvmsync_go/internal/blockio/blockio.go:69.31,69.52 1 0
lvmsync_go/internal/blockio/blockio.go:72.30,72.49 1 1
lvmsync_go/internal/blockio/blockio.go:74.45,76.43 2 1
lvmsync_go/internal/blockio/blockio.go:76.43,77.15 1 1
lvmsync_go/internal/blockio/blockio.go:77.15,79.4 1 1
lvmsync_go/internal/blockio/blockio.go:80.3,80.15 1 1
lvmsync_go/internal/blockio/blockio.go:80.15,81.37 1 1
lvmsync_go/internal/blockio/blockio.go:81.37,83.5 1 0
lvmsync_go/internal/blockio/blockio.go:86.2,86.21 1 1
lvmsync_go/internal/blockio/blockio.go:89.44,91.34 2 1
lvmsync_go/internal/blockio/blockio.go:91.34,93.3 1 0
lvmsync_go/internal/blockio/blockio.go:94.2,94.15 1 1
lvmsync_go/internal/blockio/blockio.go:97.52,100.21 3 1
lvmsync_go/internal/blockio/blockio.go:100.21,102.3 1 0
lvmsync_go/internal/blockio/blockio.go:103.2,106.6 4 1
lvmsync_go/internal/blockio/blockio.go:106.6,108.13 2 1
lvmsync_go/internal/blockio/blockio.go:108.13,111.17 3 1
lvmsync_go/internal/blockio/blockio.go:111.17,113.5 1 0
lvmsync_go/internal/blockio/blockio.go:114.4,114.16 1 1
lvmsync_go/internal/blockio/blockio.go:114.16,116.5 1 0
lvmsync_go/internal/blockio/blockio.go:118.3,118.16 1 1
lvmsync_go/internal/blockio/blockio.go:118.16,119.20 1 1
lvmsync_go/internal/blockio/blockio.go:119.20,121.5 1 1
lvmsync_go/internal/blockio/blockio.go:122.4,122.16 1 0
lvmsync_go/internal/blockio/blockio.go:127.53,130.21 3 1
lvmsync_go/internal/blockio/blockio.go:130.21,132.3 1 0
lvmsync_go/internal/blockio/blockio.go:133.2,136.6 4 1
lvmsync_go/internal/blockio/blockio.go:136.6,138.13 2 1
lvmsync_go/internal/blockio/blockio.go:138.13,141.17 3 1
lvmsync_go/internal/blockio/blockio.go:141.17,143.5 1 0
lvmsync_go/internal/blockio/blockio.go:144.4,144.16 1 1
lvmsync_go/internal/blockio/blockio.go:144.16,146.5 1 0
lvmsync_go/internal/blockio/blockio.go:148.3,148.16 1 1
lvmsync_go/internal/blockio/blockio.go:148.16,149.20 1 1
lvmsync_go/internal/blockio/blockio.go:149.20,151.5 1 1
lvmsync_go/internal/blockio/blockio.go:152.4,152.16 1 0
lvmsync_go/internal/blockio/blockio.go:157.62,157.97 1 0
lvmsync_go/internal/blockio/blockio.go:160.57,162.34 2 1
lvmsync_go/internal/blockio/blockio.go:162.34,164.3 1 0
lvmsync_go/internal/blockio/blockio.go:165.2,165.15 1 1
lvmsync_go/internal/blockio/blockio.go:170.58,172.43 2 1
lvmsync_go/internal/blockio/blockio.go:172.43,173.15 1 0
lvmsync_go/internal/blockio/blockio.go:173.15,175.4 1 0
lvmsync_go/internal/blockio/blockio.go:176.3,176.15 1 0
lvmsync_go/internal/blockio/blockio.go:176.15,177.37 1 0
lvmsync_go/internal/blockio/blockio.go:177.37,179.5 1 0
lvmsync_go/internal/blockio/blockio.go:182.2,182.61 1 1
lvmsync_go/internal/blockio/blockio.go:182.61,183.15 1 1
lvmsync_go/internal/blockio/blockio.go:183.15,185.4 1 1
lvmsync_go/internal/blockio/blockio.go:186.3,186.15 1 1
lvmsync_go/internal/blockio/blockio.go:186.15,187.37 1 1
lvmsync_go/internal/blockio/blockio.go:187.37,189.5 1 0
lvmsync_go/internal/blockio/blockio.go:192.2,192.28 1 1
lvmsync_go/internal/blockio/blockio.go:196.29,197.39 1 1
lvmsync_go/internal/blockio/blockio.go:197.39,199.3 1 1
lvmsync_go/internal/blockio/blockio.go:200.2,201.16 2 0
lvmsync_go/internal/blockio/blockio.go:201.16,203.3 1 0
lvmsync_go/internal/blockio/blockio.go:204.2,205.16 2 0
lvmsync_go/internal/blockio/blockio.go:205.16,208.3 2 0
lvmsync_go/internal/blockio/blockio.go:209.2,210.12 2 0
lvmsync_go/internal/blockio/blockio.go:213.29,214.23 1 1
lvmsync_go/internal/blockio/blockio.go:214.23,216.3 1 1
lvmsync_go/internal/blockio/blockio.go:217.2,217.12 1 0
lvmsync_go/internal/blockio/blockio.go:220.31,222.16 2 1
lvmsync_go/internal/blockio/blockio.go:222.16,224.3 1 0
lvmsync_go/internal/blockio/blockio.go:225.2,229.20 5 1
lvmsync_go/internal/blockio/blockio.go:232.66,234.16 2 1
lvmsync_go/internal/blockio/blockio.go:234.16,236.3 1 0
lvmsync_go/internal/blockio/blockio.go:237.2,238.9 2 1
lvmsync_go/internal/blockio/blockio.go:238.9,240.53 2 1
lvmsync_go/internal/blockio/blockio.go:240.53,242.4 1 0
lvmsync_go/internal/blockio/blockio.go:244.2,248.18 5 1
lvmsync_go/internal/blockio/blockio.go:248.18,250.3 1 1
lvmsync_go/internal/blockio/blockio.go:251.2,251.19 1 1
lvmsync_go/internal/blockio/blockio.go:251.19,253.3 1 1
lvmsync_go/internal/blockio/blockio.go:254.2,254.26 1 1
lvmsync_go/internal/blockio/blockio.go:257.36,259.16 2 1
lvmsync_go/internal/blockio/blockio.go:259.16,261.3 1 1
lvmsync_go/internal/blockio/blockio.go:262.2,263.16 2 0
lvmsync_go/internal/blockio/blockio.go:263.16,265.3 1 0
lvmsync_go/internal/blockio/blockio.go:266.2,266.10 1 0
lvmsync_go/internal/blockio/blockio.go:269.24,270.13 1 1
lvmsync_go/internal/blockio/blockio.go:270.13,272.3 1 1
lvmsync_go/internal/blockio/blockio.go:273.2,273.11 1 1
lvmsync_go/internal/blockio/blockio.go:273.11,275.3 1 0
lvmsync_go/internal/blockio/blockio.go:276.2,276.10 1 1
lvmsync_go/internal/blockio/blockio.go:279.24,281.12 2 1
lvmsync_go/internal/blockio/blockio.go:281.12,283.3 1 0
lvmsync_go/internal/blockio/blockio.go:284.2,284.18 1 1
lvmsync_go/internal/blockio/buffer_pool.go:15.45,16.41 1 1
lvmsync_go/internal/blockio/buffer_pool.go:16.41,17.37 1 1
lvmsync_go/internal/blockio/buffer_pool.go:17.37,18.43 1 1
lvmsync_go/internal/blockio/buffer_pool.go:18.43,19.39 1 1
lvmsync_go/internal/blockio/buffer_pool.go:19.39,21.6 1 1
lvmsync_go/internal/blockio/buffer_pool.go:25.2,25.37 1 1
lvmsync_go/internal/blockio/buffer_pool.go:25.37,27.17 2 1
lvmsync_go/internal/blockio/buffer_pool.go:27.17,30.4 2 0
lvmsync_go/internal/blockio/buffer_pool.go:31.3,31.17 1 1
lvmsync_go/internal/blockio/buffer_pool.go:31.17,34.4 2 1
lvmsync_go/internal/blockio/buffer_pool.go:35.3,35.12 1 1
lvmsync_go/internal/blockio/buffer_pool.go:37.2,39.36 3 1
lvmsync_go/internal/blockio/buffer_pool.go:39.36,41.3 1 1
lvmsync_go/internal/blockio/buffer_pool.go:42.2,42.34 1 0
lvmsync_go/internal/blockio/buffer_pool.go:42.34,44.3 1 0
lvmsync_go/internal/blockio/buffer_pool.go:45.2,46.12 2 0
lvmsync_go/internal/blockio/buffer_pool.go:49.40,50.45 1 1
lvmsync_go/internal/blockio/buffer_pool.go:50.45,51.37 1 1
lvmsync_go/internal/blockio/buffer_pool.go:51.37,54.4 2 1
lvmsync_go/internal/blockio/buffer_pool.go:56.2,56.18 1 1
lvmsync_go/internal/blockio/buffer_pool.go:56.18,58.56 2 1
lvmsync_go/internal/blockio/buffer_pool.go:58.56,60.4 1 1
lvmsync_go/internal/blockio/buffer_pool.go:64.37,65.40 1 1
lvmsync_go/internal/blockio/buffer_pool.go:65.40,68.3 2 1
lvmsync_go/internal/blockio/buffer_pool.go:69.2,69.43 1 1
lvmsync_go/internal/blockio/buffer_pool.go:69.43,70.30 1 1
lvmsync_go/internal/blockio/buffer_pool.go:70.30,72.4 1 1
lvmsync_go/internal/blockio/buffer_pool.go:73.3,74.14 2 1
lvmsync_go/internal/blockio/devicewriter.go:18.106,20.16 2 1
lvmsync_go/internal/blockio/devicewriter.go:20.16,22.3 1 1
lvmsync_go/internal/blockio/devicewriter.go:23.2,24.16 2 1
lvmsync_go/internal/blockio/devicewriter.go:24.16,27.3 2 0
lvmsync_go/internal/blockio/devicewriter.go:28.2,28.26 1 1
lvmsync_go/internal/blockio/devicewriter.go:28.26,29.62 1 1
lvmsync_go/internal/blockio/devicewriter.go:29.62,32.4 2 1
lvmsync_go/internal/blockio/devicewriter.go:33.3,33.19 1 1
lvmsync_go/internal/blockio/devicewriter.go:35.2,35.24 1 1
lvmsync_go/internal/client/execute.go:10.188,12.12 2 1
lvmsync_go/internal/client/execute.go:12.12,14.3 1 1
lvmsync_go/internal/client/execute.go:16.2,16.9 1 1
lvmsync_go/internal/client/execute.go:17.28,18.17 1 1
lvmsync_go/internal/client/execute.go:18.17,21.4 2 1
lvmsync_go/internal/client/execute.go:22.25,23.17 1 1
lvmsync_go/internal/client/execute.go:23.17,25.4 1 1
lvmsync_go/internal/client/execute.go:26.3,26.13 1 1
lvmsync_go/internal/client/execute.go:27.20,29.19 2 0
lvmsync_go/internal/client/execute.go:32.2,32.25 1 1
lvmsync_go/internal/client/execute.go:32.25,33.7 1 1
lvmsync_go/internal/client/execute.go:33.7,34.11 1 1
lvmsync_go/internal/client/execute.go:35.35,36.12 1 1
lvmsync_go/internal/client/execute.go:36.12,38.6 1 0
lvmsync_go/internal/client/execute.go:39.5,39.19 1 1
lvmsync_go/internal/client/execute.go:39.19,42.6 2 1
lvmsync_go/internal/client/execute.go:43.22,45.21 2 0
lvmsync_go/internal/client/execute.go:50.2,50.12 1 0
lvmsync_go/internal/client/snapshot.go:30.26,41.43 1 1
lvmsync_go/internal/client/snapshot.go:41.43,41.95 1 1
lvmsync_go/internal/client/snapshot.go:57.11,59.18 2 1
lvmsync_go/internal/client/snapshot.go:59.18,61.3 1 1
lvmsync_go/internal/client/snapshot.go:62.2,62.19 1 1
lvmsync_go/internal/client/snapshot.go:62.19,64.3 1 0
lvmsync_go/internal/client/snapshot.go:65.2,65.20 1 1
lvmsync_go/internal/client/snapshot.go:65.20,67.3 1 0
lvmsync_go/internal/client/snapshot.go:68.2,68.21 1 1
lvmsync_go/internal/client/snapshot.go:68.21,70.3 1 0
lvmsync_go/internal/client/snapshot.go:71.2,71.22 1 1
lvmsync_go/internal/client/snapshot.go:71.22,73.3 1 0
lvmsync_go/internal/client/snapshot.go:74.2,74.19 1 1
lvmsync_go/internal/client/snapshot.go:74.19,76.3 1 1
lvmsync_go/internal/client/snapshot.go:77.2,77.21 1 1
lvmsync_go/internal/client/snapshot.go:77.21,79.3 1 1
lvmsync_go/internal/client/snapshot.go:80.2,80.20 1 1
lvmsync_go/internal/client/snapshot.go:80.20,82.3 1 1
lvmsync_go/internal/client/snapshot.go:83.2,83.19 1 1
lvmsync_go/internal/client/snapshot.go:83.19,85.3 1 1
lvmsync_go/internal/client/snapshot.go:86.2,86.21 1 1
lvmsync_go/internal/client/snapshot.go:86.21,88.3 1 0
lvmsync_go/internal/client/snapshot.go:89.2,89.10 1 1
lvmsync_go/internal/client/snapshot.go:92.139,94.16 2 1
lvmsync_go/internal/client/snapshot.go:94.16,96.3 1 1
lvmsync_go/internal/client/snapshot.go:97.2,97.27 1 1
lvmsync_go/internal/client/snapshot.go:100.147,101.27 1 1
lvmsync_go/internal/client/snapshot.go:101.27,103.17 2 1
lvmsync_go/internal/client/snapshot.go:103.17,105.4 1 0
lvmsync_go/internal/client/snapshot.go:106.3,107.88 2 1
lvmsync_go/internal/client/snapshot.go:110.2,110.68 1 1
lvmsync_go/internal/client/snapshot.go:110.68,112.17 2 0
lvmsync_go/internal/client/snapshot.go:112.17,114.4 1 0
lvmsync_go/internal/client/snapshot.go:115.3,116.17 2 0
lvmsync_go/internal/client/snapshot.go:116.17,118.4 1 0
lvmsync_go/internal/client/snapshot.go:119.3,120.104 2 0
lvmsync_go/internal/client/snapshot.go:122.2,122.12 1 1
lvmsync_go/internal/client/snapshot.go:125.112,126.23 1 1
lvmsync_go/internal/client/snapshot.go:126.23,128.3 1 1
lvmsync_go/internal/client/snapshot.go:129.2,130.16 2 1
lvmsync_go/internal/client/snapshot.go:130.16,132.3 1 0
lvmsync_go/internal/client/snapshot.go:133.2,133.31 1 1
lvmsync_go/internal/client/snapshot.go:133.31,135.3 1 1
lvmsync_go/internal/client/snapshot.go:136.2,137.12 2 1
lvmsync_go/internal/client/snapshot.go:140.183,143.20 3 1
lvmsync_go/internal/client/snapshot.go:143.21,143.22 0 1
lvmsync_go/internal/client/snapshot.go:145.2,145.30 1 1
lvmsync_go/internal/client/snapshot.go:145.30,146.17 1 1
lvmsync_go/internal/client/snapshot.go:146.17,148.4 1 1
lvmsync_go/internal/client/snapshot.go:149.3,149.50 1 1
lvmsync_go/internal/client/snapshot.go:152.2,154.123 3 1
lvmsync_go/internal/client/snapshot.go:154.123,156.3 1 1
lvmsync_go/internal/client/snapshot.go:157.2,163.12 6 1
lvmsync_go/internal/client/snapshot.go:163.12,165.128 2 1
lvmsync_go/internal/client/snapshot.go:165.128,167.11 2 1
lvmsync_go/internal/client/snapshot.go:168.29,168.29 0 1
lvmsync_go/internal/client/snapshot.go:169.12,169.12 0 0
lvmsync_go/internal/client/snapshot.go:174.2,174.19 1 1
lvmsync_go/internal/client/snapshot.go:174.19,179.75 5 1
lvmsync_go/internal/client/snapshot.go:179.75,181.4 1 0
lvmsync_go/internal/client/snapshot.go:181.9,183.4 1 1
lvmsync_go/internal/client/snapshot.go:186.2,186.49 1 1
lvmsync_go/internal/client/snapshot.go:192.154,194.16 2 1
lvmsync_go/internal/client/snapshot.go:194.16,196.3 1 0
lvmsync_go/internal/client/snapshot.go:197.2,200.16 3 1
lvmsync_go/internal/client/snapshot.go:200.16,202.3 1 0
lvmsync_go/internal/client/snapshot.go:204.2,204.86 1 1
lvmsync_go/internal/client/snapshot.go:204.86,206.3 1 0
lvmsync_go/internal/client/snapshot.go:208.2,208.80 1 1
lvmsync_go/internal/client/snapshot.go:208.80,210.3 1 0
lvmsync_go/internal/client/snapshot.go:212.2,212.82 1 1
lvmsync_go/internal/client/snapshot.go:218.142,220.2 1 0
lvmsync_go/internal/cpufeatures/features.go:6.22,8.2 1 1
lvmsync_go/internal/cpufeatures/features.go:11.21,13.2 1 1
lvmsync_go/internal/cpufeatures/features.go:16.23,18.2 1 1
lvmsync_go/internal/cpufeatures/features.go:21.20,23.2 1 1
lvmsync_go/internal/cpufeatures/features.go:26.22,28.2 1 1
lvmsync_go/internal/cpufeatures/features.go:31.21,33.2 1 1
lvmsync_go/internal/cpufeatures/features.go:36.21,38.2 1 0
lvmsync_go/internal/cpufeatures/features.go:41.21,43.2 1 0
lvmsync_go/internal/compressiondetect/compressiondetect.go:32.40,33.23 1 1
lvmsync_go/internal/compressiondetect/compressiondetect.go:33.23,35.17 2 1
lvmsync_go/internal/compressiondetect/compressiondetect.go:35.17,37.4 1 0
lvmsync_go/internal/compressiondetect/compressiondetect.go:38.3,39.29 2 1
lvmsync_go/internal/compressiondetect/compressiondetect.go:39.29,41.4 1 1
lvmsync_go/internal/compressiondetect/compressiondetect.go:42.3,42.29 1 1
lvmsync_go/internal/compressiondetect/compressiondetect.go:42.29,44.4 1 1
lvmsync_go/internal/compressiondetect/compressiondetect.go:46.3,46.29 1 1
lvmsync_go/internal/compressiondetect/compressiondetect.go:46.29,49.4 2 1
lvmsync_go/internal/compressiondetect/compressiondetect.go:50.3,50.47 1 1
lvmsync_go/internal/compressiondetect/compressiondetect.go:52.2,52.17 1 1
lvmsync_go/internal/compressiondetect/compressiondetect.go:56.36,59.53 3 1
lvmsync_go/internal/compressiondetect/compressiondetect.go:59.53,61.3 1 0
lvmsync_go/internal/compressiondetect/compressiondetect.go:63.2,66.22 3 1
lvmsync_go/internal/compressiondetect/compressiondetect.go:66.22,68.3 1 1
lvmsync_go/internal/compressiondetect/compressiondetect.go:69.2,69.14 1 0
lvmsync_go/internal/compressiondetect/compressiondetect.go:72.44,77.44 4 1
lvmsync_go/internal/compressiondetect/compressiondetect.go:77.44,79.3 1 0
lvmsync_go/internal/compressiondetect/compressiondetect.go:80.2,80.35 1 1
lvmsync_go/internal/compressiondetect/compressiondetect.go:80.35,82.3 1 0
lvmsync_go/internal/compressiondetect/compressiondetect.go:83.2,87.50 4 1
lvmsync_go/internal/compressiondetect/compressiondetect.go:87.50,89.3 1 0
lvmsync_go/internal/compressiondetect/compressiondetect.go:90.2,92.25 2 1
lvmsync_go/internal/compressiondetect/compressiondetect.go:95.45,99.16 3 1
lvmsync_go/internal/compressiondetect/compressiondetect.go:99.16,101.3 1 0
lvmsync_go/internal/compressiondetect/compressiondetect.go:102.2,103.43 2 1
lvmsync_go/internal/compressiondetect/compressiondetect.go:103.43,104.46 1 0
lvmsync_go/internal/compressiondetect/compressiondetect.go:104.46,106.4 1 0
lvmsync_go/internal/compressiondetect/compressiondetect.go:107.3,107.19 1 0
lvmsync_go/internal/compressiondetect/compressiondetect.go:109.2,109.34 1 1
lvmsync_go/internal/compressiondetect/compressiondetect.go:109.34,111.3 1 0
lvmsync_go/internal/compressiondetect/compressiondetect.go:112.2,116.16 4 1
lvmsync_go/internal/compressiondetect/compressiondetect.go:116.16,118.3 1 0
lvmsync_go/internal/compressiondetect/compressiondetect.go:119.2,120.50 2 1
lvmsync_go/internal/compressiondetect/compressiondetect.go:120.50,123.3 2 0
lvmsync_go/internal/compressiondetect/compressiondetect.go:124.2,127.25 3 1
lvmsync_go/internal/compressiondetect/compressiondetect.go:130.47,133.36 3 1
lvmsync_go/internal/compressiondetect/compressiondetect.go:133.36,136.3 2 0
lvmsync_go/internal/compressiondetect/compressiondetect.go:137.2,143.12 6 1
lvmsync_go/internal/compressiondetect/compressiondetect.go:147.21,153.2 5 1
lvmsync_go/internal/compressiondetect/compressiondetect.go:156.21,158.2 1 1
lvmsync_go/internal/compressiondetect/compressiondetect.go:161.21,163.2 1 1
lvmsync_go/internal/digest/digest.go:23.22,24.57 1 1
lvmsync_go/internal/digest/digest.go:24.57,26.3 1 1
lvmsync_go/internal/digest/digest.go:27.2,27.15 1 1
lvmsync_go/internal/digest/digest.go:33.22,35.2 1 0
lvmsync_go/internal/digest/hash.go:14.47,15.13 1 1
lvmsync_go/internal/digest/hash.go:16.14,17.27 1 1
lvmsync_go/internal/digest/hash.go:18.14,19.27 1 1
lvmsync_go/internal/digest/hash.go:20.10,21.66 1 1
lvmsync_go/internal/digest/hash.go:26.59,28.16 2 1
lvmsync_go/internal/digest/hash.go:28.16,30.3 1 1
lvmsync_go/internal/digest/hash.go:31.2,31.41 1 1
lvmsync_go/internal/digest/hash.go:31.41,33.3 1 1
lvmsync_go/internal/digest/hash.go:34.2,36.17 3 1
lvmsync_go/internal/digest/hash.go:40.50,42.16 2 1
lvmsync_go/internal/digest/hash.go:42.16,44.3 1 1
lvmsync_go/internal/digest/hash.go:45.2,46.26 2 1
lvmsync_go/internal/digest/hash.go:56.57,58.16 2 1
lvmsync_go/internal/digest/hash.go:58.16,60.3 1 0
lvmsync_go/internal/digest/hash.go:61.2,63.16 3 1
lvmsync_go/internal/digest/hash.go:63.16,65.3 1 0
lvmsync_go/internal/digest/hash.go:66.2,67.16 2 1
lvmsync_go/internal/digest/hash.go:67.16,69.3 1 1
lvmsync_go/internal/digest/hash.go:70.2,72.33 3 1
lvmsync_go/internal/digest/hash.go:72.33,74.3 1 0
lvmsync_go/internal/digest/hash.go:75.2,76.32 2 1
lvmsync_go/internal/digest/hash.go:76.32,77.60 1 1
lvmsync_go/internal/digest/hash.go:77.60,79.4 1 0
lvmsync_go/internal/digest/hash.go:80.3,81.34 2 1
lvmsync_go/internal/digest/hash.go:81.34,83.4 1 0
lvmsync_go/internal/digest/hash.go:84.3,84.19 1 1
lvmsync_go/internal/digest/hash.go:86.2,88.17 3 1
lvmsync_go/internal/digest/hash.go:94.88,97.13 3 1
lvmsync_go/internal/digest/hash.go:97.13,99.17 2 1
lvmsync_go/internal/digest/hash.go:99.17,101.4 1 0
lvmsync_go/internal/digest/hash.go:102.3,103.17 2 1
lvmsync_go/internal/digest/hash.go:103.17,105.4 1 0
lvmsync_go/internal/digest/hash.go:106.8,108.17 2 1
lvmsync_go/internal/digest/hash.go:108.17,110.4 1 0
lvmsync_go/internal/digest/hash.go:111.3,112.17 2 1
lvmsync_go/internal/digest/hash.go:112.17,114.4 1 1
lvmsync_go/internal/digest/hash.go:116.2,116.30 1 1
lvmsync_go/internal/config/builder.go:41.50,43.2 1 1
lvmsync_go/internal/config/builder.go:47.102,48.15 1 1
lvmsync_go/internal/config/builder.go:48.15,51.3 2 0
lvmsync_go/internal/config/builder.go:52.2,59.34 3 1
lvmsync_go/internal/config/builder.go:59.34,62.3 2 1
lvmsync_go/internal/config/builder.go:64.2,64.39 1 1
lvmsync_go/internal/config/builder.go:64.39,66.3 1 0
lvmsync_go/internal/config/builder.go:68.2,69.53 2 1
lvmsync_go/internal/config/builder.go:69.53,70.52 1 1
lvmsync_go/internal/config/builder.go:70.52,74.4 3 1
lvmsync_go/internal/config/builder.go:76.2,77.16 2 1
lvmsync_go/internal/config/builder.go:77.16,79.3 1 0
lvmsync_go/internal/config/builder.go:80.2,81.18 2 1
lvmsync_go/internal/config/builder.go:81.18,82.45 1 1
lvmsync_go/internal/config/builder.go:82.45,84.4 1 1
lvmsync_go/internal/config/builder.go:86.2,88.16 3 1
lvmsync_go/internal/config/builder.go:88.16,90.3 1 0
lvmsync_go/internal/config/builder.go:95.2,96.33 2 1
lvmsync_go/internal/config/builder.go:96.33,98.31 2 1
lvmsync_go/internal/config/builder.go:98.31,99.12 1 1
lvmsync_go/internal/config/builder.go:101.3,101.36 1 1
lvmsync_go/internal/config/builder.go:101.36,102.12 1 1
lvmsync_go/internal/config/builder.go:104.3,105.75 2 1
lvmsync_go/internal/config/builder.go:107.2,107.18 1 1
lvmsync_go/internal/config/builder.go:107.18,109.28 2 1
lvmsync_go/internal/config/builder.go:109.28,111.4 1 0
lvmsync_go/internal/config/builder.go:113.2,113.23 1 1
lvmsync_go/internal/config/builder.go:113.23,116.62 3 1
lvmsync_go/internal/config/builder.go:116.62,118.4 1 1
lvmsync_go/internal/config/builder.go:119.3,119.26 1 1
lvmsync_go/internal/config/builder.go:119.26,121.4 1 0
lvmsync_go/internal/config/builder.go:122.3,122.76 1 1
lvmsync_go/internal/config/builder.go:123.8,123.30 1 1
lvmsync_go/internal/config/builder.go:123.30,125.3 1 1
lvmsync_go/internal/config/builder.go:126.2,127.30 2 1
lvmsync_go/internal/config/builder.go:127.30,129.3 1 1
lvmsync_go/internal/config/builder.go:130.2,130.35 1 1
lvmsync_go/internal/config/defaults.go:139.53,140.19 1 0
lvmsync_go/internal/config/defaults.go:140.19,142.3 1 0
lvmsync_go/internal/config/defaults.go:143.2,143.29 1 0
lvmsync_go/internal/config/defaults.go:143.29,145.3 1 0
lvmsync_go/internal/config/defaults.go:146.2,146.54 1 0
lvmsync_go/internal/config/defaults.go:149.42,150.46 1 0
lvmsync_go/internal/config/defaults.go:150.46,152.3 1 0
lvmsync_go/internal/config/defaults.go:153.2,153.27 1 0
lvmsync_go/internal/config/defaults.go:156.42,157.22 1 0
lvmsync_go/internal/config/defaults.go:157.22,159.3 1 0
lvmsync_go/internal/config/defaults.go:160.2,161.16 2 0
lvmsync_go/internal/config/defaults.go:161.16,163.3 1 0
lvmsync_go/internal/config/defaults.go:164.2,164.11 1 0
lvmsync_go/internal/config/defaults.go:169.42,170.22 1 0
lvmsync_go/internal/config/defaults.go:170.22,172.3 1 0
lvmsync_go/internal/config/defaults.go:173.2,173.28 1 0
lvmsync_go/internal/config/defaults.go:176.39,178.16 2 1
lvmsync_go/internal/config/defaults.go:178.16,180.3 1 0
lvmsync_go/internal/config/defaults.go:181.2,285.8 1 1
lvmsync_go/internal/config/doc.go:17.34,20.31 3 1
lvmsync_go/internal/config/doc.go:20.31,21.36 1 1
lvmsync_go/internal/config/doc.go:21.36,24.4 2 1
lvmsync_go/internal/config/doc.go:26.2,26.39 1 1
lvmsync_go/internal/config/doc.go:26.39,26.77 1 1
lvmsync_go/internal/config/doc.go:27.2,30.25 4 1
lvmsync_go/internal/config/doc.go:30.25,32.3 1 1
lvmsync_go/internal/config/doc.go:33.2,33.19 1 1
lvmsync_go/internal/config/flagsets.go:26.41,37.2 1 1
lvmsync_go/internal/config/flagsets.go:40.43,51.2 1 1
lvmsync_go/internal/config/flagsets.go:53.51,100.2 46 1
lvmsync_go/internal/config/flagsets.go:102.52,109.2 6 1
lvmsync_go/internal/config/flagsets.go:111.47,124.2 12 1
lvmsync_go/internal/config/flagsets.go:126.50,132.2 5 1
lvmsync_go/internal/config/flagsets.go:134.49,148.2 13 1
lvmsync_go/internal/config/flagsets.go:150.55,158.2 7 1
lvmsync_go/internal/config/flagsets.go:160.47,177.2 14 1
lvmsync_go/internal/config/flagsets.go:179.53,188.2 8 1
lvmsync_go/internal/config/flagsets.go:190.63,191.36 1 1
lvmsync_go/internal/config/flagsets.go:191.36,193.3 1 1
lvmsync_go/internal/config/flagsets.go:194.2,195.24 2 1
lvmsync_go/internal/config/flagsets.go:195.24,196.37 1 0
lvmsync_go/internal/config/flagsets.go:196.37,201.4 4 0
lvmsync_go/internal/config/flagsets.go:207.64,209.34 2 1
lvmsync_go/internal/config/flagsets.go:209.34,210.17 1 1
lvmsync_go/internal/config/flagsets.go:210.17,212.4 1 0
lvmsync_go/internal/config/flagsets.go:213.3,214.44 2 1
lvmsync_go/internal/config/flagsets.go:214.44,216.4 1 0
lvmsync_go/internal/config/flagsets.go:218.2,218.12 1 1
lvmsync_go/internal/config/flagsets.go:223.60,225.34 2 1
lvmsync_go/internal/config/flagsets.go:225.34,226.17 1 1
lvmsync_go/internal/config/flagsets.go:226.17,228.4 1 0
lvmsync_go/internal/config/flagsets.go:229.3,232.17 4 1
lvmsync_go/internal/config/flagsets.go:232.17,234.4 1 1
lvmsync_go/internal/config/flagsets.go:235.3,235.44 1 1
lvmsync_go/internal/config/flagsets.go:235.44,237.4 1 0
lvmsync_go/internal/config/flagsets.go:239.2,239.12 1 1
lvmsync_go/internal/config/flagsets.go:244.66,246.34 2 1
lvmsync_go/internal/config/flagsets.go:246.34,247.17 1 1
lvmsync_go/internal/config/flagsets.go:247.17,249.4 1 0
lvmsync_go/internal/config/flagsets.go:250.3,251.44 2 1
lvmsync_go/internal/config/flagsets.go:251.44,253.4 1 0
lvmsync_go/internal/config/flagsets.go:255.2,255.12 1 1
lvmsync_go/internal/config/flagsets.go:260.58,262.34 2 1
lvmsync_go/internal/config/flagsets.go:262.34,263.17 1 1
lvmsync_go/internal/config/flagsets.go:263.17,265.4 1 0
lvmsync_go/internal/config/flagsets.go:266.3,269.17 4 1
lvmsync_go/internal/config/flagsets.go:269.17,271.4 1 1
lvmsync_go/internal/config/flagsets.go:272.3,272.44 1 1
lvmsync_go/internal/config/flagsets.go:272.44,274.4 1 0
lvmsync_go/internal/config/flagsets.go:276.2,276.12 1 1
lvmsync_go/internal/config/schema.go:15.47,16.28 1 1
lvmsync_go/internal/config/schema.go:16.28,18.3 1 0
lvmsync_go/internal/config/schema.go:19.2,21.16 3 1
lvmsync_go/internal/config/schema.go:21.16,23.3 1 0
lvmsync_go/internal/config/schema.go:24.2,26.16 3 1
lvmsync_go/internal/config/schema.go:26.16,28.3 1 0
lvmsync_go/internal/config/schema.go:29.2,29.21 1 1
lvmsync_go/internal/config/schema.go:29.21,31.37 2 1
lvmsync_go/internal/config/schema.go:31.37,33.4 1 1
lvmsync_go/internal/config/schema.go:34.3,34.72 1 1
lvmsync_go/internal/config/schema.go:36.2,36.12 1 1
lvmsync_go/internal/config/validation.go:18.35,18.72 1 1
lvmsync_go/internal/config/validation.go:21.57,22.51 1 1
lvmsync_go/internal/config/validation.go:22.51,24.3 1 0
lvmsync_go/internal/config/validation.go:25.2,25.96 1 1
lvmsync_go/internal/config/validation.go:25.96,27.3 1 1
lvmsync_go/internal/config/validation.go:28.2,28.126 1 1
lvmsync_go/internal/config/validation.go:28.126,30.3 1 0
lvmsync_go/internal/config/validation.go:31.2,31.116 1 1
lvmsync_go/internal/config/validation.go:31.116,33.3 1 0
lvmsync_go/internal/config/validation.go:34.2,34.86 1 1
lvmsync_go/internal/config/validation.go:34.86,36.3 1 1
lvmsync_go/internal/config/validation.go:37.2,37.63 1 1
lvmsync_go/internal/config/validation.go:37.63,39.3 1 0
lvmsync_go/internal/config/validation.go:40.2,40.54 1 1
lvmsync_go/internal/config/validation.go:40.54,41.55 1 1
lvmsync_go/internal/config/validation.go:41.55,43.4 1 1
lvmsync_go/internal/config/validation.go:44.3,45.17 2 1
lvmsync_go/internal/config/validation.go:45.17,47.4 1 0
lvmsync_go/internal/config/validation.go:48.3,49.17 2 1
lvmsync_go/internal/config/validation.go:49.17,51.4 1 0
lvmsync_go/internal/config/validation.go:52.3,52.28 1 1
lvmsync_go/internal/config/validation.go:52.28,54.4 1 0
lvmsync_go/internal/config/validation.go:55.3,55.26 1 1
lvmsync_go/internal/config/validation.go:55.26,57.4 1 0
lvmsync_go/internal/config/validation.go:58.3,58.77 1 1
lvmsync_go/internal/config/validation.go:58.77,60.4 1 1
lvmsync_go/internal/config/validation.go:61.3,61.73 1 1
lvmsync_go/internal/config/validation.go:61.73,63.4 1 1
lvmsync_go/internal/config/validation.go:65.2,65.33 1 1
lvmsync_go/internal/config/validation.go:65.33,67.3 1 0
lvmsync_go/internal/config/validation.go:68.2,68.44 1 1
lvmsync_go/internal/config/validation.go:68.44,70.3 1 0
lvmsync_go/internal/config/validation.go:71.2,71.27 1 1
lvmsync_go/internal/config/validation.go:71.27,73.3 1 0
lvmsync_go/internal/config/validation.go:74.2,74.53 1 1
lvmsync_go/internal/config/validation.go:74.53,76.3 1 0
lvmsync_go/internal/config/validation.go:77.2,77.53 1 1
lvmsync_go/internal/config/validation.go:77.53,79.3 1 0
lvmsync_go/internal/config/validation.go:80.2,80.25 1 1
lvmsync_go/internal/config/validation.go:80.25,83.76 3 0
lvmsync_go/internal/config/validation.go:83.76,85.4 1 0
lvmsync_go/internal/config/validation.go:87.2,87.31 1 1
lvmsync_go/internal/config/validation.go:87.31,90.82 3 0
lvmsync_go/internal/config/validation.go:90.82,92.4 1 0
lvmsync_go/internal/config/validation.go:94.2,94.20 1 1
lvmsync_go/internal/config/validation.go:94.20,96.17 2 0
lvmsync_go/internal/config/validation.go:96.17,98.4 1 0
lvmsync_go/internal/config/validation.go:99.3,99.49 1 0
lvmsync_go/internal/config/validation.go:99.49,101.4 1 0
lvmsync_go/internal/config/validation.go:102.3,102.25 1 0
lvmsync_go/internal/config/validation.go:102.25,104.32 2 0
lvmsync_go/internal/config/validation.go:104.32,105.18 1 0
lvmsync_go/internal/config/validation.go:105.18,107.11 2 0
lvmsync_go/internal/config/validation.go:110.4,110.13 1 0
lvmsync_go/internal/config/validation.go:110.13,112.5 1 0
lvmsync_go/internal/config/validation.go:115.2,115.55 1 1
lvmsync_go/internal/config/validation.go:115.55,117.3 1 0
lvmsync_go/internal/config/validation.go:118.2,118.12 1 1
lvmsync_go/internal/config/validation.go:121.51,122.41 1 1
lvmsync_go/internal/config/validation.go:122.41,124.27 2 1
lvmsync_go/internal/config/validation.go:124.27,126.15 2 1
lvmsync_go/internal/config/validation.go:126.15,127.13 1 0
lvmsync_go/internal/config/validation.go:129.4,130.51 2 1
lvmsync_go/internal/config/validation.go:130.51,131.23 1 1
lvmsync_go/internal/config/validation.go:131.23,133.11 2 1
lvmsync_go/internal/config/validation.go:136.4,136.14 1 1
lvmsync_go/internal/config/validation.go:136.14,138.5 1 0
lvmsync_go/internal/config/validation.go:141.2,141.62 1 1
lvmsync_go/internal/config/validation.go:141.62,143.3 1 0
lvmsync_go/internal/config/validation.go:144.2,145.47 2 1
lvmsync_go/internal/config/validation.go:145.47,147.3 1 0
lvmsync_go/internal/config/validation.go:148.2,148.57 1 1
lvmsync_go/internal/config/validation.go:148.57,150.3 1 0
lvmsync_go/internal/config/validation.go:151.2,151.12 1 1
lvmsync_go/internal/config/validation.go:154.46,155.50 1 0
lvmsync_go/internal/config/validation.go:155.50,157.17 2 0
lvmsync_go/internal/config/validation.go:157.17,159.4 1 0
lvmsync_go/internal/config/validation.go:160.3,160.52 1 0
lvmsync_go/internal/config/validation.go:160.52,162.4 1 0
lvmsync_go/internal/config/validation.go:163.3,163.19 1 0
lvmsync_go/internal/config/validation.go:165.2,166.50 2 0
lvmsync_go/internal/config/validation.go:166.50,167.16 1 0
lvmsync_go/internal/config/validation.go:167.16,168.12 1 0
lvmsync_go/internal/config/validation.go:170.3,172.17 3 0
lvmsync_go/internal/config/validation.go:172.17,173.12 1 0
lvmsync_go/internal/config/validation.go:175.3,175.53 1 0
lvmsync_go/internal/config/validation.go:175.53,177.4 1 0
lvmsync_go/internal/config/validation.go:179.2,179.65 1 0
lvmsync_go/internal/config/viper_builder.go:27.44,30.45 3 1
lvmsync_go/internal/config/viper_builder.go:30.45,32.3 1 0
lvmsync_go/internal/config/viper_builder.go:34.2,34.47 1 1
lvmsync_go/internal/config/viper_builder.go:34.47,36.3 1 0
lvmsync_go/internal/config/viper_builder.go:37.2,37.53 1 1
lvmsync_go/internal/config/viper_builder.go:37.53,39.3 1 0
lvmsync_go/internal/config/viper_builder.go:40.2,40.48 1 1
lvmsync_go/internal/config/viper_builder.go:40.48,42.3 1 0
lvmsync_go/internal/config/viper_builder.go:43.2,43.40 1 1
lvmsync_go/internal/config/viper_builder.go:43.40,45.3 1 0
lvmsync_go/internal/config/viper_builder.go:47.2,47.19 1 1
lvmsync_go/internal/config/viper_builder.go:50.53,51.21 1 1
lvmsync_go/internal/config/viper_builder.go:51.21,53.3 1 0
lvmsync_go/internal/config/viper_builder.go:54.2,54.35 1 1
lvmsync_go/internal/config/viper_builder.go:54.35,56.3 1 1
lvmsync_go/internal/config/viper_builder.go:57.2,57.32 1 1
lvmsync_go/internal/config/viper_builder.go:57.32,59.3 1 1
lvmsync_go/internal/config/viper_builder.go:60.2,60.29 1 1
lvmsync_go/internal/config/viper_builder.go:60.29,62.3 1 1
lvmsync_go/internal/config/viper_builder.go:63.2,63.30 1 1
lvmsync_go/internal/config/viper_builder.go:63.30,65.3 1 1
lvmsync_go/internal/config/viper_builder.go:66.2,66.26 1 1
lvmsync_go/internal/config/viper_builder.go:66.26,68.3 1 0
lvmsync_go/internal/config/viper_builder.go:69.2,69.31 1 1
lvmsync_go/internal/config/viper_builder.go:69.31,71.3 1 0
lvmsync_go/internal/config/viper_builder.go:72.2,72.40 1 1
lvmsync_go/internal/config/viper_builder.go:72.40,74.3 1 0
lvmsync_go/internal/config/viper_builder.go:75.2,75.43 1 1
lvmsync_go/internal/config/viper_builder.go:75.43,77.3 1 1
lvmsync_go/internal/config/viper_builder.go:78.2,78.23 1 1
lvmsync_go/internal/config/viper_builder.go:78.23,80.3 1 0
lvmsync_go/internal/config/viper_builder.go:82.2,82.30 1 1
lvmsync_go/internal/config/viper_builder.go:82.30,84.3 1 0
lvmsync_go/internal/config/viper_builder.go:85.2,85.36 1 1
lvmsync_go/internal/config/viper_builder.go:85.36,87.3 1 1
lvmsync_go/internal/config/viper_builder.go:88.2,88.26 1 1
lvmsync_go/internal/config/viper_builder.go:88.26,90.3 1 0
lvmsync_go/internal/config/viper_builder.go:91.2,91.27 1 1
lvmsync_go/internal/config/viper_builder.go:91.27,93.3 1 0
lvmsync_go/internal/config/viper_builder.go:94.2,94.22 1 1
lvmsync_go/internal/config/viper_builder.go:94.22,96.3 1 0
lvmsync_go/internal/config/viper_builder.go:97.2,97.22 1 1
lvmsync_go/internal/config/viper_builder.go:97.22,99.3 1 0
lvmsync_go/internal/config/viper_builder.go:100.2,100.22 1 1
lvmsync_go/internal/config/viper_builder.go:100.22,102.3 1 0
lvmsync_go/internal/config/viper_builder.go:103.2,103.25 1 1
lvmsync_go/internal/config/viper_builder.go:103.25,105.3 1 1
lvmsync_go/internal/config/viper_builder.go:107.2,108.16 2 1
lvmsync_go/internal/config/viper_builder.go:108.16,110.3 1 0
lvmsync_go/internal/config/viper_builder.go:111.2,113.34 3 1
lvmsync_go/internal/config/viper_builder.go:113.34,115.3 1 0
lvmsync_go/internal/config/viper_builder.go:116.2,117.16 2 1
lvmsync_go/internal/config/viper_builder.go:117.16,119.3 1 0
lvmsync_go/internal/config/viper_builder.go:120.2,123.16 3 1
lvmsync_go/internal/config/viper_builder.go:123.16,125.3 1 0
lvmsync_go/internal/config/viper_builder.go:126.2,127.29 2 1
lvmsync_go/internal/config/viper_builder.go:127.29,129.3 1 0
lvmsync_go/internal/config/viper_builder.go:131.2,132.16 2 1
lvmsync_go/internal/config/viper_builder.go:132.16,134.3 1 0
lvmsync_go/internal/config/viper_builder.go:135.2,136.35 2 1
lvmsync_go/internal/config/viper_builder.go:136.35,138.3 1 0
lvmsync_go/internal/config/viper_builder.go:140.2,140.35 1 1
lvmsync_go/internal/config/viper_builder.go:140.35,142.3 1 0
lvmsync_go/internal/config/viper_builder.go:143.2,143.33 1 1
lvmsync_go/internal/config/viper_builder.go:143.33,145.3 1 0
lvmsync_go/internal/config/viper_builder.go:146.2,146.25 1 1
lvmsync_go/internal/config/viper_builder.go:146.25,148.3 1 0
lvmsync_go/internal/config/viper_builder.go:149.2,149.25 1 1
lvmsync_go/internal/config/viper_builder.go:149.25,151.3 1 0
lvmsync_go/internal/config/viper_builder.go:152.2,152.31 1 1
lvmsync_go/internal/config/viper_builder.go:152.31,154.3 1 0
lvmsync_go/internal/config/viper_builder.go:155.2,155.12 1 1
lvmsync_go/internal/config/viper_builder.go:158.49,159.30 1 0
lvmsync_go/internal/config/viper_builder.go:159.30,161.3 1 0
lvmsync_go/internal/config/viper_builder.go:162.2,162.29 1 0
lvmsync_go/internal/config/viper_builder.go:162.29,164.3 1 0
lvmsync_go/internal/config/viper_builder.go:165.2,165.32 1 0
lvmsync_go/internal/config/viper_builder.go:165.32,167.3 1 0
lvmsync_go/internal/config/viper_builder.go:168.2,168.26 1 0
lvmsync_go/internal/config/viper_builder.go:168.26,170.3 1 0
lvmsync_go/internal/config/viper_builder.go:171.2,171.31 1 0
lvmsync_go/internal/config/viper_builder.go:171.31,174.3 2 0
lvmsync_go/internal/config/viper_builder.go:175.2,175.28 1 0
lvmsync_go/internal/config/viper_builder.go:175.28,177.3 1 0
lvmsync_go/internal/config/viper_builder.go:178.2,178.28 1 0
lvmsync_go/internal/config/viper_builder.go:178.28,180.3 1 0
lvmsync_go/internal/config/viper_builder.go:181.2,181.28 1 0
lvmsync_go/internal/config/viper_builder.go:181.28,183.3 1 0
lvmsync_go/internal/config/viper_builder.go:184.2,184.29 1 0
lvmsync_go/internal/config/viper_builder.go:184.29,186.3 1 0
lvmsync_go/internal/config/viper_builder.go:187.2,187.28 1 0
lvmsync_go/internal/config/viper_builder.go:187.28,189.3 1 0
lvmsync_go/internal/config/viper_builder.go:190.2,190.34 1 0
lvmsync_go/internal/config/viper_builder.go:190.34,193.3 2 0
lvmsync_go/internal/config/viper_builder.go:194.2,194.72 1 0
lvmsync_go/internal/config/viper_builder.go:194.72,196.3 1 0
lvmsync_go/internal/config/viper_builder.go:199.59,200.58 1 1
lvmsync_go/internal/config/viper_builder.go:200.58,202.3 1 0
lvmsync_go/internal/config/viper_builder.go:203.2,204.40 2 1
lvmsync_go/internal/config/viper_builder.go:204.40,206.3 1 1
lvmsync_go/internal/config/viper_builder.go:207.2,207.37 1 1
lvmsync_go/internal/config/viper_builder.go:207.37,209.3 1 0
lvmsync_go/internal/config/viper_builder.go:210.2,210.18 1 1
lvmsync_go/internal/config/viper_builder.go:211.12,212.38 1 1
lvmsync_go/internal/config/viper_builder.go:213.13,214.47 1 0
lvmsync_go/internal/config/viper_builder.go:214.47,216.4 1 0
lvmsync_go/internal/config/viper_builder.go:216.9,218.4 1 0
lvmsync_go/internal/config/viper_builder.go:219.14,219.14 0 0
lvmsync_go/internal/config/viper_builder.go:221.10,222.76 1 0
lvmsync_go/internal/config/viper_builder.go:224.2,224.12 1 1
lvmsync_go/internal/config/viper_builder.go:227.54,228.51 1 1
lvmsync_go/internal/config/viper_builder.go:228.51,231.3 2 0
lvmsync_go/internal/config/viper_builder.go:232.2,233.14 2 1
lvmsync_go/internal/config/viper_builder.go:234.32,235.32 1 1
lvmsync_go/internal/config/viper_builder.go:236.10,237.82 1 0
lvmsync_go/internal/config/viper_builder.go:240.2,240.97 1 1
lvmsync_go/internal/config/viper_builder.go:240.97,241.52 1 0
lvmsync_go/internal/config/viper_builder.go:241.52,243.4 1 0
lvmsync_go/internal/config/viper_builder.go:244.3,244.53 1 0
lvmsync_go/internal/config/viper_builder.go:244.53,246.4 1 0
lvmsync_go/internal/config/viper_builder.go:247.3,247.52 1 0
lvmsync_go/internal/config/viper_builder.go:247.52,249.4 1 0
lvmsync_go/internal/config/viper_builder.go:250.3,250.24 1 0
lvmsync_go/internal/config/viper_builder.go:250.24,251.50 1 0
lvmsync_go/internal/config/viper_builder.go:251.50,253.5 1 0
lvmsync_go/internal/config/viper_builder.go:256.2,256.12 1 1
lvmsync_go/internal/config/viper_builder.go:259.75,261.15 2 1
lvmsync_go/internal/config/viper_builder.go:261.15,263.3 1 0
lvmsync_go/internal/config/viper_builder.go:264.2,265.29 2 1
lvmsync_go/internal/config/viper_builder.go:265.29,267.3 1 0
lvmsync_go/internal/config/viper_builder.go:268.2,268.31 1 1
lvmsync_go/internal/config/viper_builder.go:268.31,270.3 1 0
lvmsync_go/internal/config/viper_builder.go:271.2,271.22 1 1
lvmsync_go/internal/config/viper_builder.go:274.57,276.15 2 1
lvmsync_go/internal/config/viper_builder.go:276.15,278.3 1 0
lvmsync_go/internal/config/viper_builder.go:279.2,279.34 1 1
lvmsync_go/internal/config/viper_builder.go:279.34,281.3 1 1
lvmsync_go/internal/config/viper_builder.go:282.2,283.29 2 0
lvmsync_go/internal/config/viper_builder.go:283.29,285.3 1 0
lvmsync_go/internal/config/viper_builder.go:286.2,286.31 1 0
lvmsync_go/internal/config/viper_builder.go:286.31,288.3 1 0
lvmsync_go/internal/config/viper_builder.go:289.2,289.27 1 0
lvmsync_go/internal/config/viper_builder.go:292.91,301.36 9 1
lvmsync_go/internal/config/viper_builder.go:301.36,302.42 1 1
lvmsync_go/internal/config/viper_builder.go:302.42,304.4 1 0
lvmsync_go/internal/config/viper_builder.go:305.3,305.35 1 1
lvmsync_go/internal/config/viper_builder.go:305.35,306.21 1 1
lvmsync_go/internal/config/viper_builder.go:306.21,308.5 1 1
lvmsync_go/internal/config/viper_builder.go:309.4,309.37 1 1
lvmsync_go/internal/config/viper_builder.go:309.37,312.5 2 1
lvmsync_go/internal/config/viper_builder.go:315.2,315.19 1 1
lvmsync_go/internal/config/viper_builder.go:315.19,317.3 1 0
lvmsync_go/internal/config/viper_builder.go:319.2,319.64 1 1
lvmsync_go/internal/config/viper_builder.go:319.64,321.3 1 0
lvmsync_go/internal/config/viper_builder.go:322.2,322.56 1 1
lvmsync_go/internal/config/viper_builder.go:322.56,324.3 1 0
lvmsync_go/internal/config/viper_builder.go:325.2,325.68 1 1
lvmsync_go/internal/config/viper_builder.go:325.68,327.3 1 0
lvmsync_go/internal/config/viper_builder.go:328.2,328.52 1 1
lvmsync_go/internal/config/viper_builder.go:328.52,330.3 1 0
lvmsync_go/internal/config/viper_builder.go:331.2,334.53 4 1
lvmsync_go/internal/config/viper_builder.go:334.53,336.17 2 1
lvmsync_go/internal/config/viper_builder.go:336.17,338.4 1 0
lvmsync_go/internal/config/viper_builder.go:339.3,340.61 2 1
lvmsync_go/internal/config/viper_builder.go:340.61,342.4 1 0
lvmsync_go/internal/config/viper_builder.go:343.3,343.52 1 1
lvmsync_go/internal/config/viper_builder.go:343.52,344.54 1 1
lvmsync_go/internal/config/viper_builder.go:344.54,346.5 1 1
lvmsync_go/internal/config/viper_builder.go:347.4,347.54 1 1
lvmsync_go/internal/config/viper_builder.go:347.54,349.5 1 0
lvmsync_go/internal/config/viper_builder.go:350.4,351.23 2 1
lvmsync_go/internal/config/viper_builder.go:351.23,352.30 1 1
lvmsync_go/internal/config/viper_builder.go:352.30,353.14 1 1
lvmsync_go/internal/config/viper_builder.go:355.5,355.12 1 1
lvmsync_go/internal/config/viper_builder.go:356.35,357.61 1 0
lvmsync_go/internal/config/viper_builder.go:357.61,358.15 1 0
lvmsync_go/internal/config/viper_builder.go:360.35,361.61 1 0
lvmsync_go/internal/config/viper_builder.go:361.61,362.15 1 0
lvmsync_go/internal/config/viper_builder.go:365.5,365.80 1 1
lvmsync_go/internal/config/viper_builder.go:369.2,369.49 1 1
lvmsync_go/internal/config/viper_builder.go:372.44,375.36 3 1
lvmsync_go/internal/config/viper_builder.go:375.36,377.30 2 1
lvmsync_go/internal/config/viper_builder.go:377.30,379.4 1 1
lvmsync_go/internal/config/viper_builder.go:381.2,381.13 1 1
lvmsync_go/internal/config/viper_builder.go:384.41,385.35 1 1
lvmsync_go/internal/config/viper_builder.go:385.35,386.10 1 1
lvmsync_go/internal/config/viper_builder.go:387.33,388.55 1 1
lvmsync_go/internal/config/viper_builder.go:389.33,390.55 1 1
lvmsync_go/internal/config/viper_builder.go:395.45,396.18 1 1
lvmsync_go/internal/config/viper_builder.go:396.18,398.3 1 1
lvmsync_go/internal/config/viper_builder.go:399.2,399.32 1 1
lvmsync_go/internal/config/viper_builder.go:399.32,401.3 1 1
lvmsync_go/internal/config/viper_builder.go:402.2,402.32 1 0
lvmsync_go/internal/config/viper_builder.go:402.32,404.3 1 0
lvmsync_go/internal/config/viper_builder.go:405.2,405.14 1 0
lvmsync_go/internal/limiter/token.go:29.41,29.62 1 0
lvmsync_go/internal/limiter/token.go:30.41,30.58 1 0
lvmsync_go/internal/limiter/token.go:43.51,44.16 1 1
lvmsync_go/internal/limiter/token.go:44.16,46.3 1 0
lvmsync_go/internal/limiter/token.go:47.2,47.116 1 1
lvmsync_go/internal/limiter/token.go:51.36,52.17 1 1
lvmsync_go/internal/limiter/token.go:52.17,54.3 1 0
lvmsync_go/internal/limiter/token.go:55.2,56.6 2 1
lvmsync_go/internal/limiter/token.go:56.6,60.18 4 1
lvmsync_go/internal/limiter/token.go:60.18,62.26 2 1
lvmsync_go/internal/limiter/token.go:62.26,64.5 1 0
lvmsync_go/internal/limiter/token.go:65.4,65.16 1 1
lvmsync_go/internal/limiter/token.go:67.3,67.23 1 1
lvmsync_go/internal/limiter/token.go:67.23,71.4 3 1
lvmsync_go/internal/limiter/token.go:72.3,74.58 3 1
lvmsync_go/device/context.go:16.65,18.2 1 1
lvmsync_go/device/context.go:20.49,21.45 1 1
lvmsync_go/device/context.go:21.45,23.3 1 1
lvmsync_go/device/context.go:24.2,24.14 1 1
lvmsync_go/device/context.go:28.74,30.2 1 1
lvmsync_go/device/context.go:32.58,33.54 1 1
lvmsync_go/device/context.go:33.54,35.3 1 1
lvmsync_go/device/context.go:36.2,36.14 1 1
lvmsync_go/device/context.go:40.66,42.2 1 1
lvmsync_go/device/context.go:44.52,45.48 1 1
lvmsync_go/device/context.go:45.48,47.3 1 1
lvmsync_go/device/context.go:48.2,48.14 1 1
lvmsync_go/device/context.go:59.84,61.2 1 1
lvmsync_go/device/context.go:63.79,64.61 1 1
lvmsync_go/device/context.go:64.61,66.3 1 1
lvmsync_go/device/context.go:67.2,67.12 1 1
lvmsync_go/device/detect.go:18.61,20.52 2 1
lvmsync_go/device/detect.go:20.52,22.3 1 1
lvmsync_go/device/detect.go:23.2,24.16 2 0
lvmsync_go/device/detect.go:24.16,26.3 1 0
lvmsync_go/device/detect.go:27.2,27.44 1 0
lvmsync_go/device/detect.go:27.44,29.3 1 0
lvmsync_go/device/detect.go:30.2,30.49 1 0
lvmsync_go/device/detect.go:30.49,32.3 1 0
lvmsync_go/device/detect.go:33.2,33.12 1 0
lvmsync_go/device/detect.go:37.72,39.16 2 1
lvmsync_go/device/detect.go:39.16,42.3 2 1
lvmsync_go/device/detect.go:43.2,44.17 2 1
lvmsync_go/device/detect.go:48.123,49.67 1 1
lvmsync_go/device/detect.go:49.67,52.3 2 1
lvmsync_go/device/detect.go:53.2,54.16 2 1
lvmsync_go/device/detect.go:54.16,56.3 1 0
lvmsync_go/device/detect.go:57.2,59.16 3 1
lvmsync_go/device/detect.go:59.16,62.3 2 1
lvmsync_go/device/detect.go:63.2,63.50 1 1
lvmsync_go/device/detect.go:63.50,67.3 3 0
lvmsync_go/device/detect.go:68.2,69.17 2 1
lvmsync_go/device/detect.go:82.19,85.23 3 1
lvmsync_go/device/detect.go:85.23,87.17 2 1
lvmsync_go/device/detect.go:87.17,91.4 3 1
lvmsync_go/device/detect.go:92.3,92.21 1 0
lvmsync_go/device/detect.go:92.21,95.4 2 0
lvmsync_go/device/detect.go:97.2,97.21 1 1
lvmsync_go/device/detect.go:97.21,99.17 2 1
lvmsync_go/device/detect.go:99.17,103.4 3 1
lvmsync_go/device/detect.go:104.3,104.21 1 0
lvmsync_go/device/detect.go:104.21,107.4 2 0
lvmsync_go/device/detect.go:109.2,110.16 2 1
lvmsync_go/device/detect.go:110.16,113.3 2 1
lvmsync_go/device/detect.go:114.2,114.50 1 1
lvmsync_go/device/detect.go:114.50,118.3 3 0
lvmsync_go/device/detect.go:119.2,120.17 2 1
lvmsync_go/device/detect.go:138.19,139.19 1 1
lvmsync_go/device/detect.go:139.19,141.3 1 0
lvmsync_go/device/detect.go:142.2,143.16 2 1
lvmsync_go/device/detect.go:143.16,146.3 2 0
lvmsync_go/device/detect.go:147.2,147.31 1 1
lvmsync_go/device/detect.go:147.31,151.3 3 1
lvmsync_go/device/detect.go:152.2,153.16 2 1
lvmsync_go/device/detect.go:153.16,156.3 2 0
lvmsync_go/device/detect.go:157.2,157.60 1 1
lvmsync_go/device/detect.go:157.60,159.17 2 1
lvmsync_go/device/detect.go:159.17,162.4 2 0
lvmsync_go/device/detect.go:163.3,163.37 1 1
lvmsync_go/device/detect.go:163.37,164.30 1 1
lvmsync_go/device/detect.go:164.30,168.5 3 0
lvmsync_go/device/detect.go:169.4,170.17 2 1
lvmsync_go/device/detect.go:171.9,174.39 1 1
lvmsync_go/device/detect.go:174.39,178.5 3 1
lvmsync_go/device/detect.go:181.2,181.52 1 1
lvmsync_go/device/detect.go:181.52,182.23 1 0
lvmsync_go/device/detect.go:183.17,184.32 1 0
lvmsync_go/device/detect.go:184.32,186.5 1 0
lvmsync_go/device/detect.go:187.4,187.45 1 0
lvmsync_go/device/detect.go:188.16,189.76 1 0
lvmsync_go/device/detect.go:189.76,191.5 1 0
lvmsync_go/device/detect.go:192.4,192.72 1 0
lvmsync_go/device/detect.go:193.16,194.76 1 0
lvmsync_go/device/detect.go:194.76,196.5 1 0
lvmsync_go/device/detect.go:197.4,197.123 1 0
lvmsync_go/device/detect.go:198.11,199.66 1 0
lvmsync_go/device/detect.go:202.2,202.29 1 1
lvmsync_go/device/detect.go:202.29,204.3 1 1
lvmsync_go/device/detect.go:205.2,205.74 1 0
lvmsync_go/device/detect.go:205.74,208.44 3 0
lvmsync_go/device/detect.go:208.44,210.4 1 0
lvmsync_go/device/detect.go:211.3,211.122 1 0
lvmsync_go/device/detect.go:213.2,215.17 3 0
lvmsync_go/device/discard_linux.go:17.93,18.112 1 1
lvmsync_go/device/discard_linux.go:18.112,20.3 1 0
lvmsync_go/device/discard_linux.go:20.8,20.21 1 1
lvmsync_go/device/discard_linux.go:20.21,22.3 1 0
lvmsync_go/device/discard_linux.go:23.2,25.16 3 1
lvmsync_go/device/discard_linux.go:25.16,27.3 1 1
lvmsync_go/device/discard_linux.go:28.2,29.12 2 0
lvmsync_go/device/discard_linux.go:35.88,37.15 2 1
lvmsync_go/device/discard_linux.go:37.15,39.3 1 0
lvmsync_go/device/discard_linux.go:39.8,41.3 1 1
lvmsync_go/device/discard_linux.go:42.2,42.16 1 1
lvmsync_go/device/discard_linux.go:42.16,42.38 1 1
lvmsync_go/device/discard_linux.go:46.95,48.2 1 1
lvmsync_go/device/file.go:22.69,24.16 2 1
lvmsync_go/device/file.go:24.16,27.3 2 0
lvmsync_go/device/file.go:28.2,28.30 1 1
lvmsync_go/device/file.go:28.30,32.3 3 1
lvmsync_go/device/file.go:33.2,34.16 2 1
lvmsync_go/device/file.go:34.16,37.3 2 0
lvmsync_go/device/file.go:38.2,40.53 3 1
lvmsync_go/device/file.go:40.53,44.3 3 0
lvmsync_go/device/file.go:45.2,53.8 4 1
lvmsync_go/device/file.go:57.36,57.57 1 1
lvmsync_go/device/file.go:60.41,60.58 1 1
lvmsync_go/device/file.go:63.41,63.63 1 1
lvmsync_go/device/file.go:66.72,68.2 1 0
lvmsync_go/device/file.go:71.47,71.61 1 0
lvmsync_go/device/file.go:74.61,74.75 1 0
lvmsync_go/device/file.go:77.36,79.16 2 1
lvmsync_go/device/file.go:79.16,81.3 1 0
lvmsync_go/device/file.go:81.8,83.3 1 1
lvmsync_go/device/file.go:84.2,84.12 1 1
lvmsync_go/device/file.go:90.72,91.38 1 1
lvmsync_go/device/file.go:91.38,93.3 1 1
lvmsync_go/device/file.go:94.2,94.15 1 1
lvmsync_go/device/file.go:98.53,101.2 2 1
lvmsync_go/device/identity.go:21.45,28.2 1 1
lvmsync_go/device/identity_cmds.go:16.13,20.2 3 1
lvmsync_go/device/identity_preflight.go:15.84,16.16 1 1
lvmsync_go/device/identity_preflight.go:16.16,18.3 1 0
lvmsync_go/device/identity_preflight.go:19.2,21.16 3 1
lvmsync_go/device/identity_preflight.go:21.16,23.3 1 0
lvmsync_go/device/identity_preflight.go:24.2,25.16 2 1
lvmsync_go/device/identity_preflight.go:25.16,27.3 1 0
lvmsync_go/device/identity_preflight.go:28.2,28.30 1 1
lvmsync_go/device/identity_preflight.go:28.30,30.3 1 1
lvmsync_go/device/identity_preflight.go:31.2,32.16 2 1
lvmsync_go/device/identity_preflight.go:32.16,34.3 1 0
lvmsync_go/device/identity_preflight.go:35.2,35.22 1 1
lvmsync_go/device/identity_preflight.go:35.22,37.3 1 1
lvmsync_go/device/identity_preflight.go:38.2,39.16 2 1
lvmsync_go/device/identity_preflight.go:39.16,41.3 1 0
lvmsync_go/device/identity_preflight.go:42.2,42.15 1 1
lvmsync_go/device/identity_preflight.go:42.15,43.62 1 1
lvmsync_go/device/identity_preflight.go:43.62,45.4 1 0
lvmsync_go/device/identity_preflight.go:47.2,48.16 2 1
lvmsync_go/device/identity_preflight.go:48.16,50.3 1 0
lvmsync_go/device/identity_preflight.go:51.2,51.15 1 1
lvmsync_go/device/identity_preflight.go:51.15,52.62 1 1
lvmsync_go/device/identity_preflight.go:52.62,54.4 1 0
lvmsync_go/device/identity_preflight.go:56.2,57.16 2 1
lvmsync_go/device/identity_preflight.go:57.16,59.3 1 0
lvmsync_go/device/identity_preflight.go:60.2,61.16 2 1
lvmsync_go/device/identity_preflight.go:61.16,63.3 1 0
lvmsync_go/device/identity_preflight.go:64.2,64.54 1 1
lvmsync_go/device/identity_preflight.go:64.54,66.3 1 1
lvmsync_go/device/identity_preflight.go:67.2,67.12 1 1
lvmsync_go/device/info.go:46.22,54.2 1 1
lvmsync_go/device/info.go:64.9,65.17 1 1
lvmsync_go/device/info.go:65.17,67.3 1 1
lvmsync_go/device/info.go:68.2,68.20 1 1
lvmsync_go/device/info.go:68.20,70.3 1 1
lvmsync_go/device/info.go:71.2,71.18 1 1
lvmsync_go/device/info.go:71.18,73.3 1 1
lvmsync_go/device/info.go:74.2,74.19 1 1
lvmsync_go/device/info.go:74.19,76.3 1 1
lvmsync_go/device/info.go:77.2,77.19 1 1
lvmsync_go/device/info.go:77.19,79.3 1 1
lvmsync_go/device/info.go:80.2,80.111 1 1
lvmsync_go/device/info.go:85.120,89.2 3 1
lvmsync_go/device/info.go:94.160,98.2 3 1
lvmsync_go/device/info.go:100.74,101.16 1 1
lvmsync_go/device/info.go:101.16,103.3 1 0
lvmsync_go/device/info.go:104.2,104.34 1 1
lvmsync_go/device/info.go:104.34,108.3 3 1
lvmsync_go/device/info.go:109.2,109.30 1 1
lvmsync_go/device/info.go:112.77,113.16 1 0
lvmsync_go/device/info.go:113.16,115.3 1 0
lvmsync_go/device/info.go:116.2,116.34 1 0
lvmsync_go/device/info.go:116.34,120.3 3 0
lvmsync_go/device/info.go:121.2,121.33 1 0
lvmsync_go/device/info.go:124.78,125.16 1 1
lvmsync_go/device/info.go:125.16,127.3 1 0
lvmsync_go/device/info.go:128.2,128.34 1 1
lvmsync_go/device/info.go:128.34,132.3 3 1
lvmsync_go/device/info.go:133.2,133.65 1 1
lvmsync_go/device/info.go:133.65,135.3 1 1
lvmsync_go/device/info.go:136.2,136.30 1 1
lvmsync_go/device/info.go:139.78,141.16 2 1
lvmsync_go/device/info.go:141.16,143.3 1 0
lvmsync_go/device/info.go:144.2,145.16 2 1
lvmsync_go/device/info.go:145.16,147.3 1 0
lvmsync_go/device/info.go:148.2,148.24 1 1
lvmsync_go/device/info.go:151.76,152.16 1 1
lvmsync_go/device/info.go:152.16,154.3 1 0
lvmsync_go/device/info.go:155.2,155.34 1 1
lvmsync_go/device/info.go:155.34,159.3 3 1
lvmsync_go/device/info.go:160.2,160.31 1 1
lvmsync_go/device/info.go:163.72,165.32 2 1
lvmsync_go/device/info.go:165.32,167.3 1 0
lvmsync_go/device/info.go:168.2,169.16 2 1
lvmsync_go/device/info.go:169.16,171.3 1 1
lvmsync_go/device/info.go:172.2,172.44 1 0
lvmsync_go/device/info.go:175.75,177.16 2 1
lvmsync_go/device/info.go:177.16,179.3 1 1
lvmsync_go/device/info.go:180.2,180.44 1 1
lvmsync_go/device/info.go:185.85,186.16 1 1
lvmsync_go/device/info.go:186.16,188.3 1 0
lvmsync_go/device/info.go:189.2,190.16 2 1
lvmsync_go/device/info.go:190.16,192.3 1 0
lvmsync_go/device/info.go:193.2,193.15 1 1
lvmsync_go/device/info.go:193.15,194.47 1 1
lvmsync_go/device/info.go:194.47,196.4 1 1
lvmsync_go/device/info.go:198.2,199.18 2 1
lvmsync_go/device/info.go:204.98,205.16 1 1
lvmsync_go/device/info.go:205.16,207.3 1 0
lvmsync_go/device/info.go:208.2,208.34 1 1
lvmsync_go/device/info.go:208.34,212.3 3 1
lvmsync_go/device/info.go:213.2,213.39 1 1
lvmsync_go/device/info.go:216.71,218.16 2 1
lvmsync_go/device/info.go:218.16,220.3 1 0
lvmsync_go/device/info.go:221.2,226.12 3 1
lvmsync_go/device/info.go:226.12,227.51 1 1
lvmsync_go/device/info.go:227.51,228.69 1 1
lvmsync_go/device/info.go:228.69,230.5 1 0
lvmsync_go/device/info.go:231.4,231.22 1 1
lvmsync_go/device/info.go:233.3,234.39 2 1
lvmsync_go/device/info.go:236.2,237.9 2 1
lvmsync_go/device/info.go:238.20,239.26 1 0
lvmsync_go/device/info.go:240.17,241.19 1 1
lvmsync_go/device/info.go:241.19,243.4 1 0
lvmsync_go/device/info.go:244.3,244.18 1 1
lvmsync_go/device/info.go:246.2,246.27 1 1
lvmsync_go/device/info.go:246.27,247.54 1 0
lvmsync_go/device/info.go:247.54,248.19 1 0
lvmsync_go/device/info.go:248.19,250.5 1 0
lvmsync_go/device/info.go:253.2,253.19 1 1
lvmsync_go/device/info.go:256.95,258.15 2 0
lvmsync_go/device/info.go:258.15,260.3 1 0
lvmsync_go/device/info.go:261.2,262.16 2 0
lvmsync_go/device/info.go:262.16,264.3 1 0
lvmsync_go/device/info.go:265.2,268.63 4 0
lvmsync_go/device/info.go:268.63,270.3 1 0
lvmsync_go/device/info.go:271.2,271.37 1 0
lvmsync_go/device/lvm.go:38.139,39.30 1 1
lvmsync_go/device/lvm.go:39.30,41.3 1 1
lvmsync_go/device/lvm.go:42.2,43.16 2 1
lvmsync_go/device/lvm.go:43.16,45.3 1 0
lvmsync_go/device/lvm.go:46.2,46.13 1 1
lvmsync_go/device/lvm.go:46.13,48.3 1 1
lvmsync_go/device/lvm.go:49.2,50.16 2 1
lvmsync_go/device/lvm.go:50.16,52.3 1 0
lvmsync_go/device/lvm.go:53.2,53.10 1 1
lvmsync_go/device/lvm.go:53.10,55.3 1 0
lvmsync_go/device/lvm.go:56.2,57.16 2 1
lvmsync_go/device/lvm.go:57.16,59.3 1 0
lvmsync_go/device/lvm.go:60.2,60.14 1 1
lvmsync_go/device/lvm.go:60.14,62.3 1 0
lvmsync_go/device/lvm.go:63.2,64.16 2 1
lvmsync_go/device/lvm.go:64.16,66.3 1 0
lvmsync_go/device/lvm.go:67.2,67.13 1 1
lvmsync_go/device/lvm.go:67.13,69.3 1 0
lvmsync_go/device/lvm.go:70.2,71.16 2 1
lvmsync_go/device/lvm.go:71.16,73.3 1 0
lvmsync_go/device/lvm.go:74.2,75.16 2 1
lvmsync_go/device/lvm.go:75.16,77.3 1 0
lvmsync_go/device/lvm.go:78.2,79.16 2 1
lvmsync_go/device/lvm.go:79.16,82.3 2 0
lvmsync_go/device/lvm.go:83.2,84.16 2 1
lvmsync_go/device/lvm.go:84.16,88.3 3 1
lvmsync_go/device/lvm.go:89.2,90.16 2 0
lvmsync_go/device/lvm.go:90.16,94.3 3 0
lvmsync_go/device/lvm.go:95.2,95.138 1 0
lvmsync_go/device/lvm.go:99.35,99.52 1 1
lvmsync_go/device/lvm.go:102.40,102.57 1 1
lvmsync_go/device/lvm.go:105.40,105.62 1 0
lvmsync_go/device/lvm.go:108.75,109.16 1 1
lvmsync_go/device/lvm.go:109.16,111.3 1 0
lvmsync_go/device/lvm.go:112.2,112.34 1 1
lvmsync_go/device/lvm.go:112.34,116.3 3 0
lvmsync_go/device/lvm.go:117.2,117.19 1 1
lvmsync_go/device/lvm.go:117.19,119.3 1 0
lvmsync_go/device/lvm.go:120.2,120.21 1 1
lvmsync_go/device/lvm.go:120.21,122.3 1 0
lvmsync_go/device/lvm.go:123.2,124.49 2 1
lvmsync_go/device/lvm.go:124.49,126.3 1 0
lvmsync_go/device/lvm.go:127.2,133.16 3 1
lvmsync_go/device/lvm.go:133.16,134.23 1 1
lvmsync_go/device/lvm.go:134.23,136.4 1 1
lvmsync_go/device/lvm.go:137.3,137.31 1 0
lvmsync_go/device/lvm.go:139.2,140.112 2 0
lvmsync_go/device/lvm.go:140.112,141.23 1 0
lvmsync_go/device/lvm.go:141.23,143.4 1 0
lvmsync_go/device/lvm.go:144.3,144.31 1 0
lvmsync_go/device/lvm.go:146.2,147.68 2 0
lvmsync_go/device/lvm.go:147.68,150.3 2 0
lvmsync_go/device/lvm.go:151.2,151.16 1 0
lvmsync_go/device/lvm.go:155.36,155.49 1 0
lvmsync_go/device/lvm.go:158.46,159.18 1 0
lvmsync_go/device/lvm.go:159.18,161.3 1 0
lvmsync_go/device/lvm.go:162.2,162.24 1 0
lvmsync_go/device/lvm.go:166.60,167.18 1 0
lvmsync_go/device/lvm.go:167.18,169.3 1 0
lvmsync_go/device/lvm.go:170.2,170.35 1 0
lvmsync_go/device/lvm.go:170.35,171.31 1 0
lvmsync_go/device/lvm.go:171.31,173.4 1 0
lvmsync_go/device/lvm.go:175.2,175.12 1 0
lvmsync_go/device/lvm.go:179.35,181.16 2 1
lvmsync_go/device/lvm.go:181.16,182.39 1 1
lvmsync_go/device/lvm.go:182.39,185.4 2 1
lvmsync_go/device/lvm.go:185.9,187.4 1 1
lvmsync_go/device/lvm.go:188.3,188.12 1 1
lvmsync_go/device/lvm.go:190.2,190.19 1 1
lvmsync_go/device/lvm.go:190.19,191.44 1 1
lvmsync_go/device/lvm.go:191.44,194.4 2 0
lvmsync_go/device/lvm.go:195.3,195.15 1 1
lvmsync_go/device/lvm.go:197.2,197.12 1 1
lvmsync_go/device/lvm.go:201.35,201.94 1 1
lvmsync_go/device/lvm.go:205.96,206.64 1 1
lvmsync_go/device/lvm.go:206.64,208.3 1 0
lvmsync_go/device/lvm.go:209.2,209.20 1 1
lvmsync_go/device/lvm.go:209.20,211.17 2 1
lvmsync_go/device/lvm.go:211.17,213.4 1 0
lvmsync_go/device/lvm.go:214.3,214.21 1 1
lvmsync_go/device/lvm.go:214.21,218.4 3 1
lvmsync_go/device/lvm.go:220.2,222.16 3 1
lvmsync_go/device/lvm.go:222.16,224.3 1 1
lvmsync_go/device/lvm.go:225.2,225.12 1 1
lvmsync_go/device/lvm.go:230.99,231.84 1 1
lvmsync_go/device/lvm.go:231.84,233.3 1 1
lvmsync_go/device/lvm.go:234.2,235.16 2 1
lvmsync_go/device/lvm.go:235.16,237.3 1 1
lvmsync_go/device/lvm.go:238.2,238.15 1 1
lvmsync_go/device/lvm.go:238.15,240.3 1 0
lvmsync_go/device/lvm.go:241.2,242.75 2 1
lvmsync_go/device/lvm.go:247.88,248.84 1 1
lvmsync_go/device/lvm.go:248.84,250.3 1 0
lvmsync_go/device/lvm.go:251.2,252.16 2 1
lvmsync_go/device/lvm.go:252.16,254.3 1 0
lvmsync_go/device/lvm.go:255.2,256.128 2 1
lvmsync_go/device/lvm.go:256.128,258.3 1 1
lvmsync_go/device/lvm.go:259.2,260.95 2 1
lvmsync_go/device/lvm.go:260.95,263.3 2 0
lvmsync_go/device/lvm.go:264.2,265.16 2 1
lvmsync_go/device/lvm.go:265.16,268.3 2 0
lvmsync_go/device/lvm.go:269.2,271.16 3 1
lvmsync_go/device/lvm.go:271.16,274.3 2 0
lvmsync_go/device/lvm.go:275.2,276.21 2 1
lvmsync_go/device/lvm.go:280.56,281.19 1 1
lvmsync_go/device/lvm.go:281.19,284.3 2 0
lvmsync_go/device/lvm.go:285.2,285.25 1 1
lvmsync_go/device/lvm.go:285.25,287.3 1 0
lvmsync_go/device/lvm.go:288.2,288.92 1 1
lvmsync_go/device/lvm.go:288.92,290.3 1 0
lvmsync_go/device/lvm.go:291.2,292.12 2 1
lvmsync_go/device/overwrite.go:15.112,16.28 1 1
lvmsync_go/device/overwrite.go:16.28,18.3 1 1
lvmsync_go/device/overwrite.go:19.2,21.23 3 1
lvmsync_go/device/overwrite.go:21.23,23.3 1 1
lvmsync_go/device/overwrite.go:24.2,25.64 2 1
lvmsync_go/device/overwrite.go:25.64,29.17 4 1
lvmsync_go/device/overwrite.go:29.17,31.4 1 0
lvmsync_go/device/overwrite.go:32.3,32.39 1 1
lvmsync_go/device/overwrite.go:32.39,34.4 1 0
lvmsync_go/device/overwrite.go:35.3,35.13 1 1
lvmsync_go/device/overwrite.go:37.2,37.12 1 1
lvmsync_go/device/overwrite.go:37.12,39.3 1 1
lvmsync_go/device/overwrite.go:40.2,40.81 1 1
lvmsync_go/device/ptsignature.go:12.67,14.16 2 1
lvmsync_go/device/ptsignature.go:14.16,16.3 1 0
lvmsync_go/device/ptsignature.go:17.2,20.50 3 1
lvmsync_go/device/ptsignature.go:20.50,22.3 1 1
lvmsync_go/device/ptsignature.go:23.2,24.48 2 1
lvmsync_go/device/ptsignature.go:24.48,26.3 1 1
lvmsync_go/device/ptsignature.go:27.2,28.52 2 1
lvmsync_go/device/ptsignature.go:28.52,29.39 1 1
lvmsync_go/device/ptsignature.go:29.39,31.4 1 1
lvmsync_go/device/ptsignature.go:33.2,33.22 1 1
lvmsync_go/device/ptsignature.go:36.34,37.18 1 1
lvmsync_go/device/ptsignature.go:37.18,39.3 1 0
lvmsync_go/device/ptsignature.go:40.2,45.80 6 1
lvmsync_go/device/raw.go:49.17,50.61 1 1
lvmsync_go/device/raw.go:50.61,51.85 1 1
lvmsync_go/device/raw.go:51.85,53.4 1 1
lvmsync_go/device/raw.go:55.2,55.13 1 1
lvmsync_go/device/raw.go:55.13,57.3 1 1
lvmsync_go/device/raw.go:58.2,58.50 1 1
lvmsync_go/device/raw.go:58.50,60.3 1 1
lvmsync_go/device/raw.go:61.2,61.70 1 1
lvmsync_go/device/raw.go:61.70,63.3 1 0
lvmsync_go/device/raw.go:64.2,64.66 1 1
lvmsync_go/device/raw.go:64.66,66.3 1 0
lvmsync_go/device/raw.go:67.2,69.55 3 1
lvmsync_go/device/raw.go:69.55,73.3 3 1
lvmsync_go/device/raw.go:74.2,75.19 2 1
lvmsync_go/device/raw.go:75.19,79.3 3 1
lvmsync_go/device/raw.go:80.2,81.18 2 1
lvmsync_go/device/raw.go:86.48,87.27 1 1
lvmsync_go/device/raw.go:87.27,89.3 1 0
lvmsync_go/device/raw.go:90.2,91.16 2 1
lvmsync_go/device/raw.go:91.16,93.3 1 0
lvmsync_go/device/raw.go:94.2,94.74 1 1
lvmsync_go/device/raw.go:94.74,96.3 1 1
lvmsync_go/device/raw.go:97.2,97.40 1 0
lvmsync_go/device/raw.go:101.91,103.16 2 1
lvmsync_go/device/raw.go:103.16,105.3 1 1
lvmsync_go/device/raw.go:106.2,107.16 2 0
lvmsync_go/device/raw.go:107.16,109.3 1 0
lvmsync_go/device/raw.go:110.2,114.30 2 0
lvmsync_go/device/raw.go:133.29,134.16 1 1
lvmsync_go/device/raw.go:134.16,136.3 1 0
lvmsync_go/device/raw.go:137.2,137.40 1 1
lvmsync_go/device/raw.go:137.40,139.3 1 1
lvmsync_go/device/raw.go:140.2,140.19 1 1
lvmsync_go/device/raw.go:140.19,142.3 1 0
lvmsync_go/device/raw.go:143.2,148.16 3 1
lvmsync_go/device/raw.go:148.16,150.3 1 1
lvmsync_go/device/raw.go:151.2,152.18 2 1
lvmsync_go/device/raw.go:152.18,153.16 1 1
lvmsync_go/device/raw.go:153.16,154.18 1 1
lvmsync_go/device/raw.go:154.18,156.5 1 1
lvmsync_go/device/raw.go:159.2,160.16 2 1
lvmsync_go/device/raw.go:160.16,162.3 1 1
lvmsync_go/device/raw.go:163.2,164.16 2 0
lvmsync_go/device/raw.go:164.16,167.3 2 0
lvmsync_go/device/raw.go:168.2,171.15 4 0
lvmsync_go/device/raw.go:175.35,175.56 1 1
lvmsync_go/device/raw.go:178.40,178.57 1 1
lvmsync_go/device/raw.go:181.40,181.62 1 1
lvmsync_go/device/raw.go:184.75,185.16 1 1
lvmsync_go/device/raw.go:185.16,187.3 1 0
lvmsync_go/device/raw.go:188.2,188.34 1 1
lvmsync_go/device/raw.go:188.34,192.3 3 1
lvmsync_go/device/raw.go:193.2,193.21 1 1
lvmsync_go/device/raw.go:193.21,195.3 1 0
lvmsync_go/device/raw.go:196.2,196.21 1 1
lvmsync_go/device/raw.go:196.21,198.3 1 0
lvmsync_go/device/raw.go:199.2,200.49 2 1
lvmsync_go/device/raw.go:200.49,202.3 1 0
lvmsync_go/device/raw.go:203.2,209.16 3 1
lvmsync_go/device/raw.go:209.16,210.23 1 1
lvmsync_go/device/raw.go:210.23,212.4 1 1
lvmsync_go/device/raw.go:213.3,213.31 1 1
lvmsync_go/device/raw.go:215.2,217.16 3 1
lvmsync_go/device/raw.go:217.16,218.23 1 0
lvmsync_go/device/raw.go:218.23,220.4 1 0
lvmsync_go/device/raw.go:221.3,221.31 1 0
lvmsync_go/device/raw.go:223.2,224.68 2 1
lvmsync_go/device/raw.go:224.68,227.3 2 0
lvmsync_go/device/raw.go:228.2,228.16 1 1
lvmsync_go/device/raw.go:232.36,232.49 1 0
lvmsync_go/device/raw.go:235.46,236.18 1 0
lvmsync_go/device/raw.go:236.18,238.3 1 0
lvmsync_go/device/raw.go:239.2,239.24 1 0
lvmsync_go/device/raw.go:243.60,244.18 1 0
lvmsync_go/device/raw.go:244.18,246.3 1 0
lvmsync_go/device/raw.go:247.2,247.35 1 0
lvmsync_go/device/raw.go:247.35,248.31 1 0
lvmsync_go/device/raw.go:248.31,250.4 1 0
lvmsync_go/device/raw.go:252.2,252.12 1 0
lvmsync_go/device/raw.go:256.35,258.16 2 1
lvmsync_go/device/raw.go:258.16,260.3 1 0
lvmsync_go/device/raw.go:260.8,262.3 1 1
lvmsync_go/device/raw.go:263.2,263.12 1 1
lvmsync_go/device/raw.go:267.71,267.88 1 1
lvmsync_go/device/raw.go:270.56,271.20 1 1
lvmsync_go/device/raw.go:271.20,272.67 1 1
lvmsync_go/device/raw.go:272.67,275.4 2 0
lvmsync_go/device/raw.go:276.3,278.56 3 1
lvmsync_go/device/raw.go:278.56,282.4 3 1
lvmsync_go/device/raw.go:283.3,284.20 2 1
lvmsync_go/device/raw.go:284.20,288.4 3 1
lvmsync_go/device/raw.go:289.3,289.36 1 1
lvmsync_go/device/raw.go:291.2,291.12 1 1
lvmsync_go/device/raw.go:295.52,296.16 1 1
lvmsync_go/device/raw.go:296.16,298.3 1 1
lvmsync_go/device/raw.go:299.2,299.27 1 1
lvmsync_go/device/raw.go:299.27,301.3 1 1
lvmsync_go/device/raw.go:302.2,302.40 1 1
lvmsync_go/device/raw.go:302.40,304.3 1 1
lvmsync_go/device/raw.go:305.2,305.53 1 1
lvmsync_go/device/raw.go:305.53,307.3 1 1
lvmsync_go/device/raw.go:308.2,308.25 1 1
lvmsync_go/device/raw.go:308.25,309.38 1 1
lvmsync_go/device/raw.go:309.38,311.4 1 1
lvmsync_go/device/raw.go:313.2,313.47 1 1
lvmsync_go/device/raw.go:313.47,315.3 1 1
lvmsync_go/device/raw.go:316.2,316.12 1 1
lvmsync_go/device/raw.go:320.55,323.16 3 1
lvmsync_go/device/raw.go:323.16,325.3 1 1
lvmsync_go/device/raw.go:326.2,326.15 1 0
lvmsync_go/device/runner.go:22.99,24.2 1 1
lvmsync_go/device/runner.go:40.45,41.16 1 1
lvmsync_go/device/runner.go:41.16,43.3 1 1
lvmsync_go/device/runner.go:44.2,51.3 1 1
lvmsync_go/device/runner.go:55.26,55.57 1 1
lvmsync_go/device/runner.go:66.11,67.16 1 1
lvmsync_go/device/runner.go:67.16,69.3 1 1
lvmsync_go/device/runner.go:70.2,77.3 1 1
lvmsync_go/device/runner.go:80.73,81.16 1 1
lvmsync_go/device/runner.go:81.16,83.3 1 0
lvmsync_go/device/runner.go:84.2,84.34 1 1
lvmsync_go/device/runner.go:84.34,88.3 3 1
lvmsync_go/device/runner.go:89.2,89.36 1 1
lvmsync_go/device/runner.go:105.23,106.30 1 1
lvmsync_go/device/runner.go:106.30,108.3 1 1
lvmsync_go/device/runner.go:109.2,109.124 1 1
lvmsync_go/device/wal.go:94.28,96.2 1 1
lvmsync_go/device/wal.go:98.42,109.2 10 1
lvmsync_go/device/wal.go:111.46,121.2 9 0
lvmsync_go/device/wal.go:123.46,131.2 7 0
lvmsync_go/device/wal.go:133.46,140.2 6 1
lvmsync_go/device/wal.go:145.95,146.17 1 1
lvmsync_go/device/wal.go:146.17,148.3 1 1
lvmsync_go/device/wal.go:149.2,150.16 2 1
lvmsync_go/device/wal.go:150.16,152.3 1 0
lvmsync_go/device/wal.go:153.2,154.16 2 1
lvmsync_go/device/wal.go:154.16,157.3 2 0
lvmsync_go/device/wal.go:158.2,159.33 2 1
lvmsync_go/device/wal.go:159.33,160.20 1 1
lvmsync_go/device/wal.go:160.20,161.40 1 1
lvmsync_go/device/wal.go:161.40,164.5 2 0
lvmsync_go/device/wal.go:165.4,165.42 1 1
lvmsync_go/device/wal.go:165.42,168.5 2 0
lvmsync_go/device/wal.go:170.3,190.44 21 1
lvmsync_go/device/wal.go:190.44,193.4 2 0
lvmsync_go/device/wal.go:193.9,193.27 1 1
lvmsync_go/device/wal.go:193.27,196.4 2 0
lvmsync_go/device/wal.go:197.3,197.34 1 1
lvmsync_go/device/wal.go:197.34,200.4 2 0
lvmsync_go/device/wal.go:201.3,201.58 1 1
lvmsync_go/device/wal.go:201.58,204.4 2 1
lvmsync_go/device/wal.go:205.3,206.16 2 1
lvmsync_go/device/wal.go:209.2,210.48 2 1
lvmsync_go/device/wal.go:210.48,213.3 2 0
lvmsync_go/device/wal.go:214.2,215.53 2 1
lvmsync_go/device/wal.go:215.53,217.48 2 1
lvmsync_go/device/wal.go:217.48,220.4 2 0
lvmsync_go/device/wal.go:221.3,231.48 11 1
lvmsync_go/device/wal.go:231.48,234.4 2 0
lvmsync_go/device/wal.go:235.3,238.49 1 1
lvmsync_go/device/wal.go:238.49,269.4 5 1
lvmsync_go/device/wal.go:270.3,273.7 4 1
lvmsync_go/device/wal.go:273.7,275.29 2 1
lvmsync_go/device/wal.go:275.29,276.10 1 1
lvmsync_go/device/wal.go:278.4,281.13 4 1
lvmsync_go/device/wal.go:283.3,283.43 1 1
lvmsync_go/device/wal.go:283.43,286.4 2 0
lvmsync_go/device/wal.go:287.3,287.16 1 1
lvmsync_go/device/wal.go:290.2,290.57 1 1
lvmsync_go/device/wal.go:290.57,292.49 2 0
lvmsync_go/device/wal.go:292.49,295.4 2 0
lvmsync_go/device/wal.go:296.3,305.52 10 0
lvmsync_go/device/wal.go:305.52,308.4 2 0
lvmsync_go/device/wal.go:309.3,312.50 1 0
lvmsync_go/device/wal.go:312.50,315.4 2 0
lvmsync_go/device/wal.go:316.3,317.77 2 0
lvmsync_go/device/wal.go:317.77,320.4 2 0
lvmsync_go/device/wal.go:321.3,341.49 21 0
lvmsync_go/device/wal.go:341.49,344.4 2 0
lvmsync_go/device/wal.go:344.9,344.27 1 0
lvmsync_go/device/wal.go:344.27,347.4 2 0
lvmsync_go/device/wal.go:348.3,348.20 1 0
lvmsync_go/device/wal.go:348.20,349.60 1 0
lvmsync_go/device/wal.go:349.60,352.5 2 0
lvmsync_go/device/wal.go:352.10,352.29 1 0
lvmsync_go/device/wal.go:352.29,355.5 2 0
lvmsync_go/device/wal.go:357.3,357.70 1 0
lvmsync_go/device/wal.go:357.70,360.4 2 0
lvmsync_go/device/wal.go:361.3,361.34 1 0
lvmsync_go/device/wal.go:361.34,364.4 2 0
lvmsync_go/device/wal.go:365.3,367.48 3 0
lvmsync_go/device/wal.go:367.48,371.4 3 0
lvmsync_go/device/wal.go:372.3,372.70 1 0
lvmsync_go/device/wal.go:372.70,375.4 2 0
lvmsync_go/device/wal.go:376.3,376.16 1 0
lvmsync_go/device/wal.go:379.2,379.57 1 1
lvmsync_go/device/wal.go:379.57,381.49 2 0
lvmsync_go/device/wal.go:381.49,384.4 2 0
lvmsync_go/device/wal.go:385.3,392.52 8 0
lvmsync_go/device/wal.go:392.52,395.4 2 0
lvmsync_go/device/wal.go:396.3,399.50 1 0
lvmsync_go/device/wal.go:399.50,402.4 2 0
lvmsync_go/device/wal.go:403.3,404.77 2 0
lvmsync_go/device/wal.go:404.77,407.4 2 0
lvmsync_go/device/wal.go:408.3,428.49 21 0
lvmsync_go/device/wal.go:428.49,431.4 2 0
lvmsync_go/device/wal.go:431.9,431.27 1 0
lvmsync_go/device/wal.go:431.27,434.4 2 0
lvmsync_go/device/wal.go:435.3,435.20 1 0
lvmsync_go/device/wal.go:435.20,436.60 1 0
lvmsync_go/device/wal.go:436.60,439.5 2 0
lvmsync_go/device/wal.go:439.10,439.29 1 0
lvmsync_go/device/wal.go:439.29,442.5 2 0
lvmsync_go/device/wal.go:444.3,444.70 1 0
lvmsync_go/device/wal.go:444.70,447.4 2 0
lvmsync_go/device/wal.go:448.3,448.34 1 0
lvmsync_go/device/wal.go:448.34,451.4 2 0
lvmsync_go/device/wal.go:452.3,454.48 3 0
lvmsync_go/device/wal.go:454.48,458.4 3 0
lvmsync_go/device/wal.go:459.3,459.70 1 0
lvmsync_go/device/wal.go:459.70,462.4 2 0
lvmsync_go/device/wal.go:463.3,463.16 1 0
lvmsync_go/device/wal.go:466.2,466.34 1 1
lvmsync_go/device/wal.go:466.34,468.49 2 1
lvmsync_go/device/wal.go:468.49,471.4 2 0
lvmsync_go/device/wal.go:472.3,478.52 7 1
lvmsync_go/device/wal.go:478.52,481.4 2 1
lvmsync_go/device/wal.go:482.3,485.50 1 1
lvmsync_go/device/wal.go:485.50,488.4 2 0
lvmsync_go/device/wal.go:489.3,490.77 2 1
lvmsync_go/device/wal.go:490.77,493.4 2 0
lvmsync_go/device/wal.go:494.3,495.48 2 1
lvmsync_go/device/wal.go:495.48,499.4 3 1
lvmsync_go/device/wal.go:500.3,520.49 21 1
lvmsync_go/device/wal.go:520.49,523.4 2 0
lvmsync_go/device/wal.go:523.9,523.27 1 1
lvmsync_go/device/wal.go:523.27,526.4 2 0
lvmsync_go/device/wal.go:527.3,527.20 1 1
lvmsync_go/device/wal.go:527.20,528.60 1 1
lvmsync_go/device/wal.go:528.60,531.5 2 0
lvmsync_go/device/wal.go:531.10,531.29 1 1
lvmsync_go/device/wal.go:531.29,534.5 2 0
lvmsync_go/device/wal.go:536.3,536.70 1 1
lvmsync_go/device/wal.go:536.70,539.4 2 0
lvmsync_go/device/wal.go:540.3,540.34 1 1
lvmsync_go/device/wal.go:540.34,543.4 2 0
lvmsync_go/device/wal.go:544.3,546.70 3 1
lvmsync_go/device/wal.go:546.70,549.4 2 0
lvmsync_go/device/wal.go:550.3,550.16 1 1
lvmsync_go/device/wal.go:553.2,554.47 2 0
lvmsync_go/device/wal.go:560.37,564.16 4 1
lvmsync_go/device/wal.go:564.16,566.3 1 0
lvmsync_go/device/wal.go:567.2,567.42 1 1
lvmsync_go/device/wal.go:567.42,571.3 3 0
lvmsync_go/device/wal.go:572.2,573.16 2 1
lvmsync_go/device/wal.go:573.16,577.3 3 0
lvmsync_go/device/wal.go:578.2,578.79 1 1
lvmsync_go/device/wal.go:578.79,582.3 3 0
lvmsync_go/device/wal.go:583.2,586.44 4 1
lvmsync_go/device/wal.go:586.44,590.3 3 0
lvmsync_go/device/wal.go:590.8,590.26 1 1
lvmsync_go/device/wal.go:590.26,594.3 3 0
lvmsync_go/device/wal.go:595.2,595.34 1 1
lvmsync_go/device/wal.go:595.34,599.3 3 0
lvmsync_go/device/wal.go:600.2,600.35 1 1
lvmsync_go/device/wal.go:600.35,603.3 2 0
lvmsync_go/device/wal.go:604.2,604.36 1 1
lvmsync_go/device/wal.go:604.36,606.3 1 0
lvmsync_go/device/wal.go:607.2,607.49 1 1
lvmsync_go/device/wal.go:607.49,609.3 1 0
lvmsync_go/device/wal.go:610.2,611.16 2 1
lvmsync_go/device/wal.go:611.16,613.3 1 0
lvmsync_go/device/wal.go:614.2,614.50 1 1
lvmsync_go/device/wal.go:614.50,617.3 2 0
lvmsync_go/device/wal.go:618.2,620.43 3 1
lvmsync_go/device/wal.go:624.32,624.76 1 1
lvmsync_go/device/wal.go:627.43,628.29 1 0
lvmsync_go/device/wal.go:628.29,629.39 1 0
lvmsync_go/device/wal.go:629.39,631.4 1 0
lvmsync_go/device/wal.go:633.2,633.14 1 0
lvmsync_go/device/wal.go:636.29,637.16 1 1
lvmsync_go/device/wal.go:637.16,639.3 1 0
lvmsync_go/device/wal.go:640.2,640.35 1 1
lvmsync_go/device/wal.go:640.35,643.3 2 0
lvmsync_go/device/wal.go:644.2,645.36 2 1
lvmsync_go/device/wal.go:645.36,647.3 1 0
lvmsync_go/device/wal.go:648.2,649.43 2 1
lvmsync_go/device/wal.go:652.33,654.16 2 1
lvmsync_go/device/wal.go:654.16,656.3 1 0
lvmsync_go/device/wal.go:657.2,658.17 2 1
lvmsync_go/internal/lock/lock.go:20.36,23.16 3 1
lvmsync_go/internal/lock/lock.go:23.16,23.34 1 1
lvmsync_go/internal/lock/lock.go:33.44,34.58 1 1
lvmsync_go/internal/lock/lock.go:34.58,36.3 1 1
lvmsync_go/internal/lock/lock.go:37.2,37.52 1 1
lvmsync_go/internal/lock/lock.go:37.52,39.3 1 0
lvmsync_go/internal/lock/lock.go:40.2,42.16 3 1
lvmsync_go/internal/lock/lock.go:42.16,44.3 1 0
lvmsync_go/internal/lock/lock.go:45.2,45.75 1 1
lvmsync_go/internal/lock/lock.go:45.75,48.3 2 0
lvmsync_go/internal/lock/lock.go:49.2,49.25 1 1
lvmsync_go/internal/lock/lock.go:53.32,54.28 1 1
lvmsync_go/internal/lock/lock.go:54.28,56.3 1 0
lvmsync_go/internal/lock/lock.go:57.2,57.15 1 1
lvmsync_go/internal/lock/lock.go:57.15,57.28 1 1
lvmsync_go/internal/lock/lock.go:58.2,58.64 1 1
lvmsync_go/internal/lock/lock.go:58.64,61.3 2 0
lvmsync_go/internal/lock/lock.go:62.2,63.36 2 1
lvmsync_go/internal/lock/lock.go:63.36,65.3 1 0
lvmsync_go/internal/lock/lock.go:66.2,66.24 1 1
lvmsync_go/internal/logging/logging.go:23.31,28.2 1 1
lvmsync_go/internal/logging/logging.go:30.42,32.27 2 1
lvmsync_go/internal/logging/logging.go:32.27,34.3 1 1
lvmsync_go/internal/logging/logging.go:35.2,35.10 1 1
lvmsync_go/internal/logging/logging.go:39.49,40.26 1 1
lvmsync_go/internal/logging/logging.go:40.26,43.3 2 1
lvmsync_go/internal/logging/logging.go:47.66,48.26 1 1
lvmsync_go/internal/logging/logging.go:48.26,48.45 1 1
lvmsync_go/internal/logging/logging.go:52.49,53.26 1 1
lvmsync_go/internal/logging/logging.go:53.26,53.69 1 1
lvmsync_go/internal/logging/logging.go:61.66,62.23 1 1
lvmsync_go/internal/logging/logging.go:62.23,64.28 2 1
lvmsync_go/internal/logging/logging.go:64.28,66.4 1 1
lvmsync_go/internal/logging/logging.go:67.3,67.68 1 1
lvmsync_go/internal/logging/logging.go:69.2,69.71 1 0
lvmsync_go/internal/logging/logging.go:72.97,73.26 1 1
lvmsync_go/internal/logging/logging.go:73.26,75.3 1 1
lvmsync_go/internal/logging/logging.go:76.2,76.11 1 0
lvmsync_go/internal/logging/logging.go:79.79,80.23 1 1
lvmsync_go/internal/logging/logging.go:80.23,82.28 2 1
lvmsync_go/internal/logging/logging.go:82.28,84.4 1 1
lvmsync_go/internal/logging/logging.go:85.3,85.31 1 1
lvmsync_go/internal/logging/logging.go:87.2,87.34 1 0
lvmsync_go/internal/logging/logging.go:94.91,97.35 3 1
lvmsync_go/internal/logging/logging.go:97.35,99.3 1 1
lvmsync_go/internal/logging/logging.go:100.2,100.55 1 1
lvmsync_go/internal/logging/logging.go:100.55,102.3 1 1
lvmsync_go/internal/logging/logging.go:102.8,104.3 1 1
lvmsync_go/internal/logging/logging.go:105.2,106.23 2 1
lvmsync_go/internal/logging/logging.go:106.23,107.79 1 1
lvmsync_go/internal/logging/logging.go:107.79,109.4 1 1
lvmsync_go/internal/logging/logging.go:111.2,113.28 3 1
lvmsync_go/internal/logging/logging.go:117.40,118.11 1 1
lvmsync_go/internal/logging/logging.go:119.24,120.15 1 1
lvmsync_go/internal/logging/logging.go:121.24,122.15 1 1
lvmsync_go/internal/logging/logging.go:123.24,124.15 1 1
lvmsync_go/internal/logging/logging.go:125.24,126.15 1 1
lvmsync_go/internal/logging/logging.go:127.10,128.13 1 1
lvmsync_go/internal/logging/logging.go:128.13,130.4 1 1
lvmsync_go/internal/logging/logging.go:131.3,131.43 1 1
lvmsync_go/internal/lvm/agent.go:60.78,61.19 1 1
lvmsync_go/internal/lvm/agent.go:61.19,63.3 1 0
lvmsync_go/internal/lvm/agent.go:64.2,64.16 1 1
lvmsync_go/internal/lvm/agent.go:64.16,66.3 1 0
lvmsync_go/internal/lvm/agent.go:67.2,67.35 1 1
lvmsync_go/internal/lvm/agent.go:73.101,78.2 4 0
lvmsync_go/internal/lvm/agent.go:80.75,81.42 1 1
lvmsync_go/internal/lvm/agent.go:81.42,83.3 1 0
lvmsync_go/internal/lvm/agent.go:84.2,84.18 1 1
lvmsync_go/internal/lvm/agent.go:84.18,86.3 1 0
lvmsync_go/internal/lvm/agent.go:87.2,87.43 1 1
lvmsync_go/internal/lvm/agent.go:90.77,91.42 1 1
lvmsync_go/internal/lvm/agent.go:91.42,93.3 1 0
lvmsync_go/internal/lvm/agent.go:94.2,94.18 1 1
lvmsync_go/internal/lvm/agent.go:94.18,96.3 1 0
lvmsync_go/internal/lvm/agent.go:97.2,97.45 1 1
lvmsync_go/internal/lvm/agent.go:100.89,101.42 1 1
lvmsync_go/internal/lvm/agent.go:101.42,103.3 1 0
lvmsync_go/internal/lvm/agent.go:104.2,104.18 1 1
lvmsync_go/internal/lvm/agent.go:104.18,106.3 1 0
lvmsync_go/internal/lvm/agent.go:107.2,107.39 1 1
lvmsync_go/internal/lvm/agent.go:110.76,111.42 1 1
lvmsync_go/internal/lvm/agent.go:111.42,113.3 1 0
lvmsync_go/internal/lvm/agent.go:114.2,114.18 1 1
lvmsync_go/internal/lvm/agent.go:114.18,116.3 1 0
lvmsync_go/internal/lvm/agent.go:117.2,117.36 1 1
lvmsync_go/internal/lvm/agent.go:120.91,121.42 1 1
lvmsync_go/internal/lvm/agent.go:121.42,123.3 1 0
lvmsync_go/internal/lvm/agent.go:124.2,124.18 1 1
lvmsync_go/internal/lvm/agent.go:124.18,126.3 1 0
lvmsync_go/internal/lvm/agent.go:127.2,127.59 1 1
lvmsync_go/internal/lvm/agent.go:130.83,131.42 1 1
lvmsync_go/internal/lvm/agent.go:131.42,133.3 1 0
lvmsync_go/internal/lvm/agent.go:134.2,134.18 1 1
lvmsync_go/internal/lvm/agent.go:134.18,136.3 1 0
lvmsync_go/internal/lvm/agent.go:137.2,137.51 1 1
lvmsync_go/internal/lvm/agent.go:140.90,141.42 1 1
lvmsync_go/internal/lvm/agent.go:141.42,143.3 1 0
lvmsync_go/internal/lvm/agent.go:144.2,144.18 1 1
lvmsync_go/internal/lvm/agent.go:144.18,146.3 1 0
lvmsync_go/internal/lvm/agent.go:147.2,147.48 1 1
lvmsync_go/internal/lvm/agent.go:150.80,151.42 1 1
lvmsync_go/internal/lvm/agent.go:151.42,153.3 1 0
lvmsync_go/internal/lvm/agent.go:154.2,154.18 1 1
lvmsync_go/internal/lvm/agent.go:154.18,156.3 1 0
lvmsync_go/internal/lvm/agent.go:157.2,157.40 1 1
lvmsync_go/internal/lvm/agent.go:160.85,161.42 1 1
lvmsync_go/internal/lvm/agent.go:161.42,163.3 1 0
lvmsync_go/internal/lvm/agent.go:164.2,164.18 1 1
lvmsync_go/internal/lvm/agent.go:164.18,166.3 1 0
lvmsync_go/internal/lvm/agent.go:167.2,167.45 1 1
lvmsync_go/internal/lvm/agent.go:170.82,171.42 1 1
lvmsync_go/internal/lvm/agent.go:171.42,173.3 1 0
lvmsync_go/internal/lvm/agent.go:174.2,174.18 1 1
lvmsync_go/internal/lvm/agent.go:174.18,176.3 1 0
lvmsync_go/internal/lvm/agent.go:177.2,177.42 1 1
lvmsync_go/internal/lvm/agent.go:180.77,181.42 1 1
lvmsync_go/internal/lvm/agent.go:181.42,183.3 1 0
lvmsync_go/internal/lvm/agent.go:184.2,184.18 1 1
lvmsync_go/internal/lvm/agent.go:184.18,186.3 1 0
lvmsync_go/internal/lvm/agent.go:187.2,187.37 1 1
lvmsync_go/internal/lvm/device.go:18.45,19.78 1 1
lvmsync_go/internal/lvm/device.go:19.78,21.3 1 1
lvmsync_go/internal/lvm/device.go:22.2,22.12 1 1
lvmsync_go/internal/lvm/device.go:27.78,28.57 1 1
lvmsync_go/internal/lvm/device.go:28.57,30.3 1 1
lvmsync_go/internal/lvm/device.go:31.2,31.59 1 1
lvmsync_go/internal/lvm/device.go:31.59,33.3 1 1
lvmsync_go/internal/lvm/device.go:34.2,36.16 3 1
lvmsync_go/internal/lvm/device.go:36.16,38.3 1 0
lvmsync_go/internal/lvm/device.go:39.2,39.9 1 1
lvmsync_go/internal/lvm/device.go:39.9,41.3 1 1
lvmsync_go/internal/lvm/device.go:42.2,42.64 1 1
lvmsync_go/internal/lvm/device.go:42.64,44.3 1 0
lvmsync_go/internal/lvm/device.go:44.8,44.16 1 1
lvmsync_go/internal/lvm/device.go:44.16,46.3 1 0
lvmsync_go/internal/lvm/device.go:47.2,47.61 1 1
lvmsync_go/internal/lvm/device.go:47.61,49.3 1 0
lvmsync_go/internal/lvm/device.go:49.8,49.16 1 1
lvmsync_go/internal/lvm/device.go:49.16,51.3 1 0
lvmsync_go/internal/lvm/device.go:52.2,52.61 1 1
lvmsync_go/internal/lvm/device.go:52.61,54.3 1 0
lvmsync_go/internal/lvm/device.go:54.8,54.20 1 1
lvmsync_go/internal/lvm/device.go:54.20,56.3 1 0
lvmsync_go/internal/lvm/device.go:57.2,57.60 1 1
lvmsync_go/internal/lvm/device.go:57.60,59.3 1 0
lvmsync_go/internal/lvm/device.go:60.2,61.16 2 1
lvmsync_go/internal/lvm/device.go:61.16,63.3 1 1
lvmsync_go/internal/lvm/device.go:64.2,64.41 1 1
lvmsync_go/internal/lvm/device.go:68.100,69.33 1 1
lvmsync_go/internal/lvm/device.go:69.33,71.3 1 1
lvmsync_go/internal/lvm/device.go:72.2,73.46 2 1
lvmsync_go/internal/privilege/caps_linux.go:20.25,20.49 1 0
lvmsync_go/internal/privilege/caps_linux.go:23.25,26.47 3 0
lvmsync_go/internal/privilege/caps_linux.go:26.47,28.3 1 0
lvmsync_go/internal/privilege/caps_linux.go:29.2,30.27 2 0
lvmsync_go/internal/privilege/caps_linux.go:30.27,31.33 1 0
lvmsync_go/internal/privilege/caps_linux.go:31.33,33.4 1 0
lvmsync_go/internal/privilege/caps_linux.go:35.2,35.13 1 0
lvmsync_go/internal/privilege/caps_linux.go:39.24,40.15 1 1
lvmsync_go/internal/privilege/caps_linux.go:40.15,42.3 1 1
lvmsync_go/internal/privilege/caps_linux.go:43.2,43.43 1 1
lvmsync_go/internal/privilege/caps_linux.go:47.21,49.2 1 0
lvmsync_go/internal/privilege/runner.go:18.99,20.2 1 1
lvmsync_go/internal/privilege/runner.go:32.61,34.2 1 1
lvmsync_go/internal/privilege/runner.go:38.82,39.19 1 1
lvmsync_go/internal/privilege/runner.go:39.19,41.3 1 0
lvmsync_go/internal/privilege/runner.go:42.2,42.14 1 1
lvmsync_go/internal/privilege/runner.go:42.14,44.3 1 1
lvmsync_go/internal/privilege/runner.go:44.8,44.28 1 1
lvmsync_go/internal/privilege/runner.go:44.28,46.3 1 1
lvmsync_go/internal/privilege/runner.go:47.2,47.36 1 1
lvmsync_go/internal/privilege/runner.go:52.68,54.2 1 1
lvmsync_go/internal/privilege/runner.go:58.88,60.2 1 1
lvmsync_go/internal/privilege/runner.go:62.74,67.14 5 1
lvmsync_go/internal/privilege/runner.go:67.14,68.19 1 1
lvmsync_go/internal/privilege/runner.go:68.19,70.4 1 1
lvmsync_go/internal/privilege/runner.go:71.3,71.24 1 1
lvmsync_go/internal/privilege/runner.go:71.24,73.4 1 1
lvmsync_go/internal/privilege/runner.go:74.3,74.22 1 1
lvmsync_go/internal/privilege/runner.go:74.22,76.4 1 1
lvmsync_go/internal/privilege/runner.go:77.3,77.20 1 1
lvmsync_go/internal/privilege/runner.go:77.20,79.4 1 1
lvmsync_go/internal/privilege/runner.go:81.2,86.3 1 1
lvmsync_go/internal/privilege/sudo.go:20.96,21.33 1 1
lvmsync_go/internal/privilege/sudo.go:21.33,23.3 1 1
lvmsync_go/internal/privilege/sudo.go:24.2,25.13 2 1
lvmsync_go/internal/privilege/sudo.go:25.13,27.3 1 1
lvmsync_go/internal/privilege/sudo.go:28.2,28.37 1 1
lvmsync_go/internal/privilege/sudo.go:33.59,36.15 3 1
lvmsync_go/internal/privilege/sudo.go:36.15,37.54 1 1
lvmsync_go/internal/privilege/sudo.go:37.54,39.4 1 1
lvmsync_go/internal/privilege/sudo.go:40.3,41.20 2 1
lvmsync_go/internal/privilege/sudo.go:41.20,43.24 2 0
lvmsync_go/internal/privilege/sudo.go:43.24,45.5 1 0
lvmsync_go/internal/privilege/sudo.go:46.4,46.36 1 0
lvmsync_go/internal/privilege/sudo.go:48.3,48.35 1 1
lvmsync_go/internal/privilege/sudo.go:48.35,49.42 1 1
lvmsync_go/internal/privilege/sudo.go:49.42,51.5 1 1
lvmsync_go/internal/privilege/sudo.go:52.4,52.56 1 1
lvmsync_go/internal/privilege/sudo.go:54.3,54.13 1 1
lvmsync_go/internal/privilege/sudo.go:56.2,56.20 1 1
lvmsync_go/internal/privilege/sudo.go:61.93,67.15 3 1
lvmsync_go/internal/privilege/sudo.go:67.15,70.20 3 1
lvmsync_go/internal/privilege/sudo.go:70.20,72.24 2 0
lvmsync_go/internal/privilege/sudo.go:72.24,74.5 1 0
lvmsync_go/internal/privilege/sudo.go:75.4,75.36 1 0
lvmsync_go/internal/privilege/sudo.go:77.3,77.13 1 1
lvmsync_go/internal/privilege/sudo.go:79.2,80.19 2 1
lvmsync_go/internal/privilege/sudo.go:80.19,82.23 2 1
lvmsync_go/internal/privilege/sudo.go:82.23,84.4 1 0
lvmsync_go/internal/privilege/sudo.go:85.3,85.35 1 1
lvmsync_go/internal/privilege/sudo.go:87.2,87.12 1 1
lvmsync_go/internal/privilege/sudo.go:92.45,99.29 3 1
lvmsync_go/internal/privilege/sudo.go:99.29,100.75 1 1
lvmsync_go/internal/privilege/sudo.go:100.75,101.12 1 1
lvmsync_go/internal/privilege/sudo.go:103.3,104.13 2 1
lvmsync_go/internal/privilege/sudo.go:104.13,105.12 1 0
lvmsync_go/internal/privilege/sudo.go:107.3,108.19 2 1
lvmsync_go/internal/privilege/sudo.go:108.19,110.4 1 1
lvmsync_go/internal/privilege/sudo.go:112.2,112.12 1 1
lvmsync_go/internal/privilege/sudo.go:115.41,117.33 2 1
lvmsync_go/internal/privilege/sudo.go:117.33,121.71 3 1
lvmsync_go/internal/privilege/sudo.go:121.71,122.32 1 1
lvmsync_go/internal/privilege/sudo.go:122.32,125.5 2 1
lvmsync_go/internal/privilege/sudo.go:125.10,127.24 2 1
lvmsync_go/internal/privilege/sudo.go:127.24,130.6 2 1
lvmsync_go/internal/privilege/sudo.go:132.9,134.4 1 1
lvmsync_go/internal/privilege/sudo.go:136.2,136.12 1 1
lvmsync_go/internal/signaturecache/cache.go:45.62,53.2 1 1
lvmsync_go/internal/signaturecache/cache.go:55.44,57.2 1 1
lvmsync_go/internal/signaturecache/cache.go:61.63,65.34 4 1
lvmsync_go/internal/signaturecache/cache.go:65.34,67.37 2 1
lvmsync_go/internal/signaturecache/cache.go:67.37,71.4 3 1
lvmsync_go/internal/signaturecache/cache.go:72.3,74.24 3 0
lvmsync_go/internal/signaturecache/cache.go:76.2,77.16 2 1
lvmsync_go/internal/signaturecache/cache.go:77.16,79.3 1 1
lvmsync_go/internal/signaturecache/cache.go:80.2,80.50 1 1
lvmsync_go/internal/signaturecache/cache.go:80.50,83.3 2 0
lvmsync_go/internal/signaturecache/cache.go:84.2,85.16 2 1
lvmsync_go/internal/signaturecache/cache.go:85.16,88.3 2 0
lvmsync_go/internal/signaturecache/cache.go:89.2,92.21 4 1
lvmsync_go/internal/signaturecache/cache.go:96.69,100.34 4 1
lvmsync_go/internal/signaturecache/cache.go:100.34,102.3 1 0
lvmsync_go/internal/signaturecache/cache.go:103.2,105.58 3 1
lvmsync_go/internal/signaturecache/cache.go:105.58,108.3 2 0
lvmsync_go/internal/signaturecache/cache.go:109.2,110.12 2 1
lvmsync_go/internal/signaturecache/cache.go:115.70,119.34 4 1
lvmsync_go/internal/signaturecache/cache.go:119.34,121.65 2 1
lvmsync_go/internal/signaturecache/cache.go:121.65,125.4 3 1
lvmsync_go/internal/signaturecache/cache.go:126.3,128.14 3 1
lvmsync_go/internal/signaturecache/cache.go:130.2,131.16 2 0
lvmsync_go/internal/signaturecache/cache.go:131.16,133.3 1 0
lvmsync_go/internal/signaturecache/cache.go:134.2,134.50 1 0
lvmsync_go/internal/signaturecache/cache.go:134.50,137.3 2 0
lvmsync_go/internal/signaturecache/cache.go:138.2,139.37 2 0
lvmsync_go/internal/signaturecache/cache.go:139.37,142.3 2 0
lvmsync_go/internal/signaturecache/cache.go:143.2,146.13 4 0
lvmsync_go/internal/signaturecache/cache.go:149.25,150.39 1 1
lvmsync_go/internal/signaturecache/cache.go:150.39,152.16 2 1
lvmsync_go/internal/signaturecache/cache.go:152.16,154.4 1 0
lvmsync_go/internal/signaturecache/cache.go:155.3,155.22 1 1
lvmsync_go/internal/signaturecache/cache.go:159.49,164.2 4 1
lvmsync_go/internal/signaturecache/cache.go:166.40,168.2 1 1
lvmsync_go/internal/signaturecache/cache.go:170.46,172.2 1 1
lvmsync_go/internal/signaturecache/cache.go:174.61,176.16 2 1
lvmsync_go/internal/signaturecache/cache.go:176.16,178.3 1 1
lvmsync_go/internal/signaturecache/cache.go:179.2,180.50 2 1
lvmsync_go/internal/signaturecache/cache.go:180.50,182.3 1 0
lvmsync_go/internal/signaturecache/cache.go:183.2,183.27 1 1
lvmsync_go/internal/signaturecache/cache.go:183.27,185.3 1 0
lvmsync_go/internal/signaturecache/cache.go:186.2,186.17 1 1
lvmsync_go/internal/signaturecache/cache.go:189.75,192.16 3 1
lvmsync_go/internal/signaturecache/cache.go:192.16,194.3 1 0
lvmsync_go/internal/signaturecache/cache.go:195.2,196.63 2 1
lvmsync_go/internal/signaturecache/cache.go:196.63,198.3 1 0
lvmsync_go/internal/signaturecache/cache.go:199.2,199.40 1 1
lvmsync_go/internal/signaturecache/cache.go:202.30,203.22 1 1
lvmsync_go/internal/signaturecache/cache.go:203.22,205.3 1 0
lvmsync_go/internal/signaturecache/cache.go:206.2,206.19 1 1
lvmsync_go/internal/signaturecache/cache.go:206.19,207.19 1 1
lvmsync_go/internal/signaturecache/cache.go:207.19,209.4 1 1
lvmsync_go/internal/signaturecache/cache.go:211.2,211.13 1 1
lvmsync_go/internal/sizeparse/sizeparse.go:17.48,19.13 2 1
lvmsync_go/internal/sizeparse/sizeparse.go:19.13,21.3 1 1
lvmsync_go/internal/sizeparse/sizeparse.go:23.2,23.31 1 1
lvmsync_go/internal/sizeparse/sizeparse.go:23.31,26.51 3 1
lvmsync_go/internal/sizeparse/sizeparse.go:26.51,28.4 1 1
lvmsync_go/internal/sizeparse/sizeparse.go:29.3,29.19 1 1
lvmsync_go/internal/sizeparse/sizeparse.go:29.19,31.4 1 1
lvmsync_go/internal/sizeparse/sizeparse.go:32.3,33.27 2 1
lvmsync_go/internal/sizeparse/sizeparse.go:33.27,35.4 1 1
lvmsync_go/internal/sizeparse/sizeparse.go:36.3,36.31 1 1
lvmsync_go/internal/sizeparse/sizeparse.go:39.2,42.22 3 1
lvmsync_go/internal/sizeparse/sizeparse.go:42.22,43.63 1 1
lvmsync_go/internal/sizeparse/sizeparse.go:43.63,45.9 2 1
lvmsync_go/internal/sizeparse/sizeparse.go:48.2,52.39 4 1
lvmsync_go/internal/sizeparse/sizeparse.go:52.39,54.3 1 1
lvmsync_go/internal/sizeparse/sizeparse.go:55.2,55.18 1 1
lvmsync_go/internal/sizeparse/sizeparse.go:55.18,57.3 1 1
lvmsync_go/internal/sizeparse/sizeparse.go:59.2,60.14 2 1
lvmsync_go/internal/sizeparse/sizeparse.go:61.15,62.11 1 1
lvmsync_go/internal/sizeparse/sizeparse.go:63.17,64.13 1 1
lvmsync_go/internal/sizeparse/sizeparse.go:65.17,66.13 1 1
lvmsync_go/internal/sizeparse/sizeparse.go:67.17,68.13 1 1
lvmsync_go/internal/sizeparse/sizeparse.go:69.17,70.14 1 0
lvmsync_go/internal/sizeparse/sizeparse.go:71.17,72.14 1 0
lvmsync_go/internal/sizeparse/sizeparse.go:73.17,74.14 1 1
lvmsync_go/internal/sizeparse/sizeparse.go:75.13,76.17 1 1
lvmsync_go/internal/sizeparse/sizeparse.go:77.13,78.17 1 1
lvmsync_go/internal/sizeparse/sizeparse.go:79.13,80.17 1 1
lvmsync_go/internal/sizeparse/sizeparse.go:81.13,82.17 1 0
lvmsync_go/internal/sizeparse/sizeparse.go:83.13,84.17 1 0
lvmsync_go/internal/sizeparse/sizeparse.go:85.13,86.17 1 0
lvmsync_go/internal/sizeparse/sizeparse.go:87.10,88.62 1 1
lvmsync_go/internal/sizeparse/sizeparse.go:91.2,92.16 2 1
lvmsync_go/internal/sizeparse/sizeparse.go:92.16,94.3 1 1
lvmsync_go/internal/sizeparse/sizeparse.go:95.2,96.26 2 1
lvmsync_go/internal/sizeparse/sizeparse.go:96.26,98.3 1 1
lvmsync_go/internal/sizeparse/sizeparse.go:99.2,99.31 1 1
lvmsync_go/internal/sizeparse/sizeparse.go:103.35,105.14 2 1
lvmsync_go/internal/sizeparse/sizeparse.go:105.14,107.3 1 0
lvmsync_go/internal/sizeparse/sizeparse.go:108.2,110.39 3 1
lvmsync_go/internal/sizeparse/sizeparse.go:110.39,113.3 2 1
lvmsync_go/internal/sizeparse/sizeparse.go:114.2,114.51 1 1
lvmsync_go/internal/rsyncwire/wire.go:35.54,35.90 1 1
lvmsync_go/internal/rsyncwire/wire.go:41.60,42.34 1 1
lvmsync_go/internal/rsyncwire/wire.go:42.34,44.3 1 1
lvmsync_go/internal/rsyncwire/wire.go:45.2,45.28 1 1
lvmsync_go/internal/rsyncwire/wire.go:45.28,47.3 1 1
lvmsync_go/internal/rsyncwire/wire.go:48.2,52.48 4 1
lvmsync_go/internal/rsyncwire/wire.go:52.48,54.3 1 0
lvmsync_go/internal/rsyncwire/wire.go:55.2,55.53 1 1
lvmsync_go/internal/rsyncwire/wire.go:55.53,57.3 1 0
lvmsync_go/internal/rsyncwire/wire.go:58.2,58.16 1 1
lvmsync_go/internal/rsyncwire/wire.go:58.16,59.49 1 1
lvmsync_go/internal/rsyncwire/wire.go:59.49,61.4 1 0
lvmsync_go/internal/rsyncwire/wire.go:63.2,63.18 1 1
lvmsync_go/internal/rsyncwire/wire.go:66.68,67.19 1 1
lvmsync_go/internal/rsyncwire/wire.go:67.19,68.35 1 1
lvmsync_go/internal/rsyncwire/wire.go:68.35,70.4 1 0
lvmsync_go/internal/rsyncwire/wire.go:71.3,72.12 2 1
lvmsync_go/internal/rsyncwire/wire.go:72.12,74.4 1 1
lvmsync_go/internal/rsyncwire/wire.go:75.3,75.17 1 1
lvmsync_go/internal/rsyncwire/wire.go:75.17,76.42 1 0
lvmsync_go/internal/rsyncwire/wire.go:76.42,78.5 1 0
lvmsync_go/internal/rsyncwire/wire.go:79.4,79.53 1 0
lvmsync_go/internal/rsyncwire/wire.go:79.53,80.43 1 0
lvmsync_go/internal/rsyncwire/wire.go:80.43,82.6 1 0
lvmsync_go/internal/rsyncwire/wire.go:83.5,83.36 1 0
lvmsync_go/internal/rsyncwire/wire.go:85.4,85.14 1 0
lvmsync_go/internal/rsyncwire/wire.go:87.3,87.13 1 1
lvmsync_go/internal/rsyncwire/wire.go:87.13,89.4 1 0
lvmsync_go/internal/rsyncwire/wire.go:91.2,91.12 1 1
lvmsync_go/internal/rsyncwire/wire.go:97.60,98.34 1 1
lvmsync_go/internal/rsyncwire/wire.go:98.34,100.3 1 0
lvmsync_go/internal/rsyncwire/wire.go:101.2,101.48 1 1
lvmsync_go/internal/rsyncwire/wire.go:101.48,103.3 1 0
lvmsync_go/internal/rsyncwire/wire.go:104.2,105.52 2 1
lvmsync_go/internal/rsyncwire/wire.go:105.52,107.3 1 1
lvmsync_go/internal/rsyncwire/wire.go:108.2,109.15 2 1
lvmsync_go/internal/rsyncwire/wire.go:109.15,111.3 1 1
lvmsync_go/internal/rsyncwire/wire.go:112.2,114.49 3 1
lvmsync_go/internal/rsyncwire/wire.go:114.49,116.3 1 0
lvmsync_go/internal/rsyncwire/wire.go:117.2,117.47 1 1
lvmsync_go/internal/rsyncwire/wire.go:117.47,119.3 1 1
lvmsync_go/internal/rsyncwire/wire.go:120.2,120.23 1 1
lvmsync_go/internal/rsyncwire/wire.go:123.67,124.19 1 1
lvmsync_go/internal/rsyncwire/wire.go:124.19,125.35 1 1
lvmsync_go/internal/rsyncwire/wire.go:125.35,127.4 1 0
lvmsync_go/internal/rsyncwire/wire.go:128.3,129.12 2 1
lvmsync_go/internal/rsyncwire/wire.go:129.12,131.4 1 1
lvmsync_go/internal/rsyncwire/wire.go:132.3,132.17 1 1
lvmsync_go/internal/rsyncwire/wire.go:132.17,133.38 1 1
lvmsync_go/internal/rsyncwire/wire.go:133.38,135.5 1 0
lvmsync_go/internal/rsyncwire/wire.go:136.4,136.42 1 1
lvmsync_go/internal/rsyncwire/wire.go:136.42,138.5 1 1
lvmsync_go/internal/rsyncwire/wire.go:139.4,139.53 1 0
lvmsync_go/internal/rsyncwire/wire.go:139.53,140.43 1 0
lvmsync_go/internal/rsyncwire/wire.go:140.43,142.6 1 0
lvmsync_go/internal/rsyncwire/wire.go:143.5,143.36 1 0
lvmsync_go/internal/rsyncwire/wire.go:145.4,145.21 1 0
lvmsync_go/internal/rsyncwire/wire.go:145.21,147.5 1 0
lvmsync_go/internal/rsyncwire/wire.go:148.4,148.14 1 0
lvmsync_go/internal/rsyncwire/wire.go:151.2,151.12 1 1
lvmsync_go/internal/rsyncwire/wire.go:157.64,159.9 2 1
lvmsync_go/internal/rsyncwire/wire.go:159.9,161.3 1 1
lvmsync_go/internal/rsyncwire/wire.go:162.2,162.34 1 1
lvmsync_go/internal/rsyncwire/wire.go:162.34,163.46 1 1
lvmsync_go/internal/rsyncwire/wire.go:163.46,165.4 1 0
lvmsync_go/internal/rsyncwire/wire.go:166.3,166.38 1 1
lvmsync_go/internal/rsyncwire/wire.go:166.38,167.14 1 1
lvmsync_go/internal/rsyncwire/wire.go:167.14,170.5 2 1
lvmsync_go/internal/rsyncwire/wire.go:172.3,172.13 1 1
lvmsync_go/internal/rsyncwire/wire.go:174.2,174.37 1 1
lvmsync_go/internal/rsyncwire/wire.go:174.37,175.13 1 0
lvmsync_go/internal/rsyncwire/wire.go:175.13,178.4 2 0
lvmsync_go/internal/rsyncwire/wire.go:180.2,180.12 1 1
lvmsync_go/internal/rsyncwire/wire.go:189.40,189.74 1 1
lvmsync_go/internal/rsyncwire/wire.go:192.84,197.2 4 1
lvmsync_go/internal/rsyncwire/wire.go:203.90,205.9 2 1
lvmsync_go/internal/rsyncwire/wire.go:205.9,207.3 1 0
lvmsync_go/internal/rsyncwire/wire.go:210.2,211.16 2 1
lvmsync_go/internal/rsyncwire/wire.go:211.16,213.3 1 0
lvmsync_go/internal/rsyncwire/wire.go:214.2,215.16 2 1
lvmsync_go/internal/rsyncwire/wire.go:215.16,217.3 1 0
lvmsync_go/internal/rsyncwire/wire.go:218.2,218.60 1 1
lvmsync_go/internal/rsyncwire/wire.go:218.60,220.3 1 0
lvmsync_go/internal/rsyncwire/wire.go:222.2,233.49 10 1
lvmsync_go/internal/rsyncwire/wire.go:233.49,234.35 1 1
lvmsync_go/internal/rsyncwire/wire.go:234.35,236.4 1 0
lvmsync_go/internal/rsyncwire/wire.go:237.3,238.61 2 1
lvmsync_go/internal/rsyncwire/wire.go:238.61,240.4 1 1
lvmsync_go/internal/rsyncwire/wire.go:241.3,242.50 2 1
lvmsync_go/internal/rsyncwire/wire.go:242.50,244.4 1 0
lvmsync_go/internal/rsyncwire/wire.go:245.3,258.24 8 1
lvmsync_go/internal/rsyncwire/wire.go:261.2,262.52 2 1
lvmsync_go/internal/rsyncwire/wire.go:262.52,264.3 1 0
lvmsync_go/internal/rsyncwire/wire.go:265.2,265.18 1 1
lvmsync_go/internal/rsyncwire/wire.go:270.82,276.2 5 0
lvmsync_go/internal/rsyncwire/wire.go:281.82,282.20 1 0
lvmsync_go/internal/rsyncwire/wire.go:282.20,284.3 1 0
lvmsync_go/internal/rsyncwire/wire.go:285.2,290.40 6 0
lvmsync_go/internal/rsyncwire/wire.go:294.53,304.2 4 1
lvmsync_go/internal/rsyncwire/wire.go:306.32,309.2 2 1
lvmsync_go/internal/rsyncwire/wire.go:311.35,315.16 4 1
lvmsync_go/internal/rsyncwire/wire.go:315.16,316.35 1 1
lvmsync_go/internal/rsyncwire/wire.go:316.35,325.4 2 1
lvmsync_go/internal/rsyncwire/wire.go:327.2,327.24 1 1
lvmsync_go/internal/rsyncwire/wire.go:327.24,330.3 2 1
lvmsync_go/internal/rsyncwire/wire.go:331.2,331.35 1 1
lvmsync_go/internal/rsyncwire/wire.go:334.35,339.2 4 1
lvmsync_go/lvm/cgo/lvm2cmd_stub.go:14.16,14.33 1 1
lvmsync_go/lvm/cgo/lvm2cmd_stub.go:16.60,16.85 1 1
lvmsync_go/lvm/cgo/lvm2cmd_stub.go:17.60,17.85 1 1
lvmsync_go/lvm/cgo/lvm2cmd_stub.go:18.60,18.88 1 1
lvmsync_go/lvm/cgo/lvm2cmd_stub.go:19.60,19.88 1 1
lvmsync_go/lvm/cgo/lvm2cmd_stub.go:20.60,20.90 1 1
lvmsync_go/lvm/cgo/lvm2cmd_stub.go:23.54,23.79 1 0
lvmsync_go/lvm/backend_cgo.go:14.46,14.76 1 1
lvmsync_go/lvm/backend_cgo.go:17.33,17.72 1 1
lvmsync_go/lvm/backend_cgo.go:19.97,21.16 2 1
lvmsync_go/lvm/backend_cgo.go:21.16,23.3 1 0
lvmsync_go/lvm/backend_cgo.go:24.2,24.13 1 1
lvmsync_go/lvm/backend_cgo.go:24.13,26.3 1 0
lvmsync_go/lvm/backend_cgo.go:27.2,27.74 1 1
lvmsync_go/lvm/backend_cgo.go:27.74,29.3 1 0
lvmsync_go/lvm/backend_cgo.go:30.2,30.12 1 1
lvmsync_go/lvm/backend_cgo.go:33.83,34.53 1 1
lvmsync_go/lvm/backend_cgo.go:34.53,36.3 1 0
lvmsync_go/lvm/backend_cgo.go:37.2,37.12 1 1
lvmsync_go/lvm/backend_cgo.go:40.96,42.16 2 1
lvmsync_go/lvm/backend_cgo.go:42.16,44.3 1 0
lvmsync_go/lvm/backend_cgo.go:45.2,45.19 1 1
lvmsync_go/lvm/backend_cgo.go:48.96,50.16 2 1
lvmsync_go/lvm/backend_cgo.go:50.16,52.3 1 0
lvmsync_go/lvm/backend_cgo.go:53.2,53.18 1 1
lvmsync_go/lvm/backend_cgo.go:56.102,58.16 2 1
lvmsync_go/lvm/backend_cgo.go:58.16,60.3 1 0
lvmsync_go/lvm/backend_cgo.go:61.2,62.25 2 1
lvmsync_go/lvm/backend_cgo.go:62.25,63.32 1 1
lvmsync_go/lvm/backend_cgo.go:63.32,65.4 1 1
lvmsync_go/lvm/backend_cgo.go:67.2,68.25 2 1
lvmsync_go/lvm/backend_cgo.go:68.25,69.44 1 1
lvmsync_go/lvm/backend_cgo.go:69.44,70.12 1 1
lvmsync_go/lvm/backend_cgo.go:72.3,72.63 1 1
lvmsync_go/lvm/backend_cgo.go:74.2,74.17 1 1
lvmsync_go/lvm/backend_cgo.go:77.108,78.66 1 0
lvmsync_go/lvm/backend_cgo.go:78.66,80.3 1 0
lvmsync_go/lvm/backend_cgo.go:81.2,81.12 1 0
lvmsync_go/lvm/checks.go:10.72,12.17 2 0
lvmsync_go/lvm/checks.go:12.17,14.4 1 0
lvmsync_go/lvm/checks.go:15.3,15.37 1 0
lvmsync_go/lvm/checks.go:15.37,17.4 1 0
lvmsync_go/lvm/checks.go:18.3,18.20 1 0
lvmsync_go/lvm/checks.go:20.74,20.95 1 0
lvmsync_go/lvm/checks.go:21.74,21.94 1 0
lvmsync_go/lvm/checks.go:22.74,22.95 1 0
lvmsync_go/lvm/checks.go:25.67,27.2 1 0
lvmsync_go/lvm/checks.go:29.72,31.2 1 0
lvmsync_go/lvm/checks.go:33.69,35.2 1 0
lvmsync_go/lvm/checks.go:37.64,39.2 1 0
lvmsync_go/lvm/escalation.go:21.59,22.41 1 1
lvmsync_go/lvm/escalation.go:22.41,24.3 1 1
lvmsync_go/lvm/escalation.go:25.2,25.46 1 1
lvmsync_go/lvm/escalation.go:25.46,27.3 1 1
lvmsync_go/lvm/escalation.go:28.2,29.16 2 1
lvmsync_go/lvm/escalation.go:29.16,31.3 1 1
lvmsync_go/lvm/escalation.go:32.2,32.21 1 1
lvmsync_go/lvm/escalation.go:32.21,34.3 1 0
lvmsync_go/lvm/escalation.go:35.2,35.19 1 1
lvmsync_go/lvm/escalation.go:39.48,40.20 1 1
lvmsync_go/lvm/escalation.go:40.20,42.3 1 0
lvmsync_go/lvm/escalation.go:43.2,44.16 2 1
lvmsync_go/lvm/escalation.go:44.16,46.3 1 0
lvmsync_go/lvm/escalation.go:47.2,49.16 3 1
lvmsync_go/lvm/escalation.go:49.16,51.3 1 0
lvmsync_go/lvm/escalation.go:52.2,52.12 1 1
lvmsync_go/lvm/escalation.go:58.55,58.93 1 1
lvmsync_go/lvm/escalation.go:62.57,64.15 2 0
lvmsync_go/lvm/escalation.go:64.15,66.3 1 0
lvmsync_go/lvm/escalation.go:66.8,68.3 1 0
lvmsync_go/lvm/escalation.go:69.2,69.16 1 0
lvmsync_go/lvm/escalation.go:69.16,69.42 1 0
lvmsync_go/lvm/fd_cache.go:30.65,31.15 1 1
lvmsync_go/lvm/fd_cache.go:31.15,33.3 1 0
lvmsync_go/lvm/fd_cache.go:34.2,39.8 1 1
lvmsync_go/lvm/fd_cache.go:43.61,45.2 1 1
lvmsync_go/lvm/fd_cache.go:48.55,51.2 2 1
lvmsync_go/lvm/fd_cache.go:56.57,60.39 3 1
lvmsync_go/lvm/fd_cache.go:60.39,63.10 3 1
lvmsync_go/lvm/fd_cache.go:63.10,65.4 1 0
lvmsync_go/lvm/fd_cache.go:66.3,66.23 1 1
lvmsync_go/lvm/fd_cache.go:69.2,70.16 2 1
lvmsync_go/lvm/fd_cache.go:70.16,72.3 1 0
lvmsync_go/lvm/fd_cache.go:74.2,74.29 1 1
lvmsync_go/lvm/fd_cache.go:74.29,75.42 1 1
lvmsync_go/lvm/fd_cache.go:75.42,76.51 1 1
lvmsync_go/lvm/fd_cache.go:76.51,77.48 1 1
lvmsync_go/lvm/fd_cache.go:77.48,79.6 1 0
lvmsync_go/lvm/fd_cache.go:80.5,80.30 1 1
lvmsync_go/lvm/fd_cache.go:82.4,82.24 1 1
lvmsync_go/lvm/fd_cache.go:86.2,88.16 3 1
lvmsync_go/lvm/fd_cache.go:92.27,96.29 3 1
lvmsync_go/lvm/fd_cache.go:96.29,98.10 2 1
lvmsync_go/lvm/fd_cache.go:98.10,99.12 1 0
lvmsync_go/lvm/fd_cache.go:101.3,101.46 1 1
lvmsync_go/lvm/fd_cache.go:101.46,103.4 1 1
lvmsync_go/lvm/fd_cache.go:105.2,106.16 2 1
lvmsync_go/lvm/lvcreate.go:11.114,13.2 1 0
lvmsync_go/lvm/lvcreate.go:16.126,17.39 1 1
lvmsync_go/lvm/lvcreate.go:17.39,19.3 1 0
lvmsync_go/lvm/lvcreate.go:20.2,20.52 1 1
lvmsync_go/lvm/lvcreate.go:20.52,22.3 1 0
lvmsync_go/lvm/lvcreate.go:23.2,23.86 1 1
lvmsync_go/lvm/lvcreate.go:23.86,25.3 1 1
lvmsync_go/lvm/lvcreate.go:26.2,27.12 2 1
lvmsync_go/lvm/lvm.go:34.26,42.2 1 1
lvmsync_go/lvm/lvm.go:51.11,53.19 2 1
lvmsync_go/lvm/lvm.go:53.19,55.3 1 1
lvmsync_go/lvm/lvm.go:56.2,56.23 1 1
lvmsync_go/lvm/lvm.go:56.23,58.3 1 1
lvmsync_go/lvm/lvm.go:59.2,59.27 1 1
lvmsync_go/lvm/lvm.go:59.27,61.3 1 1
lvmsync_go/lvm/lvm.go:62.2,62.20 1 1
lvmsync_go/lvm/lvm.go:62.20,64.3 1 1
lvmsync_go/lvm/lvm.go:65.2,65.24 1 1
lvmsync_go/lvm/lvm.go:65.24,67.3 1 0
lvmsync_go/lvm/lvm.go:68.2,68.10 1 1
lvmsync_go/lvm/lvm.go:73.34,74.23 1 0
lvmsync_go/lvm/lvm.go:74.23,76.3 1 0
lvmsync_go/lvm/lvm.go:77.2,77.12 1 0
lvmsync_go/lvm/lvm.go:80.103,82.2 1 0
lvmsync_go/lvm/lvm.go:84.115,85.39 1 1
lvmsync_go/lvm/lvm.go:85.39,87.3 1 1
lvmsync_go/lvm/lvm.go:88.2,88.54 1 1
lvmsync_go/lvm/lvm.go:88.54,90.3 1 0
lvmsync_go/lvm/lvm.go:91.2,91.82 1 1
lvmsync_go/lvm/lvm.go:91.82,94.3 1 1
lvmsync_go/lvm/lvm.go:95.2,99.12 2 1
lvmsync_go/lvm/lvm.go:102.89,104.2 1 0
lvmsync_go/lvm/lvm.go:106.101,107.39 1 1
lvmsync_go/lvm/lvm.go:107.39,109.3 1 0
lvmsync_go/lvm/lvm.go:110.2,110.24 1 1
lvmsync_go/lvm/lvm.go:110.24,112.3 1 0
lvmsync_go/lvm/lvm.go:113.2,113.68 1 1
lvmsync_go/lvm/lvm.go:113.68,115.3 1 0
lvmsync_go/lvm/lvm.go:116.2,118.12 2 1
lvmsync_go/lvm/lvm.go:121.102,123.2 1 0
lvmsync_go/lvm/lvm.go:125.114,126.39 1 1
lvmsync_go/lvm/lvm.go:126.39,128.3 1 0
lvmsync_go/lvm/lvm.go:129.2,129.24 1 1
lvmsync_go/lvm/lvm.go:129.24,131.3 1 0
lvmsync_go/lvm/lvm.go:132.2,133.16 2 1
lvmsync_go/lvm/lvm.go:133.16,135.3 1 0
lvmsync_go/lvm/lvm.go:136.2,139.19 2 1
lvmsync_go/lvm/lvm.go:142.133,144.2 1 0
lvmsync_go/lvm/lvm.go:146.145,147.39 1 1
lvmsync_go/lvm/lvm.go:147.39,149.3 1 0
lvmsync_go/lvm/lvm.go:150.2,150.24 1 1
lvmsync_go/lvm/lvm.go:150.24,152.3 1 0
lvmsync_go/lvm/lvm.go:153.2,155.6 3 1
lvmsync_go/lvm/lvm.go:155.6,156.10 1 1
lvmsync_go/lvm/lvm.go:157.19,159.18 2 1
lvmsync_go/lvm/lvm.go:159.18,161.5 1 0
lvmsync_go/lvm/lvm.go:162.4,162.26 1 1
lvmsync_go/lvm/lvm.go:162.26,168.5 2 1
lvmsync_go/lvm/lvm.go:169.21,171.20 2 0
lvmsync_go/lvm/lvm.go:176.76,178.2 1 0
lvmsync_go/lvm/lvm.go:180.88,182.52 2 1
lvmsync_go/lvm/lvm.go:182.52,184.3 1 0
lvmsync_go/lvm/lvm.go:185.2,185.20 1 1
lvmsync_go/lvm/lvm.go:185.20,187.3 1 0
lvmsync_go/lvm/lvm.go:188.2,192.23 3 1
lvmsync_go/lvm/lvm.go:195.55,198.14 3 1
lvmsync_go/lvm/lvm.go:198.14,200.3 1 1
lvmsync_go/lvm/lvm.go:201.2,201.19 1 0
lvmsync_go/lvm/lvm.go:204.91,206.2 1 1
lvmsync_go/lvm/lvm.go:208.103,209.18 1 1
lvmsync_go/lvm/lvm.go:209.18,211.3 1 0
lvmsync_go/lvm/lvm.go:212.2,212.48 1 1
lvmsync_go/lvm/lvm.go:212.48,214.3 1 0
lvmsync_go/lvm/lvm.go:215.2,216.16 2 1
lvmsync_go/lvm/lvm.go:216.16,218.3 1 0
lvmsync_go/lvm/lvm.go:219.2,220.16 2 1
lvmsync_go/lvm/lvm.go:220.16,221.25 1 1
lvmsync_go/lvm/lvm.go:221.25,223.22 2 1
lvmsync_go/lvm/lvm.go:223.22,225.5 1 0
lvmsync_go/lvm/lvm.go:226.4,227.13 2 1
lvmsync_go/lvm/lvm.go:227.13,229.5 1 0
lvmsync_go/lvm/lvm.go:230.4,230.20 1 1
lvmsync_go/lvm/lvm.go:231.9,233.4 1 0
lvmsync_go/lvm/lvm.go:235.2,238.18 2 1
lvmsync_go/lvm/lvm.go:242.47,242.72 1 1
lvmsync_go/lvm/lvm.go:252.79,255.16 3 1
lvmsync_go/lvm/lvm.go:255.16,261.3 2 1
lvmsync_go/lvm/lvm.go:263.2,264.16 2 1
lvmsync_go/lvm/lvm.go:264.16,270.3 2 1
lvmsync_go/lvm/lvm.go:271.2,271.17 1 1
lvmsync_go/lvm/lvm.go:274.77,276.16 2 1
lvmsync_go/lvm/lvm.go:276.16,278.3 1 1
lvmsync_go/lvm/lvm.go:280.2,280.13 1 1
lvmsync_go/lvm/lvm.go:281.9,282.20 1 1
lvmsync_go/lvm/lvm.go:283.9,284.19 1 1
lvmsync_go/lvm/lvm.go:285.10,291.20 3 1
lvmsync_go/lvm/lvm.go:295.92,297.2 1 0
lvmsync_go/lvm/lvm.go:299.104,302.46 3 1
lvmsync_go/lvm/lvm.go:302.46,304.3 1 0
lvmsync_go/lvm/lvm.go:305.2,306.75 2 1
lvmsync_go/lvm/lvm.go:306.75,308.22 2 1
lvmsync_go/lvm/lvm.go:308.22,310.22 2 1
lvmsync_go/lvm/lvm.go:310.22,312.5 1 1
lvmsync_go/lvm/lvm.go:313.4,314.22 2 1
lvmsync_go/lvm/lvm.go:314.22,316.5 1 1
lvmsync_go/lvm/lvm.go:318.8,323.3 1 0
lvmsync_go/lvm/lvm.go:324.2,324.70 1 1
lvmsync_go/lvm/lvm.go:324.70,326.3 1 1
lvmsync_go/lvm/lvm.go:327.2,327.66 1 1
lvmsync_go/lvm/lvm.go:327.66,329.3 1 1
lvmsync_go/lvm/lvm.go:330.2,330.80 1 1
lvmsync_go/lvm/lvm.go:330.80,332.3 1 1
lvmsync_go/lvm/lvm.go:333.2,333.19 1 1
lvmsync_go/lvm/lvm.go:336.104,338.2 1 1
lvmsync_go/lvm/lvm.go:340.116,343.16 3 1
lvmsync_go/lvm/lvm.go:343.16,345.3 1 1
lvmsync_go/lvm/lvm.go:346.2,346.15 1 1
lvmsync_go/lvm/lvm.go:346.15,347.28 1 1
lvmsync_go/lvm/lvm.go:347.28,349.4 1 1
lvmsync_go/lvm/lvm.go:350.3,351.17 2 1
lvmsync_go/lvm/lvm.go:351.17,353.4 1 0
lvmsync_go/lvm/lvm.go:354.3,356.33 3 1
lvmsync_go/lvm/lvm.go:356.33,358.4 1 0
lvmsync_go/lvm/lvm.go:359.3,362.25 2 1
lvmsync_go/lvm/lvm.go:364.2,367.17 2 1
lvmsync_go/lvm/lvm.go:370.89,374.2 3 1
lvmsync_go/lvm/lvm.go:379.56,382.57 3 1
lvmsync_go/lvm/lvm.go:382.57,384.3 1 1
lvmsync_go/lvm/lvm.go:385.2,385.22 1 1
lvmsync_go/lvm/lvm.go:388.82,390.2 1 0
lvmsync_go/lvm/lvm.go:392.94,393.39 1 0
lvmsync_go/lvm/lvm.go:393.39,395.3 1 0
lvmsync_go/lvm/lvm.go:396.2,397.16 2 0
lvmsync_go/lvm/lvm.go:397.16,399.3 1 0
lvmsync_go/lvm/lvm.go:400.2,400.18 1 0
lvmsync_go/lvm/lvm.go:410.67,412.2 1 0
lvmsync_go/lvm/lvm.go:414.79,415.39 1 0
lvmsync_go/lvm/lvm.go:415.39,417.3 1 0
lvmsync_go/lvm/lvm.go:418.2,419.16 2 0
lvmsync_go/lvm/lvm.go:419.16,421.3 1 0
lvmsync_go/lvm/lvm.go:422.2,422.17 1 0
lvmsync_go/lvm/lvm.go:432.117,434.2 1 0
lvmsync_go/lvm/lvm.go:436.129,437.21 1 1
lvmsync_go/lvm/lvm.go:437.21,439.3 1 0
lvmsync_go/lvm/lvm.go:440.2,440.39 1 1
lvmsync_go/lvm/lvm.go:440.39,442.3 1 0
lvmsync_go/lvm/lvm.go:443.2,444.16 2 1
lvmsync_go/lvm/lvm.go:444.16,446.3 1 0
lvmsync_go/lvm/lvm.go:447.2,447.19 1 1
lvmsync_go/lvm/lvm.go:447.19,448.26 1 1
lvmsync_go/lvm/lvm.go:448.26,450.4 1 1
lvmsync_go/lvm/lvm.go:451.3,451.61 1 0
lvmsync_go/lvm/lvm.go:453.2,453.22 1 1
lvmsync_go/lvm/lvm.go:457.58,459.29 2 1
lvmsync_go/lvm/lvm.go:459.29,460.28 1 1
lvmsync_go/lvm/lvm.go:460.28,462.4 1 1
lvmsync_go/lvm/lvm.go:464.2,464.20 1 1
lvmsync_go/lvm/lvm.go:470.58,471.54 1 1
lvmsync_go/lvm/lvm.go:471.54,476.26 2 1
lvmsync_go/lvm/lvm.go:476.26,477.26 1 1
lvmsync_go/lvm/lvm.go:477.26,478.13 1 1
lvmsync_go/lvm/lvm.go:480.4,480.39 1 1
lvmsync_go/lvm/lvm.go:480.39,483.5 2 1
lvmsync_go/lvm/lvm.go:485.3,485.13 1 1
lvmsync_go/lvm/lvm.go:485.13,487.4 1 1
lvmsync_go/lvm/lvm.go:488.3,488.21 1 1
lvmsync_go/lvm/lvm.go:495.111,497.2 1 0
lvmsync_go/lvm/lvm.go:499.123,501.18 2 1
lvmsync_go/lvm/lvm.go:501.18,503.3 1 1
lvmsync_go/lvm/lvm.go:504.2,504.55 1 1
lvmsync_go/lvm/path.go:12.52,13.13 1 1
lvmsync_go/lvm/path.go:13.13,15.3 1 0
lvmsync_go/lvm/path.go:17.2,18.16 2 1
lvmsync_go/lvm/path.go:18.16,20.3 1 0
lvmsync_go/lvm/path.go:22.2,24.50 3 1
lvmsync_go/lvm/path.go:24.50,28.14 4 1
lvmsync_go/lvm/path.go:28.14,30.4 1 0
lvmsync_go/lvm/path.go:31.3,33.27 3 1
lvmsync_go/lvm/path.go:33.27,35.4 1 0
lvmsync_go/lvm/path.go:36.3,36.21 1 1
lvmsync_go/lvm/path.go:39.2,41.26 3 1
lvmsync_go/lvm/path.go:41.26,43.3 1 0
lvmsync_go/lvm/path.go:44.2,44.20 1 1
lvmsync_go/lvm/snapshot_registry.go:24.56,25.16 1 1
lvmsync_go/lvm/snapshot_registry.go:25.16,27.3 1 0
lvmsync_go/lvm/snapshot_registry.go:28.2,28.19 1 1
lvmsync_go/lvm/snapshot_registry.go:28.19,29.22 1 1
lvmsync_go/lvm/snapshot_registry.go:31.2,34.24 4 1
lvmsync_go/lvm/snapshot_registry.go:34.24,37.13 3 1
lvmsync_go/lvm/snapshot_registry.go:37.13,41.4 3 1
lvmsync_go/lvm/snapshot_registry.go:46.38,50.2 3 1
lvmsync_go/lvm/snapshot_registry.go:54.45,58.29 4 1
lvmsync_go/lvm/snapshot_registry.go:58.29,61.3 2 1
lvmsync_go/lvm/snapshot_registry.go:62.2,64.16 3 1
lvmsync_go/lvm/snapshot_registry.go:64.16,66.3 1 0
lvmsync_go/lvm/snapshot_registry.go:67.2,67.26 1 1
lvmsync_go/lvm/snapshot_registry.go:67.26,69.58 2 1
lvmsync_go/lvm/snapshot_registry.go:69.58,71.4 1 0
lvmsync_go/lvm/snapshot_registry.go:71.9,73.4 1 1
lvmsync_go/lvm/snapshot_registry.go:74.3,74.11 1 1
lvmsync_go/lvm/snapshot_registry.go:81.76,82.16 1 1
lvmsync_go/lvm/snapshot_registry.go:82.16,84.3 1 0
lvmsync_go/lvm/snapshot_registry.go:85.2,85.19 1 1
lvmsync_go/lvm/snapshot_registry.go:85.19,86.22 1 1
lvmsync_go/lvm/snapshot_registry.go:88.2,89.16 2 1
lvmsync_go/lvm/snapshot_registry.go:89.16,91.3 1 0
lvmsync_go/lvm/snapshot_registry.go:92.2,94.56 3 1
lvmsync_go/lvm/snapshot_registry.go:94.56,96.3 1 1
lvmsync_go/lvm/snapshot_registry.go:96.8,98.3 1 1
lvmsync_go/remote/testutil/ssh_mock.go:31.78,32.77 1 1
lvmsync_go/remote/testutil/ssh_mock.go:32.77,34.3 1 1
lvmsync_go/remote/testutil/ssh_mock.go:37.84,40.16 3 1
lvmsync_go/remote/testutil/ssh_mock.go:40.16,42.3 1 0
lvmsync_go/remote/testutil/ssh_mock.go:43.2,44.16 2 1
lvmsync_go/remote/testutil/ssh_mock.go:44.16,46.3 1 0
lvmsync_go/remote/testutil/ssh_mock.go:47.2,50.16 4 1
lvmsync_go/remote/testutil/ssh_mock.go:50.16,52.3 1 0
lvmsync_go/remote/testutil/ssh_mock.go:53.2,55.12 3 1
lvmsync_go/remote/testutil/ssh_mock.go:59.57,60.6 1 1
lvmsync_go/remote/testutil/ssh_mock.go:60.6,62.17 2 1
lvmsync_go/remote/testutil/ssh_mock.go:62.17,64.4 1 1
lvmsync_go/remote/testutil/ssh_mock.go:65.3,69.27 4 1
lvmsync_go/remote/testutil/ssh_mock.go:69.27,71.18 2 1
lvmsync_go/remote/testutil/ssh_mock.go:71.18,73.5 1 0
lvmsync_go/remote/testutil/ssh_mock.go:74.4,75.29 2 1
lvmsync_go/remote/testutil/ssh_mock.go:75.29,76.41 1 1
lvmsync_go/remote/testutil/ssh_mock.go:76.41,78.14 2 0
lvmsync_go/remote/testutil/ssh_mock.go:80.5,81.19 2 1
lvmsync_go/remote/testutil/ssh_mock.go:81.19,82.14 1 0
lvmsync_go/remote/testutil/ssh_mock.go:84.5,84.37 1 1
lvmsync_go/remote/testutil/ssh_mock.go:86.4,86.22 1 1
lvmsync_go/remote/testutil/ssh_mock.go:91.79,93.22 2 1
lvmsync_go/remote/testutil/ssh_mock.go:93.22,94.19 1 1
lvmsync_go/remote/testutil/ssh_mock.go:95.15,99.63 2 1
lvmsync_go/remote/testutil/ssh_mock.go:99.63,101.5 1 0
lvmsync_go/remote/testutil/ssh_mock.go:102.4,108.36 7 1
lvmsync_go/remote/testutil/ssh_mock.go:108.36,110.5 1 1
lvmsync_go/remote/testutil/ssh_mock.go:110.10,112.5 1 0
lvmsync_go/remote/testutil/ssh_mock.go:113.4,115.10 3 1
lvmsync_go/remote/testutil/ssh_mock.go:116.14,117.24 1 0
lvmsync_go/remote/testutil/ssh_mock.go:118.11,119.25 1 0
lvmsync_go/remote/testutil/ssh_mock.go:124.64,125.22 1 1
lvmsync_go/remote/testutil/ssh_mock.go:125.22,130.3 4 0
lvmsync_go/remote/testutil/ssh_mock.go:133.33,135.2 1 1
lvmsync_go/remote/testutil/ssh_mock.go:137.45,141.2 3 1
lvmsync_go/remote/testutil/ssh_mock.go:143.51,147.2 3 0
lvmsync_go/remote/testutil/ssh_mock.go:149.47,153.2 3 0
lvmsync_go/remote/testutil/ssh_mock.go:155.71,158.16 3 1
lvmsync_go/remote/testutil/ssh_mock.go:158.16,160.3 1 0
lvmsync_go/remote/testutil/ssh_mock.go:161.2,163.16 3 1
lvmsync_go/remote/testutil/ssh_mock.go:163.16,165.3 1 0
lvmsync_go/remote/testutil/ssh_mock.go:166.2,166.54 1 1
lvmsync_go/remote/testutil/ssh_mock.go:166.54,168.3 1 0
lvmsync_go/remote/testutil/ssh_mock.go:169.2,169.34 1 1
lvmsync_go/remote/testutil/ssh_mock.go:169.34,171.3 1 0
lvmsync_go/remote/testutil/ssh_mock.go:172.2,172.17 1 1
lvmsync_go/remote/testutil/ssh_mock.go:175.49,178.16 3 0
lvmsync_go/remote/testutil/ssh_mock.go:178.16,180.3 1 0
lvmsync_go/remote/testutil/ssh_mock.go:181.2,181.34 1 0
lvmsync_go/remote/testutil/ssh_mock.go:181.34,183.3 1 0
lvmsync_go/remote/testutil/ssh_mock.go:184.2,184.17 1 0
lvmsync_go/remote/testutil/ssh_mock.go:187.41,190.16 3 0
lvmsync_go/remote/testutil/ssh_mock.go:190.16,192.3 1 0
lvmsync_go/remote/testutil/ssh_mock.go:193.2,195.16 3 0
lvmsync_go/remote/testutil/ssh_mock.go:195.16,197.3 1 0
lvmsync_go/remote/testutil/ssh_mock.go:198.2,198.43 1 0
lvmsync_go/remote/testutil/ssh_mock.go:198.43,200.3 1 0
lvmsync_go/remote/testutil/ssh_mock.go:201.2,201.34 1 0
lvmsync_go/remote/testutil/ssh_mock.go:201.34,203.3 1 0
lvmsync_go/remote/testutil/ssh_mock.go:204.2,204.17 1 0
lvmsync_go/manifest/index.go:12.94,14.15 2 1
lvmsync_go/manifest/index.go:14.15,16.3 1 0
lvmsync_go/manifest/index.go:17.2,18.16 2 1
lvmsync_go/manifest/index.go:18.16,20.3 1 0
lvmsync_go/manifest/index.go:21.2,22.41 2 1
lvmsync_go/manifest/index.go:22.41,26.3 3 0
lvmsync_go/manifest/index.go:27.2,28.16 2 1
lvmsync_go/manifest/index.go:28.16,32.3 3 0
lvmsync_go/manifest/index.go:33.2,33.30 1 1
lvmsync_go/manifest/index.go:37.51,38.54 1 1
lvmsync_go/manifest/index.go:38.54,40.3 1 0
lvmsync_go/manifest/index.go:41.2,42.16 2 1
lvmsync_go/manifest/index.go:42.16,44.3 1 0
lvmsync_go/manifest/index.go:45.2,46.19 2 1
lvmsync_go/manifest/index.go:50.49,52.16 2 1
lvmsync_go/manifest/index.go:52.16,54.3 1 0
lvmsync_go/manifest/index.go:56.2,65.50 4 1
lvmsync_go/manifest/index.go:65.50,67.17 2 1
lvmsync_go/manifest/index.go:67.17,70.4 2 0
lvmsync_go/manifest/index.go:71.3,71.18 1 1
lvmsync_go/manifest/index.go:71.18,72.12 1 1
lvmsync_go/manifest/index.go:74.3,74.29 1 1
lvmsync_go/manifest/index.go:74.29,75.12 1 0
lvmsync_go/manifest/index.go:77.3,78.65 2 1
lvmsync_go/manifest/index.go:80.2,81.36 2 1
lvmsync_go/manifest/index.go:81.36,83.3 1 0
lvmsync_go/manifest/index.go:85.2,87.16 3 1
lvmsync_go/manifest/index.go:87.16,89.3 1 0
lvmsync_go/manifest/index.go:90.2,91.28 2 1
lvmsync_go/manifest/index.go:91.28,92.79 1 1
lvmsync_go/manifest/index.go:92.79,95.4 2 0
lvmsync_go/manifest/index.go:97.2,99.23 3 1
lvmsync_go/manifest/index.go:104.54,106.16 2 1
lvmsync_go/manifest/index.go:106.16,108.3 1 0
lvmsync_go/manifest/index.go:109.2,117.50 3 1
lvmsync_go/manifest/index.go:117.50,119.17 2 1
lvmsync_go/manifest/index.go:119.17,122.4 2 0
lvmsync_go/manifest/index.go:123.3,123.65 1 1
lvmsync_go/manifest/index.go:125.2,126.36 2 1
lvmsync_go/manifest/index.go:126.36,128.3 1 0
lvmsync_go/manifest/index.go:130.2,132.16 3 1
lvmsync_go/manifest/index.go:132.16,134.3 1 0
lvmsync_go/manifest/index.go:135.2,136.28 2 1
lvmsync_go/manifest/index.go:136.28,137.79 1 1
lvmsync_go/manifest/index.go:137.79,140.4 2 0
lvmsync_go/manifest/index.go:142.2,144.23 3 1
lvmsync_go/manifest/manifest.go:88.41,90.99 1 1
lvmsync_go/manifest/manifest.go:90.99,95.4 4 1
lvmsync_go/manifest/manifest.go:96.27,96.41 1 1
lvmsync_go/manifest/manifest.go:102.52,104.27 2 1
lvmsync_go/manifest/manifest.go:104.27,106.3 1 1
lvmsync_go/manifest/manifest.go:107.2,107.12 1 1
lvmsync_go/manifest/manifest.go:111.48,112.31 1 1
lvmsync_go/manifest/manifest.go:112.31,112.50 1 1
lvmsync_go/manifest/manifest.go:116.104,117.31 1 1
lvmsync_go/manifest/manifest.go:117.31,117.53 1 1
lvmsync_go/manifest/manifest.go:121.65,122.31 1 1
lvmsync_go/manifest/manifest.go:122.31,122.48 1 1
lvmsync_go/manifest/manifest.go:132.36,149.2 16 1
lvmsync_go/manifest/manifest.go:151.31,168.2 16 1
lvmsync_go/manifest/manifest.go:170.36,171.30 1 1
lvmsync_go/manifest/manifest.go:171.30,173.3 1 1
lvmsync_go/manifest/manifest.go:174.2,189.66 16 1
lvmsync_go/manifest/manifest.go:189.66,191.3 1 1
lvmsync_go/manifest/manifest.go:192.2,192.30 1 1
lvmsync_go/manifest/manifest.go:192.30,194.3 1 1
lvmsync_go/manifest/manifest.go:195.2,195.12 1 1
lvmsync_go/manifest/manifest.go:198.38,200.37 2 1
lvmsync_go/manifest/manifest.go:200.37,202.3 1 1
lvmsync_go/manifest/manifest.go:203.2,203.12 1 1
lvmsync_go/manifest/manifest.go:207.31,209.19 2 1
lvmsync_go/manifest/manifest.go:209.19,210.66 1 1
lvmsync_go/manifest/manifest.go:210.66,212.4 1 1
lvmsync_go/manifest/manifest.go:213.3,213.55 1 1
lvmsync_go/manifest/manifest.go:213.55,215.4 1 1
lvmsync_go/manifest/manifest.go:217.2,217.16 1 1
lvmsync_go/manifest/manifest.go:217.16,218.44 1 1
lvmsync_go/manifest/manifest.go:218.44,220.4 1 1
lvmsync_go/manifest/manifest.go:221.3,221.39 1 1
lvmsync_go/manifest/manifest.go:221.39,223.4 1 1
lvmsync_go/manifest/manifest.go:224.3,224.22 1 1
lvmsync_go/manifest/manifest.go:224.22,225.63 1 1
lvmsync_go/manifest/manifest.go:225.63,227.5 1 0
lvmsync_go/manifest/manifest.go:230.2,230.24 1 1
lvmsync_go/manifest/manifest.go:230.24,231.47 1 1
lvmsync_go/manifest/manifest.go:231.47,233.4 1 1
lvmsync_go/manifest/manifest.go:235.2,235.12 1 1
lvmsync_go/manifest/manifest.go:239.169,241.24 2 1
lvmsync_go/manifest/manifest.go:241.24,243.3 1 1
lvmsync_go/manifest/manifest.go:244.2,244.20 1 1
lvmsync_go/manifest/manifest.go:244.20,246.3 1 1
lvmsync_go/manifest/manifest.go:247.2,250.16 4 1
lvmsync_go/manifest/manifest.go:250.16,252.3 1 0
lvmsync_go/manifest/manifest.go:253.2,271.72 7 1
lvmsync_go/manifest/manifest.go:271.72,274.3 2 0
lvmsync_go/manifest/manifest.go:275.2,275.33 1 1
lvmsync_go/manifest/manifest.go:275.33,278.3 2 0
lvmsync_go/manifest/manifest.go:279.2,279.17 1 1
lvmsync_go/manifest/manifest.go:283.61,286.16 3 1
lvmsync_go/manifest/manifest.go:286.16,288.3 1 1
lvmsync_go/manifest/manifest.go:289.2,290.16 2 1
lvmsync_go/manifest/manifest.go:290.16,293.3 2 0
lvmsync_go/manifest/manifest.go:294.2,296.16 3 1
lvmsync_go/manifest/manifest.go:296.16,299.3 2 1
lvmsync_go/manifest/manifest.go:300.2,301.41 2 1
lvmsync_go/manifest/manifest.go:301.41,304.3 2 1
lvmsync_go/manifest/manifest.go:305.2,305.43 1 1
lvmsync_go/manifest/manifest.go:305.43,308.3 2 1
lvmsync_go/manifest/manifest.go:309.2,310.17 2 1
lvmsync_go/manifest/manifest.go:315.64,318.16 3 1
lvmsync_go/manifest/manifest.go:318.16,320.3 1 0
lvmsync_go/manifest/manifest.go:321.2,322.16 2 1
lvmsync_go/manifest/manifest.go:322.16,325.3 2 0
lvmsync_go/manifest/manifest.go:326.2,328.16 3 1
lvmsync_go/manifest/manifest.go:328.16,331.3 2 0
lvmsync_go/manifest/manifest.go:332.2,333.41 2 1
lvmsync_go/manifest/manifest.go:333.41,334.42 1 1
lvmsync_go/manifest/manifest.go:334.42,337.4 2 0
lvmsync_go/manifest/manifest.go:338.3,338.26 1 1
lvmsync_go/manifest/manifest.go:339.10,342.21 3 1
lvmsync_go/manifest/manifest.go:343.11,345.79 2 0
lvmsync_go/manifest/manifest.go:348.2,348.43 1 1
lvmsync_go/manifest/manifest.go:348.43,351.3 2 0
lvmsync_go/manifest/manifest.go:352.2,353.17 2 1
lvmsync_go/manifest/manifest.go:356.35,356.78 1 1
lvmsync_go/manifest/manifest.go:358.32,359.12 1 1
lvmsync_go/manifest/manifest.go:359.12,361.3 1 0
lvmsync_go/manifest/manifest.go:362.2,362.45 1 1
lvmsync_go/manifest/manifest.go:365.30,368.25 3 1
lvmsync_go/manifest/manifest.go:368.25,370.3 1 1
lvmsync_go/manifest/manifest.go:371.2,373.34 3 1
lvmsync_go/manifest/manifest.go:376.49,377.23 1 1
lvmsync_go/manifest/manifest.go:377.23,379.3 1 0
lvmsync_go/manifest/manifest.go:380.2,381.6 2 1
lvmsync_go/manifest/manifest.go:381.6,382.32 1 1
lvmsync_go/manifest/manifest.go:382.32,384.9 2 1
lvmsync_go/manifest/manifest.go:386.3,386.27 1 1
lvmsync_go/manifest/manifest.go:388.2,391.35 4 1
lvmsync_go/manifest/manifest.go:394.31,396.54 2 1
lvmsync_go/manifest/manifest.go:396.54,400.18 4 1
lvmsync_go/manifest/manifest.go:400.18,401.12 1 1
lvmsync_go/manifest/manifest.go:403.3,405.29 3 1
lvmsync_go/manifest/manifest.go:410.93,412.29 2 1
lvmsync_go/manifest/manifest.go:412.29,414.3 1 1
lvmsync_go/manifest/manifest.go:415.2,423.12 9 1
lvmsync_go/manifest/manifest.go:429.103,430.23 1 1
lvmsync_go/manifest/manifest.go:430.23,432.3 1 0
lvmsync_go/manifest/manifest.go:433.2,434.31 2 1
lvmsync_go/manifest/manifest.go:434.31,436.3 1 0
lvmsync_go/manifest/manifest.go:437.2,440.29 4 1
lvmsync_go/manifest/manifest.go:440.29,442.3 1 1
lvmsync_go/manifest/manifest.go:443.2,444.6 2 1
lvmsync_go/manifest/manifest.go:444.6,446.23 2 1
lvmsync_go/manifest/manifest.go:446.23,448.4 1 1
lvmsync_go/manifest/manifest.go:449.3,452.23 4 1
lvmsync_go/manifest/manifest.go:452.23,456.77 4 1
lvmsync_go/manifest/manifest.go:456.77,459.5 2 1
lvmsync_go/manifest/manifest.go:461.3,461.27 1 1
lvmsync_go/manifest/manifest.go:466.113,467.29 1 1
lvmsync_go/manifest/manifest.go:467.29,469.3 1 1
lvmsync_go/manifest/manifest.go:470.2,477.8 8 1
lvmsync_go/manifest/manifest.go:481.37,481.64 1 1
lvmsync_go/manifest/manifest.go:491.37,493.54 2 1
lvmsync_go/manifest/manifest.go:493.54,495.17 2 1
lvmsync_go/manifest/manifest.go:495.17,496.12 1 0
lvmsync_go/manifest/manifest.go:498.3,498.40 1 1
lvmsync_go/manifest/manifest.go:498.40,499.12 1 1
lvmsync_go/manifest/manifest.go:501.3,501.75 1 1
lvmsync_go/manifest/manifest.go:503.2,503.12 1 1
lvmsync_go/manifest/manifest.go:520.15,522.33 2 1
lvmsync_go/manifest/manifest.go:522.33,524.3 1 0
lvmsync_go/manifest/manifest.go:525.2,526.16 2 1
lvmsync_go/manifest/manifest.go:526.16,528.3 1 0
lvmsync_go/manifest/manifest.go:529.2,529.30 1 1
lvmsync_go/manifest/manifest.go:529.30,531.3 1 1
lvmsync_go/manifest/manifest.go:533.2,534.16 2 1
lvmsync_go/manifest/manifest.go:534.16,536.3 1 0
lvmsync_go/manifest/manifest.go:537.2,540.33 4 1
lvmsync_go/manifest/manifest.go:540.33,542.3 1 0
lvmsync_go/manifest/manifest.go:543.2,544.16 2 1
lvmsync_go/manifest/manifest.go:544.16,546.3 1 0
lvmsync_go/manifest/manifest.go:547.2,548.16 2 1
lvmsync_go/manifest/manifest.go:548.16,550.3 1 0
lvmsync_go/manifest/manifest.go:551.2,552.16 2 1
lvmsync_go/manifest/manifest.go:552.16,554.3 1 0
lvmsync_go/manifest/manifest.go:555.2,555.33 1 1
lvmsync_go/manifest/manifest.go:555.33,557.3 1 0
lvmsync_go/manifest/manifest.go:558.2,560.16 3 1
lvmsync_go/manifest/manifest.go:560.16,562.3 1 0
lvmsync_go/manifest/manifest.go:563.2,567.16 5 1
lvmsync_go/manifest/manifest.go:567.16,569.3 1 0
lvmsync_go/manifest/manifest.go:570.2,570.15 1 1
lvmsync_go/manifest/manifest.go:570.15,571.53 1 1
lvmsync_go/manifest/manifest.go:571.53,573.4 1 1
lvmsync_go/manifest/manifest.go:575.2,578.72 4 1
lvmsync_go/manifest/manifest.go:578.72,580.3 1 0
lvmsync_go/manifest/manifest.go:581.2,584.61 4 1
lvmsync_go/manifest/manifest.go:584.61,585.34 1 1
lvmsync_go/manifest/manifest.go:585.34,587.4 1 1
lvmsync_go/manifest/manifest.go:588.3,589.42 2 1
lvmsync_go/manifest/manifest.go:589.42,591.4 1 0
lvmsync_go/manifest/manifest.go:592.3,592.13 1 1
lvmsync_go/manifest/manifest.go:592.13,593.9 1 0
lvmsync_go/manifest/manifest.go:595.3,598.59 4 1
lvmsync_go/manifest/manifest.go:598.59,600.4 1 0
lvmsync_go/manifest/manifest.go:601.3,601.71 1 1
lvmsync_go/manifest/manifest.go:601.71,602.35 1 1
lvmsync_go/manifest/manifest.go:602.35,604.5 1 0
lvmsync_go/manifest/manifest.go:605.4,609.24 2 1
lvmsync_go/manifest/manifest.go:611.3,611.24 1 1
lvmsync_go/manifest/manifest.go:611.24,612.9 1 0
lvmsync_go/manifest/manifest.go:615.2,619.12 2 1
lvmsync_go/manifest/rebuild.go:26.9,28.16 2 1
lvmsync_go/manifest/rebuild.go:28.16,31.17 3 1
lvmsync_go/manifest/rebuild.go:31.17,33.4 1 0
lvmsync_go/manifest/rebuild.go:34.3,34.73 1 1
lvmsync_go/manifest/rebuild.go:34.73,36.4 1 1
lvmsync_go/manifest/rebuild.go:37.3,38.17 2 1
lvmsync_go/manifest/rebuild.go:38.17,40.4 1 0
lvmsync_go/manifest/rebuild.go:41.3,43.51 3 1
lvmsync_go/manifest/rebuild.go:43.51,44.35 1 1
lvmsync_go/manifest/rebuild.go:44.35,46.5 1 0
lvmsync_go/manifest/rebuild.go:47.4,48.18 2 1
lvmsync_go/manifest/rebuild.go:48.18,50.5 1 0
lvmsync_go/manifest/rebuild.go:51.4,51.30 1 1
lvmsync_go/manifest/rebuild.go:51.30,53.5 1 0
lvmsync_go/manifest/rebuild.go:54.4,55.73 2 1
lvmsync_go/manifest/rebuild.go:55.73,57.5 1 0
lvmsync_go/manifest/rebuild.go:58.4,58.62 1 1
lvmsync_go/manifest/rebuild.go:58.62,60.5 1 1
lvmsync_go/manifest/rebuild.go:62.3,62.13 1 1
lvmsync_go/manifest/rebuild.go:64.2,64.25 1 1
lvmsync_go/manifest/rebuild.go:64.25,66.3 1 0
lvmsync_go/manifest/rebuild.go:67.2,67.125 1 1
lvmsync_go/manifest/rebuild.go:79.9,80.16 1 1
lvmsync_go/manifest/rebuild.go:80.16,82.3 1 1
lvmsync_go/manifest/rebuild.go:83.2,83.125 1 1
lvmsync_go/transfer/apply.go:18.166,23.16 5 1
lvmsync_go/transfer/apply.go:23.16,25.3 1 0
lvmsync_go/transfer/apply.go:27.2,28.16 2 1
lvmsync_go/transfer/apply.go:28.16,30.3 1 0
lvmsync_go/transfer/apply.go:31.2,31.15 1 1
lvmsync_go/transfer/apply.go:31.15,32.53 1 1
lvmsync_go/transfer/apply.go:32.53,34.4 1 0
lvmsync_go/transfer/apply.go:37.2,40.16 3 1
lvmsync_go/transfer/apply.go:40.16,42.3 1 1
lvmsync_go/transfer/apply.go:43.2,48.17 5 1
lvmsync_go/transfer/apply.go:48.17,50.18 2 0
lvmsync_go/transfer/apply.go:50.18,52.4 1 0
lvmsync_go/transfer/apply.go:53.3,55.47 3 0
lvmsync_go/transfer/apply.go:55.47,56.86 1 0
lvmsync_go/transfer/apply.go:56.86,58.5 1 0
lvmsync_go/transfer/apply.go:61.2,61.21 1 1
lvmsync_go/transfer/apply.go:61.21,63.17 2 1
lvmsync_go/transfer/apply.go:63.17,65.4 1 0
lvmsync_go/transfer/apply.go:67.2,70.27 3 1
lvmsync_go/transfer/apply.go:70.27,72.17 2 0
lvmsync_go/transfer/apply.go:72.17,74.4 1 0
lvmsync_go/transfer/apply.go:75.3,75.23 1 0
lvmsync_go/transfer/apply.go:75.23,76.72 1 0
lvmsync_go/transfer/apply.go:76.72,78.5 1 0
lvmsync_go/transfer/apply.go:82.2,87.16 6 1
lvmsync_go/transfer/apply.go:87.16,89.3 1 0
lvmsync_go/transfer/apply.go:90.2,90.18 1 1
lvmsync_go/transfer/apply.go:90.18,91.38 1 0
lvmsync_go/transfer/apply.go:91.38,93.4 1 0
lvmsync_go/transfer/apply.go:96.2,101.12 3 1
lvmsync_go/transfer/apply.go:105.160,107.2 1 0
lvmsync_go/transfer/apply.go:110.114,112.2 1 1
lvmsync_go/transfer/block_common.go:23.66,25.16 2 1
lvmsync_go/transfer/block_common.go:25.16,27.3 1 0
lvmsync_go/transfer/block_common.go:28.2,28.19 1 1
lvmsync_go/transfer/block_common.go:28.19,30.3 1 0
lvmsync_go/transfer/block_common.go:31.2,31.12 1 1
lvmsync_go/transfer/block_common.go:37.70,39.56 2 0
lvmsync_go/transfer/block_common.go:39.56,41.3 1 0
lvmsync_go/transfer/block_common.go:42.2,42.17 1 0
lvmsync_go/transfer/block_common.go:48.166,49.17 1 1
lvmsync_go/transfer/block_common.go:49.17,51.3 1 1
lvmsync_go/transfer/block_common.go:52.2,52.49 1 1
lvmsync_go/transfer/block_common.go:58.144,62.20 4 1
lvmsync_go/transfer/block_common.go:62.20,64.3 1 1
lvmsync_go/transfer/block_common.go:66.2,66.42 1 1
lvmsync_go/transfer/block_common.go:66.42,67.50 1 1
lvmsync_go/transfer/block_common.go:67.50,69.4 1 0
lvmsync_go/transfer/block_common.go:70.3,71.16 2 1
lvmsync_go/transfer/block_common.go:71.16,72.62 1 1
lvmsync_go/transfer/block_common.go:72.62,74.5 1 0
lvmsync_go/transfer/block_common.go:76.3,76.16 1 1
lvmsync_go/transfer/block_common.go:76.16,77.62 1 1
lvmsync_go/transfer/block_common.go:77.62,79.5 1 0
lvmsync_go/transfer/block_common.go:83.2,84.16 2 1
lvmsync_go/transfer/block_common.go:84.16,86.3 1 0
lvmsync_go/transfer/block_common.go:87.2,87.15 1 1
lvmsync_go/transfer/block_common.go:87.15,88.45 1 1
lvmsync_go/transfer/block_common.go:88.45,90.4 1 0
lvmsync_go/transfer/block_common.go:93.2,93.52 1 1
lvmsync_go/transfer/block_common.go:93.52,95.17 2 1
lvmsync_go/transfer/block_common.go:95.17,96.9 1 1
lvmsync_go/transfer/block_common.go:99.3,106.10 3 0
lvmsync_go/transfer/block_common.go:107.28,107.28 0 0
lvmsync_go/transfer/block_common.go:108.21,109.46 1 0
lvmsync_go/transfer/block_common.go:109.46,111.5 1 0
lvmsync_go/transfer/block_common.go:112.4,112.25 1 0
lvmsync_go/transfer/block_common.go:115.2,115.44 1 1
lvmsync_go/transfer/block_common.go:115.44,117.3 1 0
lvmsync_go/transfer/block_common.go:118.2,118.16 1 1
lvmsync_go/transfer/block_common.go:118.16,120.3 1 0
lvmsync_go/transfer/block_common.go:122.2,123.17 2 1
lvmsync_go/transfer/block_common.go:123.17,125.3 1 0
lvmsync_go/transfer/block_common.go:125.8,127.3 1 1
lvmsync_go/transfer/block_common.go:128.2,129.16 2 1
lvmsync_go/transfer/block_common.go:129.16,130.18 1 0
lvmsync_go/transfer/block_common.go:130.18,132.4 1 0
lvmsync_go/transfer/block_common.go:132.9,134.4 1 0
lvmsync_go/transfer/block_common.go:135.3,135.18 1 0
lvmsync_go/transfer/block_common.go:137.2,137.18 1 1
lvmsync_go/transfer/block_common.go:140.121,144.20 4 1
lvmsync_go/transfer/block_common.go:144.20,146.3 1 1
lvmsync_go/transfer/block_common.go:148.2,149.17 2 1
lvmsync_go/transfer/block_common.go:149.17,151.3 1 0
lvmsync_go/transfer/block_common.go:151.8,153.3 1 1
lvmsync_go/transfer/block_common.go:154.2,154.52 1 1
lvmsync_go/transfer/block_common.go:154.52,156.35 2 1
lvmsync_go/transfer/block_common.go:156.35,158.4 1 1
lvmsync_go/transfer/block_common.go:160.3,167.10 3 1
lvmsync_go/transfer/block_common.go:168.28,168.28 0 1
lvmsync_go/transfer/block_common.go:169.21,170.19 1 1
lvmsync_go/transfer/block_common.go:170.19,172.5 1 0
lvmsync_go/transfer/block_common.go:172.10,174.5 1 1
lvmsync_go/transfer/block_common.go:175.4,175.25 1 1
lvmsync_go/transfer/block_common.go:179.2,179.17 1 0
lvmsync_go/transfer/block_common.go:179.17,181.3 1 0
lvmsync_go/transfer/block_common.go:181.8,183.3 1 0
lvmsync_go/transfer/block_common.go:184.2,184.99 1 0
lvmsync_go/transfer/block_linux.go:14.86,17.20 3 1
lvmsync_go/transfer/block_linux.go:17.20,19.17 2 1
lvmsync_go/transfer/block_linux.go:19.17,21.4 1 0
lvmsync_go/transfer/block_linux.go:22.3,22.13 1 1
lvmsync_go/transfer/block_linux.go:22.13,23.9 1 0
lvmsync_go/transfer/block_linux.go:25.3,26.17 2 1
lvmsync_go/transfer/block_linux.go:26.17,28.4 1 0
lvmsync_go/transfer/block_linux.go:29.3,29.17 1 1
lvmsync_go/transfer/block_linux.go:31.2,31.12 1 1
lvmsync_go/transfer/block_linux.go:35.48,37.16 2 0
lvmsync_go/transfer/block_linux.go:37.16,39.62 2 0
lvmsync_go/transfer/block_linux.go:39.62,41.4 1 0
lvmsync_go/transfer/block_linux.go:42.3,42.25 1 0
lvmsync_go/transfer/block_linux.go:44.2,44.18 1 0
lvmsync_go/transfer/block_linux.go:49.45,50.42 1 1
lvmsync_go/transfer/block_linux.go:50.42,51.37 1 1
lvmsync_go/transfer/block_linux.go:51.37,52.43 1 1
lvmsync_go/transfer/block_linux.go:52.43,53.39 1 1
lvmsync_go/transfer/block_linux.go:53.39,55.6 1 1
lvmsync_go/transfer/block_linux.go:59.2,59.37 1 1
lvmsync_go/transfer/block_linux.go:59.37,61.17 2 1
lvmsync_go/transfer/block_linux.go:61.17,64.4 2 0
lvmsync_go/transfer/block_linux.go:65.3,65.12 1 1
lvmsync_go/transfer/block_linux.go:67.2,69.36 3 1
lvmsync_go/transfer/block_linux.go:69.36,71.3 1 1
lvmsync_go/transfer/block_linux.go:72.2,72.34 1 0
lvmsync_go/transfer/block_linux.go:72.34,74.3 1 0
lvmsync_go/transfer/block_linux.go:75.2,76.12 2 0
lvmsync_go/transfer/block_linux.go:79.40,80.46 1 1
lvmsync_go/transfer/block_linux.go:80.46,81.37 1 1
lvmsync_go/transfer/block_linux.go:81.37,83.4 1 1
lvmsync_go/transfer/block_linux.go:87.61,89.2 1 1
lvmsync_go/transfer/block_linux.go:91.34,93.2 1 0
lvmsync_go/transfer/block_linux.go:95.69,97.16 2 1
lvmsync_go/transfer/block_linux.go:97.16,100.3 2 0
lvmsync_go/transfer/block_linux.go:101.2,101.49 1 1
lvmsync_go/transfer/block_linux.go:104.41,106.16 2 1
lvmsync_go/transfer/block_linux.go:106.16,108.3 1 0
lvmsync_go/transfer/block_linux.go:109.2,110.69 2 1
lvmsync_go/transfer/block_linux.go:110.69,112.3 1 1
lvmsync_go/transfer/block_linux.go:113.2,113.13 1 1
lvmsync_go/transfer/block_linux.go:116.62,118.16 2 1
lvmsync_go/transfer/block_linux.go:118.16,120.3 1 0
lvmsync_go/transfer/block_linux.go:121.2,123.16 3 1
lvmsync_go/transfer/block_linux.go:123.16,124.24 1 0
lvmsync_go/transfer/block_linux.go:124.24,126.4 1 0
lvmsync_go/transfer/block_linux.go:127.3,127.16 1 0
lvmsync_go/transfer/block_linux.go:129.2,129.17 1 1
lvmsync_go/transfer/block_stream.go:26.76,27.28 1 1
lvmsync_go/transfer/block_stream.go:27.28,29.3 1 1
lvmsync_go/transfer/block_stream.go:30.2,30.44 1 1
lvmsync_go/transfer/block_stream.go:30.44,32.3 1 1
lvmsync_go/transfer/block_stream.go:33.2,33.41 1 1
lvmsync_go/transfer/block_stream.go:36.45,38.33 2 1
lvmsync_go/transfer/block_stream.go:38.33,40.3 1 1
lvmsync_go/transfer/block_stream.go:41.2,41.11 1 1
lvmsync_go/transfer/block_stream.go:42.30,43.22 1 1
lvmsync_go/transfer/block_stream.go:44.10,45.22 1 1
lvmsync_go/transfer/block_stream.go:59.31,66.28 7 1
lvmsync_go/transfer/block_stream.go:66.28,69.17 3 0
lvmsync_go/transfer/block_stream.go:69.17,71.4 1 0
lvmsync_go/transfer/block_stream.go:72.3,72.20 1 0
lvmsync_go/transfer/block_stream.go:74.2,74.20 1 1
lvmsync_go/transfer/block_stream.go:74.20,76.3 1 0
lvmsync_go/transfer/block_stream.go:77.2,78.27 2 1
lvmsync_go/transfer/block_stream.go:78.27,79.35 1 1
lvmsync_go/transfer/block_stream.go:79.35,81.4 1 0
lvmsync_go/transfer/block_stream.go:82.3,83.17 2 1
lvmsync_go/transfer/block_stream.go:83.17,85.4 1 1
lvmsync_go/transfer/block_stream.go:86.3,86.20 1 1
lvmsync_go/transfer/block_stream.go:86.20,88.18 2 1
lvmsync_go/transfer/block_stream.go:88.18,90.5 1 0
lvmsync_go/transfer/block_stream.go:90.10,90.60 1 1
lvmsync_go/transfer/block_stream.go:90.60,94.56 4 1
lvmsync_go/transfer/block_stream.go:94.56,96.6 1 0
lvmsync_go/transfer/block_stream.go:97.5,99.19 3 1
lvmsync_go/transfer/block_stream.go:99.19,102.67 3 0
lvmsync_go/transfer/block_stream.go:102.67,104.7 1 0
lvmsync_go/transfer/block_stream.go:106.5,107.13 2 1
lvmsync_go/transfer/block_stream.go:110.3,111.17 2 1
lvmsync_go/transfer/block_stream.go:111.17,112.40 1 0
lvmsync_go/transfer/block_stream.go:112.40,114.5 1 0
lvmsync_go/transfer/block_stream.go:115.4,115.107 1 0
lvmsync_go/transfer/block_stream.go:117.3,120.28 4 1
lvmsync_go/transfer/block_stream.go:120.28,121.20 1 1
lvmsync_go/transfer/block_stream.go:121.20,124.5 2 1
lvmsync_go/transfer/block_stream.go:125.4,125.14 1 1
lvmsync_go/transfer/block_stream.go:127.3,127.64 1 1
lvmsync_go/transfer/block_stream.go:127.64,130.12 3 0
lvmsync_go/transfer/block_stream.go:132.3,132.19 1 1
lvmsync_go/transfer/block_stream.go:132.19,133.43 1 1
lvmsync_go/transfer/block_stream.go:133.43,136.13 3 0
lvmsync_go/transfer/block_stream.go:138.4,138.38 1 1
lvmsync_go/transfer/block_stream.go:140.3,140.39 1 1
lvmsync_go/transfer/block_stream.go:140.39,143.12 3 0
lvmsync_go/transfer/block_stream.go:146.3,147.22 2 1
lvmsync_go/transfer/block_stream.go:147.22,150.55 3 0
lvmsync_go/transfer/block_stream.go:150.55,153.5 2 0
lvmsync_go/transfer/block_stream.go:154.4,156.18 3 0
lvmsync_go/transfer/block_stream.go:156.18,157.66 1 0
lvmsync_go/transfer/block_stream.go:157.66,160.6 2 0
lvmsync_go/transfer/block_stream.go:162.4,164.12 3 0
lvmsync_go/transfer/block_stream.go:166.3,169.54 4 1
lvmsync_go/transfer/block_stream.go:169.54,172.4 2 0
lvmsync_go/transfer/block_stream.go:173.3,173.47 1 1
lvmsync_go/transfer/block_stream.go:173.47,176.4 2 0
lvmsync_go/transfer/block_stream.go:178.3,179.17 2 1
lvmsync_go/transfer/block_stream.go:179.17,180.66 1 0
lvmsync_go/transfer/block_stream.go:180.66,183.5 2 0
lvmsync_go/transfer/block_stream.go:185.3,189.33 3 1
lvmsync_go/transfer/block_stream.go:191.2,191.51 1 1
lvmsync_go/transfer/block_stream.go:194.110,199.24 5 1
lvmsync_go/transfer/block_stream.go:199.24,203.3 3 1
lvmsync_go/transfer/block_stream.go:204.2,204.10 1 1
lvmsync_go/transfer/block_stream.go:207.67,208.48 1 1
lvmsync_go/transfer/block_stream.go:208.48,210.3 1 0
lvmsync_go/transfer/block_stream.go:211.2,211.46 1 1
lvmsync_go/transfer/block_stream.go:211.46,213.3 1 0
lvmsync_go/transfer/block_stream.go:214.2,214.12 1 1
lvmsync_go/transfer/block_stream.go:227.26,229.24 2 1
lvmsync_go/transfer/block_stream.go:229.24,231.3 1 1
lvmsync_go/transfer/block_stream.go:232.2,236.28 5 1
lvmsync_go/transfer/block_stream.go:236.28,239.17 3 0
lvmsync_go/transfer/block_stream.go:239.17,241.4 1 0
lvmsync_go/transfer/block_stream.go:242.3,242.20 1 0
lvmsync_go/transfer/block_stream.go:244.2,244.6 1 1
lvmsync_go/transfer/block_stream.go:244.6,245.10 1 1
lvmsync_go/transfer/block_stream.go:246.21,247.48 1 0
lvmsync_go/transfer/block_stream.go:248.29,249.11 1 1
lvmsync_go/transfer/block_stream.go:249.11,251.5 1 1
lvmsync_go/transfer/block_stream.go:252.4,252.22 1 1
lvmsync_go/transfer/block_stream.go:252.22,254.5 1 1
lvmsync_go/transfer/block_stream.go:255.4,255.37 1 1
lvmsync_go/transfer/block_stream.go:255.37,257.63 2 0
lvmsync_go/transfer/block_stream.go:257.63,257.85 1 0
lvmsync_go/transfer/block_stream.go:257.87,259.14 2 0
lvmsync_go/transfer/block_stream.go:263.4,264.68 2 1
lvmsync_go/transfer/block_stream.go:264.68,265.24 1 0
lvmsync_go/transfer/block_stream.go:265.24,267.6 1 0
lvmsync_go/transfer/block_stream.go:268.5,268.43 1 0
lvmsync_go/transfer/block_stream.go:270.4,270.23 1 1
lvmsync_go/transfer/block_stream.go:270.23,272.19 2 1
lvmsync_go/transfer/block_stream.go:272.19,274.78 2 0
lvmsync_go/transfer/block_stream.go:274.78,277.7 2 0
lvmsync_go/transfer/block_stream.go:279.5,280.29 2 1
lvmsync_go/transfer/block_stream.go:281.10,282.19 1 0
lvmsync_go/transfer/block_stream.go:282.19,284.78 2 0
lvmsync_go/transfer/block_stream.go:284.78,286.7 1 0
lvmsync_go/transfer/block_stream.go:288.5,288.65 1 0
lvmsync_go/transfer/block_stream.go:291.4,292.91 2 1
lvmsync_go/transfer/block_stream.go:297.165,301.6 4 1
lvmsync_go/transfer/block_stream.go:301.6,302.10 1 1
lvmsync_go/transfer/block_stream.go:303.21,304.10 1 0
lvmsync_go/transfer/block_stream.go:305.28,306.11 1 1
lvmsync_go/transfer/block_stream.go:306.11,308.5 1 1
lvmsync_go/transfer/block_stream.go:309.4,310.18 2 1
lvmsync_go/transfer/block_stream.go:310.18,312.13 2 0
lvmsync_go/transfer/block_stream.go:314.4,315.18 2 1
lvmsync_go/transfer/block_stream.go:315.18,317.41 2 0
lvmsync_go/transfer/block_stream.go:317.41,319.6 1 0
lvmsync_go/transfer/block_stream.go:320.5,320.13 1 0
lvmsync_go/transfer/block_stream.go:322.4,326.12 5 1
lvmsync_go/transfer/block_stream.go:326.12,331.5 4 0
lvmsync_go/transfer/block_stream.go:331.10,334.5 2 1
lvmsync_go/transfer/block_stream.go:335.4,341.5 1 1
lvmsync_go/transfer/block_stream.go:346.71,349.2 2 1
lvmsync_go/transfer/block_writer.go:38.194,40.2 1 1
lvmsync_go/transfer/block_writer.go:42.214,43.39 1 1
lvmsync_go/transfer/block_writer.go:43.39,45.17 2 0
lvmsync_go/transfer/block_writer.go:45.17,47.4 1 0
lvmsync_go/transfer/block_writer.go:48.3,48.25 1 0
lvmsync_go/transfer/block_writer.go:48.25,50.4 1 0
lvmsync_go/transfer/block_writer.go:50.9,50.54 1 0
lvmsync_go/transfer/block_writer.go:50.54,52.4 1 0
lvmsync_go/transfer/block_writer.go:54.2,54.58 1 1
lvmsync_go/transfer/block_writer.go:54.58,56.30 2 1
lvmsync_go/transfer/block_writer.go:56.30,58.4 1 1
lvmsync_go/transfer/block_writer.go:59.3,59.32 1 0
lvmsync_go/transfer/block_writer.go:59.32,61.4 1 0
lvmsync_go/transfer/block_writer.go:62.3,62.35 1 0
lvmsync_go/transfer/block_writer.go:64.2,75.20 2 1
lvmsync_go/transfer/block_writer.go:75.20,77.3 1 0
lvmsync_go/transfer/block_writer.go:78.2,78.16 1 1
lvmsync_go/transfer/block_writer.go:81.56,82.23 1 1
lvmsync_go/transfer/block_writer.go:82.23,83.39 1 0
lvmsync_go/transfer/block_writer.go:83.39,85.4 1 0
lvmsync_go/transfer/block_writer.go:87.2,87.14 1 1
lvmsync_go/transfer/block_writer.go:95.67,97.15 2 1
lvmsync_go/transfer/block_writer.go:97.15,99.3 1 1
lvmsync_go/transfer/block_writer.go:100.2,105.6 6 1
lvmsync_go/transfer/block_writer.go:105.6,107.20 2 1
lvmsync_go/transfer/block_writer.go:107.20,108.9 1 1
lvmsync_go/transfer/block_writer.go:110.3,110.17 1 1
lvmsync_go/transfer/block_writer.go:110.17,112.4 1 0
lvmsync_go/transfer/block_writer.go:113.3,114.21 2 1
lvmsync_go/transfer/block_writer.go:114.21,116.4 1 1
lvmsync_go/transfer/block_writer.go:117.3,117.45 1 1
lvmsync_go/transfer/block_writer.go:117.45,118.21 1 0
lvmsync_go/transfer/block_writer.go:118.21,119.77 1 0
lvmsync_go/transfer/block_writer.go:119.77,121.6 1 0
lvmsync_go/transfer/block_writer.go:123.4,123.12 1 0
lvmsync_go/transfer/block_writer.go:125.3,126.20 2 1
lvmsync_go/transfer/block_writer.go:126.20,127.9 1 0
lvmsync_go/transfer/block_writer.go:129.3,129.17 1 1
lvmsync_go/transfer/block_writer.go:129.17,131.4 1 0
lvmsync_go/transfer/block_writer.go:132.3,133.18 2 1
lvmsync_go/transfer/block_writer.go:133.18,135.4 1 1
lvmsync_go/transfer/block_writer.go:135.9,137.4 1 1
lvmsync_go/transfer/block_writer.go:138.3,139.21 2 1
lvmsync_go/transfer/block_writer.go:139.21,140.19 1 0
lvmsync_go/transfer/block_writer.go:140.19,142.5 1 0
lvmsync_go/transfer/block_writer.go:143.9,143.25 1 1
lvmsync_go/transfer/block_writer.go:143.25,145.4 1 1
lvmsync_go/transfer/block_writer.go:146.3,146.17 1 1
lvmsync_go/transfer/block_writer.go:146.17,148.4 1 1
lvmsync_go/transfer/block_writer.go:149.3,149.15 1 1
lvmsync_go/transfer/block_writer.go:149.15,150.20 1 1
lvmsync_go/transfer/block_writer.go:150.20,153.5 2 1
lvmsync_go/transfer/block_writer.go:153.10,153.42 1 1
lvmsync_go/transfer/block_writer.go:153.42,155.5 1 1
lvmsync_go/transfer/block_writer.go:155.10,156.22 1 0
lvmsync_go/transfer/block_writer.go:156.22,158.45 2 0
lvmsync_go/transfer/block_writer.go:158.45,160.7 1 0
lvmsync_go/transfer/block_writer.go:161.6,161.40 1 0
lvmsync_go/transfer/block_writer.go:163.5,163.99 1 0
lvmsync_go/transfer/block_writer.go:163.99,165.6 1 0
lvmsync_go/transfer/block_writer.go:166.5,169.88 4 0
lvmsync_go/transfer/block_writer.go:169.88,170.59 1 0
lvmsync_go/transfer/block_writer.go:170.59,172.7 1 0
lvmsync_go/transfer/block_writer.go:173.6,173.22 1 0
lvmsync_go/transfer/block_writer.go:175.5,176.19 2 0
lvmsync_go/transfer/block_writer.go:178.4,179.12 2 1
lvmsync_go/transfer/block_writer.go:181.3,181.18 1 1
lvmsync_go/transfer/block_writer.go:181.18,182.21 1 1
lvmsync_go/transfer/block_writer.go:182.21,184.44 2 0
lvmsync_go/transfer/block_writer.go:184.44,186.6 1 0
lvmsync_go/transfer/block_writer.go:187.5,187.39 1 0
lvmsync_go/transfer/block_writer.go:189.4,189.98 1 1
lvmsync_go/transfer/block_writer.go:189.98,191.5 1 0
lvmsync_go/transfer/block_writer.go:192.4,195.87 4 1
lvmsync_go/transfer/block_writer.go:195.87,196.58 1 0
lvmsync_go/transfer/block_writer.go:196.58,198.6 1 0
lvmsync_go/transfer/block_writer.go:199.5,199.21 1 0
lvmsync_go/transfer/block_writer.go:201.4,201.15 1 1
lvmsync_go/transfer/block_writer.go:203.3,204.14 2 1
lvmsync_go/transfer/block_writer.go:204.14,205.21 1 1
lvmsync_go/transfer/block_writer.go:205.21,208.5 2 0
lvmsync_go/transfer/block_writer.go:209.4,211.87 3 1
lvmsync_go/transfer/block_writer.go:211.87,212.58 1 1
lvmsync_go/transfer/block_writer.go:212.58,214.6 1 0
lvmsync_go/transfer/block_writer.go:215.5,215.21 1 1
lvmsync_go/transfer/block_writer.go:219.2,219.17 1 1
lvmsync_go/transfer/block_writer.go:219.17,220.20 1 0
lvmsync_go/transfer/block_writer.go:220.20,221.91 1 0
lvmsync_go/transfer/block_writer.go:221.91,223.5 1 0
lvmsync_go/transfer/block_writer.go:225.3,225.97 1 0
lvmsync_go/transfer/block_writer.go:225.97,227.4 1 0
lvmsync_go/transfer/block_writer.go:228.3,231.86 4 0
lvmsync_go/transfer/block_writer.go:231.86,232.57 1 0
lvmsync_go/transfer/block_writer.go:232.57,234.5 1 0
lvmsync_go/transfer/block_writer.go:235.4,235.20 1 0
lvmsync_go/transfer/block_writer.go:238.2,238.60 1 1
lvmsync_go/transfer/block_writer.go:238.60,239.27 1 1
lvmsync_go/transfer/block_writer.go:239.27,241.18 2 1
lvmsync_go/transfer/block_writer.go:241.18,243.5 1 0
lvmsync_go/transfer/block_writer.go:244.4,244.39 1 1
lvmsync_go/transfer/block_writer.go:244.39,246.5 1 0
lvmsync_go/transfer/block_writer.go:249.2,249.19 1 1
lvmsync_go/transfer/bufferpool.go:7.35,8.41 1 1
lvmsync_go/transfer/bufferpool.go:8.41,9.37 1 1
lvmsync_go/transfer/bufferpool.go:9.37,11.4 1 1
lvmsync_go/transfer/bufferpool.go:13.2,13.34 1 1
lvmsync_go/transfer/bufferpool.go:13.34,16.3 2 1
lvmsync_go/transfer/bufferpool.go:17.2,19.9 3 1
lvmsync_go/transfer/bufferpool.go:19.9,21.3 1 0
lvmsync_go/transfer/bufferpool.go:22.2,22.13 1 1
lvmsync_go/transfer/bufferpool.go:25.38,29.9 4 1
lvmsync_go/transfer/bufferpool.go:29.9,32.3 2 0
lvmsync_go/transfer/bufferpool.go:33.2,33.16 1 1
lvmsync_go/transfer/bufferpool.go:36.33,38.2 1 1
lvmsync_go/transfer/checksum.go:23.54,26.2 2 1
lvmsync_go/transfer/checksum.go:28.37,28.59 1 1
lvmsync_go/transfer/checksum.go:32.54,35.2 2 1
lvmsync_go/transfer/checksum.go:37.37,37.50 1 1
lvmsync_go/transfer/checksum.go:46.31,52.2 1 1
lvmsync_go/transfer/checksum.go:56.56,59.34 3 1
lvmsync_go/transfer/checksum.go:59.34,61.3 1 1
lvmsync_go/transfer/checksum.go:62.2,62.32 1 1
lvmsync_go/transfer/checksum.go:62.32,64.3 1 1
lvmsync_go/transfer/checksum.go:65.2,65.29 1 1
lvmsync_go/transfer/chunk_reader.go:24.86,25.20 1 1
lvmsync_go/transfer/chunk_reader.go:25.20,27.3 1 0
lvmsync_go/transfer/chunk_reader.go:28.2,29.16 2 1
lvmsync_go/transfer/chunk_reader.go:29.16,31.3 1 0
lvmsync_go/transfer/chunk_reader.go:32.2,32.70 1 1
lvmsync_go/transfer/chunk_reader.go:38.54,39.6 1 1
lvmsync_go/transfer/chunk_reader.go:39.6,40.23 1 1
lvmsync_go/transfer/chunk_reader.go:40.23,43.79 3 1
lvmsync_go/transfer/chunk_reader.go:43.79,45.13 2 1
lvmsync_go/transfer/chunk_reader.go:48.3,51.30 4 1
lvmsync_go/transfer/chunk_reader.go:51.30,54.4 2 1
lvmsync_go/transfer/chunk_reader.go:55.3,55.34 1 1
lvmsync_go/transfer/chunk_reader.go:55.34,58.4 2 0
lvmsync_go/transfer/chunk_reader.go:59.3,59.24 1 1
lvmsync_go/transfer/chunk_reader.go:59.24,62.4 2 1
lvmsync_go/transfer/chunk_reader.go:63.3,64.26 2 1
lvmsync_go/transfer/chunk_reader.go:69.38,70.17 1 1
lvmsync_go/transfer/chunk_reader.go:70.17,72.3 1 1
lvmsync_go/transfer/chunk_reader.go:73.2,73.12 1 0
lvmsync_go/transfer/chunk_reader.go:78.45,81.36 3 0
lvmsync_go/transfer/chunk_reader.go:81.36,86.3 4 0
lvmsync_go/transfer/chunk_reader.go:87.2,87.38 1 0
lvmsync_go/transfer/compression.go:39.107,40.30 1 1
lvmsync_go/transfer/compression.go:40.30,42.3 1 0
lvmsync_go/transfer/compression.go:44.2,44.22 1 1
lvmsync_go/transfer/compression.go:44.22,46.3 1 1
lvmsync_go/transfer/compression.go:48.2,49.9 2 1
lvmsync_go/transfer/compression.go:49.9,51.3 1 0
lvmsync_go/transfer/compression.go:52.2,52.52 1 1
lvmsync_go/transfer/compression.go:60.99,61.22 1 1
lvmsync_go/transfer/compression.go:61.22,63.3 1 1
lvmsync_go/transfer/compression.go:64.2,65.9 2 1
lvmsync_go/transfer/compression.go:65.9,67.3 1 0
lvmsync_go/transfer/compression.go:68.2,68.43 1 1
lvmsync_go/transfer/compression.go:81.92,83.30 1 1
lvmsync_go/transfer/compression.go:83.30,84.19 1 1
lvmsync_go/transfer/compression.go:85.23,86.21 1 1
lvmsync_go/transfer/compression.go:86.21,88.5 1 0
lvmsync_go/transfer/compression.go:89.4,89.35 1 1
lvmsync_go/transfer/compression.go:90.24,91.22 1 0
lvmsync_go/transfer/compression.go:91.22,93.5 1 0
lvmsync_go/transfer/compression.go:94.4,94.37 1 0
lvmsync_go/transfer/compression.go:95.11,96.29 1 0
lvmsync_go/transfer/compression.go:100.2,100.28 1 1
lvmsync_go/transfer/compression.go:100.28,101.20 1 1
lvmsync_go/transfer/compression.go:101.20,103.4 1 1
lvmsync_go/transfer/compression.go:104.3,104.34 1 1
lvmsync_go/transfer/compression.go:107.2,107.28 1 1
lvmsync_go/transfer/compression.go:107.28,108.21 1 1
lvmsync_go/transfer/compression.go:108.21,110.4 1 1
lvmsync_go/transfer/compression.go:110.9,110.39 1 1
lvmsync_go/transfer/compression.go:110.39,112.4 1 1
lvmsync_go/transfer/compression.go:113.3,113.36 1 1
lvmsync_go/transfer/compression.go:115.2,115.19 1 1
lvmsync_go/transfer/compression.go:115.19,117.3 1 1
lvmsync_go/transfer/compression.go:118.2,118.33 1 1
lvmsync_go/transfer/compression.go:123.87,125.20 2 1
lvmsync_go/transfer/compression.go:125.20,127.3 1 1
lvmsync_go/transfer/compression.go:128.2,131.16 4 1
lvmsync_go/transfer/compression.go:131.16,133.3 1 0
lvmsync_go/transfer/compression.go:134.2,134.43 1 1
lvmsync_go/transfer/compression.go:134.43,137.3 2 0
lvmsync_go/transfer/compression.go:138.2,138.34 1 1
lvmsync_go/transfer/compression.go:138.34,140.3 1 0
lvmsync_go/transfer/compression.go:141.2,141.45 1 1
lvmsync_go/transfer/compression.go:149.151,151.20 2 1
lvmsync_go/transfer/compression.go:151.20,154.3 2 0
lvmsync_go/transfer/compression.go:155.2,156.16 2 1
lvmsync_go/transfer/compression.go:156.16,159.3 2 0
lvmsync_go/transfer/compression.go:160.2,166.24 2 1
lvmsync_go/transfer/compression.go:166.24,168.3 1 1
lvmsync_go/transfer/compression.go:169.2,171.16 3 1
lvmsync_go/transfer/compression.go:171.16,173.3 1 0
lvmsync_go/transfer/compression.go:174.2,174.41 1 1
lvmsync_go/transfer/compression.go:174.41,177.3 2 0
lvmsync_go/transfer/compression.go:178.2,178.34 1 1
lvmsync_go/transfer/compression.go:178.34,180.3 1 0
lvmsync_go/transfer/compression.go:181.2,181.31 1 1
lvmsync_go/transfer/compression_strategy.go:20.80,23.2 1 1
lvmsync_go/transfer/compression_strategy.go:25.76,28.2 1 1
lvmsync_go/transfer/compression_strategy.go:48.41,53.2 4 1
lvmsync_go/transfer/compression_strategy.go:55.93,57.15 2 1
lvmsync_go/transfer/compression_strategy.go:58.174,59.36 1 1
lvmsync_go/transfer/compression_strategy.go:60.10,61.69 1 0
lvmsync_go/transfer/compression_strategy.go:64.2,66.21 3 1
lvmsync_go/transfer/compression_strategy.go:66.21,68.3 1 1
lvmsync_go/transfer/compression_strategy.go:68.8,71.10 3 1
lvmsync_go/transfer/compression_strategy.go:71.10,73.4 1 0
lvmsync_go/transfer/compression_strategy.go:76.2,76.20 1 1
lvmsync_go/transfer/compression_strategy.go:76.20,78.108 2 1
lvmsync_go/transfer/compression_strategy.go:78.108,81.4 2 0
lvmsync_go/transfer/compression_strategy.go:82.3,83.34 2 1
lvmsync_go/transfer/compression_strategy.go:84.8,86.63 2 1
lvmsync_go/transfer/compression_strategy.go:86.63,87.109 1 0
lvmsync_go/transfer/compression_strategy.go:87.109,90.5 2 0
lvmsync_go/transfer/compression_strategy.go:91.4,92.35 2 0
lvmsync_go/transfer/compression_strategy.go:96.2,96.61 1 1
lvmsync_go/transfer/compression_strategy.go:109.41,113.2 3 0
lvmsync_go/transfer/compression_strategy.go:115.85,118.21 3 0
lvmsync_go/transfer/compression_strategy.go:118.21,120.3 1 0
lvmsync_go/transfer/compression_strategy.go:120.8,123.10 3 0
lvmsync_go/transfer/compression_strategy.go:123.10,125.4 1 0
lvmsync_go/transfer/compression_strategy.go:128.2,128.20 1 0
lvmsync_go/transfer/compression_strategy.go:128.20,130.75 2 0
lvmsync_go/transfer/compression_strategy.go:130.75,133.4 2 0
lvmsync_go/transfer/compression_strategy.go:134.3,134.34 1 0
lvmsync_go/transfer/compression_strategy.go:135.8,137.39 2 0
lvmsync_go/transfer/compression_strategy.go:137.39,138.76 1 0
lvmsync_go/transfer/compression_strategy.go:138.76,141.5 2 0
lvmsync_go/transfer/compression_strategy.go:142.4,142.35 1 0
lvmsync_go/transfer/compression_strategy.go:146.2,146.61 1 0
lvmsync_go/transfer/compression_strategy.go:167.42,172.2 4 1
lvmsync_go/transfer/compression_strategy.go:174.94,175.29 1 1
lvmsync_go/transfer/compression_strategy.go:175.29,177.3 1 0
lvmsync_go/transfer/compression_strategy.go:179.2,181.21 3 1
lvmsync_go/transfer/compression_strategy.go:181.21,183.3 1 1
lvmsync_go/transfer/compression_strategy.go:183.8,186.10 3 0
lvmsync_go/transfer/compression_strategy.go:186.10,188.4 1 0
lvmsync_go/transfer/compression_strategy.go:191.2,191.82 1 1
lvmsync_go/transfer/compression_strategy.go:191.82,195.17 4 1
lvmsync_go/transfer/compression_strategy.go:195.17,198.4 2 0
lvmsync_go/transfer/compression_strategy.go:199.3,201.34 3 1
lvmsync_go/transfer/compression_strategy.go:202.8,204.3 1 0
lvmsync_go/transfer/compression_strategy.go:206.2,206.65 1 1
lvmsync_go/transfer/compression_strategy.go:219.86,222.21 3 1
lvmsync_go/transfer/compression_strategy.go:222.21,224.3 1 1
lvmsync_go/transfer/compression_strategy.go:224.8,227.10 3 0
lvmsync_go/transfer/compression_strategy.go:227.10,229.4 1 0
lvmsync_go/transfer/compression_strategy.go:232.2,232.58 1 1
lvmsync_go/transfer/compression_strategy.go:232.58,233.23 1 1
lvmsync_go/transfer/compression_strategy.go:233.23,235.4 1 0
lvmsync_go/transfer/compression_strategy.go:236.3,237.17 2 1
lvmsync_go/transfer/compression_strategy.go:237.17,240.4 2 0
lvmsync_go/transfer/compression_strategy.go:241.3,242.34 2 1
lvmsync_go/transfer/compression_strategy.go:243.8,244.46 1 0
lvmsync_go/transfer/compression_strategy.go:244.46,247.4 2 0
lvmsync_go/transfer/compression_strategy.go:250.2,250.65 1 1
lvmsync_go/transfer/compression_strategy.go:263.37,263.51 1 1
lvmsync_go/transfer/compression_strategy.go:265.42,266.37 1 1
lvmsync_go/transfer/compression_strategy.go:266.37,269.3 2 0
lvmsync_go/transfer/compression_strategy.go:270.2,271.12 2 1
lvmsync_go/transfer/crc32c.go:7.33,9.2 1 1
lvmsync_go/transfer/dedup.go:23.100,25.16 2 1
lvmsync_go/transfer/dedup.go:25.16,27.3 1 1
lvmsync_go/transfer/dedup.go:28.2,28.15 1 1
lvmsync_go/transfer/dedup.go:28.15,29.48 1 1
lvmsync_go/transfer/dedup.go:29.48,30.21 1 0
lvmsync_go/transfer/dedup.go:30.21,32.5 1 0
lvmsync_go/transfer/dedup.go:35.2,35.20 1 1
lvmsync_go/transfer/dedup.go:84.18,84.46 1 0
lvmsync_go/transfer/dedup.go:87.42,89.2 1 0
lvmsync_go/transfer/dedup.go:94.93,96.2 1 1
lvmsync_go/transfer/dedup.go:98.113,100.30 2 1
lvmsync_go/transfer/dedup.go:100.30,103.3 2 1
lvmsync_go/transfer/dedup.go:104.2,104.18 1 1
lvmsync_go/transfer/dedup.go:105.14,106.13 1 1
lvmsync_go/transfer/dedup.go:107.27,115.39 2 1
lvmsync_go/transfer/dedup.go:115.39,117.4 1 0
lvmsync_go/transfer/dedup.go:118.3,118.11 1 1
lvmsync_go/transfer/dedup.go:119.15,120.78 1 1
lvmsync_go/transfer/dedup.go:120.78,123.4 2 1
lvmsync_go/transfer/dedup.go:124.3,134.39 3 1
lvmsync_go/transfer/dedup.go:134.39,136.4 1 0
lvmsync_go/transfer/dedup.go:137.3,137.11 1 1
lvmsync_go/transfer/dedup.go:138.10,146.39 2 1
lvmsync_go/transfer/dedup.go:146.39,148.4 1 0
lvmsync_go/transfer/dedup.go:149.3,149.11 1 1
lvmsync_go/transfer/dedup.go:153.72,160.2 5 1
lvmsync_go/transfer/dedup.go:162.67,168.2 4 1
lvmsync_go/transfer/dedup.go:170.43,173.81 3 1
lvmsync_go/transfer/dedup.go:173.81,175.38 2 1
lvmsync_go/transfer/dedup.go:175.38,176.74 1 1
lvmsync_go/transfer/dedup.go:176.74,178.5 1 1
lvmsync_go/transfer/dedup.go:179.4,179.25 1 1
lvmsync_go/transfer/dedup.go:179.25,180.13 1 0
lvmsync_go/transfer/dedup.go:182.4,182.46 1 1
lvmsync_go/transfer/dedup.go:182.46,184.5 1 1
lvmsync_go/transfer/dedup.go:186.3,186.13 1 1
lvmsync_go/transfer/dedup.go:190.43,192.16 2 1
lvmsync_go/transfer/dedup.go:192.16,193.25 1 1
lvmsync_go/transfer/dedup.go:193.25,195.4 1 1
lvmsync_go/transfer/dedup.go:196.3,196.13 1 0
lvmsync_go/transfer/dedup.go:198.2,198.15 1 0
lvmsync_go/transfer/dedup.go:198.15,199.48 1 0
lvmsync_go/transfer/dedup.go:199.48,201.4 1 0
lvmsync_go/transfer/dedup.go:204.2,205.6 2 0
lvmsync_go/transfer/dedup.go:205.6,207.73 2 0
lvmsync_go/transfer/dedup.go:207.73,208.21 1 0
lvmsync_go/transfer/dedup.go:208.21,209.10 1 0
lvmsync_go/transfer/dedup.go:211.4,211.14 1 0
lvmsync_go/transfer/dedup.go:213.3,214.52 2 0
lvmsync_go/transfer/dedup.go:214.52,216.4 1 0
lvmsync_go/transfer/dedup.go:217.3,217.26 1 0
lvmsync_go/transfer/dedup.go:219.2,219.12 1 0
lvmsync_go/transfer/dedup.go:222.69,225.9 3 1
lvmsync_go/transfer/dedup.go:225.9,228.3 2 1
lvmsync_go/transfer/dedup.go:229.2,234.17 6 1
lvmsync_go/transfer/dedup.go:237.75,239.16 2 1
lvmsync_go/transfer/dedup.go:239.16,242.3 2 0
lvmsync_go/transfer/dedup.go:244.2,248.29 4 1
lvmsync_go/transfer/dedup.go:251.70,253.16 2 1
lvmsync_go/transfer/dedup.go:253.16,256.3 2 0
lvmsync_go/transfer/dedup.go:258.2,260.15 3 1
lvmsync_go/transfer/dedup.go:263.46,266.81 3 1
lvmsync_go/transfer/dedup.go:266.81,268.74 2 1
lvmsync_go/transfer/dedup.go:268.74,270.4 1 1
lvmsync_go/transfer/dedup.go:271.3,271.38 1 1
lvmsync_go/transfer/dedup.go:271.38,272.74 1 1
lvmsync_go/transfer/dedup.go:272.74,274.5 1 1
lvmsync_go/transfer/dedup.go:275.4,275.72 1 1
lvmsync_go/transfer/dedup.go:275.72,277.5 1 0
lvmsync_go/transfer/dedup.go:279.3,279.13 1 1
lvmsync_go/transfer/dedup.go:284.46,286.16 2 1
lvmsync_go/transfer/dedup.go:286.16,287.25 1 1
lvmsync_go/transfer/dedup.go:287.25,289.4 1 1
lvmsync_go/transfer/dedup.go:290.3,290.13 1 0
lvmsync_go/transfer/dedup.go:292.2,292.15 1 1
lvmsync_go/transfer/dedup.go:292.15,293.38 1 1
lvmsync_go/transfer/dedup.go:293.38,295.4 1 0
lvmsync_go/transfer/dedup.go:298.2,301.21 3 1
lvmsync_go/transfer/dedup.go:301.21,303.3 1 0
lvmsync_go/transfer/dedup.go:305.2,306.73 2 1
lvmsync_go/transfer/dedup.go:306.73,307.20 1 0
lvmsync_go/transfer/dedup.go:307.20,309.4 1 0
lvmsync_go/transfer/dedup.go:310.3,310.13 1 0
lvmsync_go/transfer/dedup.go:312.2,314.6 2 1
lvmsync_go/transfer/dedup.go:314.6,316.73 2 1
lvmsync_go/transfer/dedup.go:316.73,317.21 1 1
lvmsync_go/transfer/dedup.go:317.21,318.10 1 1
lvmsync_go/transfer/dedup.go:320.4,320.14 1 0
lvmsync_go/transfer/dedup.go:322.3,323.71 2 1
lvmsync_go/transfer/dedup.go:323.71,325.4 1 0
lvmsync_go/transfer/dedup.go:326.3,326.26 1 1
lvmsync_go/transfer/dedup.go:328.2,328.12 1 1
lvmsync_go/transfer/dedup.go:331.70,337.8 5 1
lvmsync_go/transfer/dedup.go:337.8,339.3 1 1
lvmsync_go/transfer/dedup.go:340.2,341.11 2 1
lvmsync_go/transfer/dedup.go:344.65,349.2 3 1
lvmsync_go/transfer/dedup.go:351.46,354.21 3 1
lvmsync_go/transfer/dedup.go:354.21,356.20 2 1
lvmsync_go/transfer/dedup.go:356.20,358.4 1 1
lvmsync_go/transfer/dedup.go:359.3,363.4 1 1
lvmsync_go/transfer/dedup.go:365.2,365.81 1 1
lvmsync_go/transfer/dedup.go:365.81,368.3 2 1
lvmsync_go/transfer/dedup.go:371.46,373.16 2 1
lvmsync_go/transfer/dedup.go:373.16,374.25 1 1
lvmsync_go/transfer/dedup.go:374.25,376.4 1 1
lvmsync_go/transfer/dedup.go:377.3,377.13 1 0
lvmsync_go/transfer/dedup.go:379.2,379.15 1 1
lvmsync_go/transfer/dedup.go:379.15,380.48 1 1
lvmsync_go/transfer/dedup.go:380.48,382.4 1 0
lvmsync_go/transfer/dedup.go:385.2,388.21 3 1
lvmsync_go/transfer/dedup.go:388.21,390.3 1 0
lvmsync_go/transfer/dedup.go:392.2,393.12 2 1
lvmsync_go/transfer/dedup_cdc.go:39.57,41.2 1 1
lvmsync_go/transfer/dedup_cdc.go:43.77,46.16 3 1
lvmsync_go/transfer/dedup_cdc.go:46.16,48.3 1 0
lvmsync_go/transfer/dedup_cdc.go:49.2,56.24 2 1
lvmsync_go/transfer/dedup_cdc.go:56.24,59.17 3 1
lvmsync_go/transfer/dedup_cdc.go:59.17,60.50 1 1
lvmsync_go/transfer/dedup_cdc.go:60.50,62.19 2 1
lvmsync_go/transfer/dedup_cdc.go:62.19,66.6 3 1
lvmsync_go/transfer/dedup_cdc.go:66.11,68.6 1 0
lvmsync_go/transfer/dedup_cdc.go:69.10,71.5 1 0
lvmsync_go/transfer/dedup_cdc.go:74.2,74.16 1 1
lvmsync_go/transfer/dedup_cdc.go:80.76,87.6 6 1
lvmsync_go/transfer/dedup_cdc.go:87.6,89.38 2 1
lvmsync_go/transfer/dedup_cdc.go:89.38,90.9 1 1
lvmsync_go/transfer/dedup_cdc.go:92.3,92.34 1 1
lvmsync_go/transfer/dedup_cdc.go:92.34,94.4 1 0
lvmsync_go/transfer/dedup_cdc.go:95.3,99.28 5 1
lvmsync_go/transfer/dedup_cdc.go:99.28,101.4 1 1
lvmsync_go/transfer/dedup_cdc.go:102.3,102.23 1 1
lvmsync_go/transfer/dedup_cdc.go:102.23,107.4 4 0
lvmsync_go/transfer/dedup_cdc.go:108.3,112.20 5 1
lvmsync_go/transfer/dedup_cdc.go:112.20,113.9 1 1
lvmsync_go/transfer/dedup_cdc.go:116.2,119.24 4 1
lvmsync_go/transfer/dedup_cdc.go:124.38,127.76 3 1
lvmsync_go/transfer/dedup_cdc.go:127.76,130.3 2 1
lvmsync_go/transfer/dedup_cdc.go:130.17,132.3 1 1
lvmsync_go/transfer/dedup_cdc.go:133.2,133.22 1 1
lvmsync_go/transfer/dedup_cdc.go:133.22,134.59 1 0
lvmsync_go/transfer/dedup_cdc.go:134.59,136.4 1 0
lvmsync_go/transfer/dedup_cdc.go:137.3,137.25 1 0
lvmsync_go/transfer/dedup_cdc.go:137.25,139.4 1 0
lvmsync_go/transfer/dedup_cdc.go:141.2,141.12 1 1
lvmsync_go/transfer/delta.go:27.56,27.76 1 0
lvmsync_go/transfer/delta.go:32.130,34.16 2 1
lvmsync_go/transfer/delta.go:34.16,36.3 1 0
lvmsync_go/transfer/delta.go:37.2,40.16 3 1
lvmsync_go/transfer/delta.go:40.16,42.3 1 0
lvmsync_go/transfer/delta.go:43.2,51.16 6 1
lvmsync_go/transfer/delta.go:51.16,53.3 1 0
lvmsync_go/transfer/delta.go:54.2,56.16 3 1
lvmsync_go/transfer/delta.go:56.16,58.3 1 0
lvmsync_go/transfer/delta.go:59.2,59.25 1 1
lvmsync_go/transfer/delta.go:59.25,61.3 1 1
lvmsync_go/transfer/delta.go:62.2,62.22 1 1
lvmsync_go/transfer/delta.go:62.22,64.3 1 1
lvmsync_go/transfer/delta.go:65.2,65.27 1 1
lvmsync_go/transfer/delta.go:65.27,67.3 1 1
lvmsync_go/transfer/delta.go:68.2,68.21 1 1
lvmsync_go/transfer/delta.go:68.21,70.3 1 1
lvmsync_go/transfer/delta.go:71.2,71.49 1 1
lvmsync_go/transfer/delta.go:71.49,73.3 1 0
lvmsync_go/transfer/delta.go:74.2,74.56 1 1
lvmsync_go/transfer/delta.go:74.56,76.3 1 0
lvmsync_go/transfer/delta.go:77.2,77.54 1 1
lvmsync_go/transfer/delta.go:77.54,79.3 1 0
lvmsync_go/transfer/delta.go:82.2,83.28 2 1
lvmsync_go/transfer/delta.go:83.28,85.17 2 1
lvmsync_go/transfer/delta.go:85.17,87.4 1 0
lvmsync_go/transfer/delta.go:88.3,91.29 4 1
lvmsync_go/transfer/delta.go:91.29,93.4 1 0
lvmsync_go/transfer/delta.go:96.2,96.22 1 1
lvmsync_go/transfer/delta.go:96.22,98.17 2 0
lvmsync_go/transfer/delta.go:98.17,100.4 1 0
lvmsync_go/transfer/delta.go:101.3,102.7 2 0
lvmsync_go/transfer/delta.go:102.7,103.36 1 0
lvmsync_go/transfer/delta.go:103.36,105.5 1 0
lvmsync_go/transfer/delta.go:106.4,107.38 2 0
lvmsync_go/transfer/delta.go:107.38,108.10 1 0
lvmsync_go/transfer/delta.go:110.4,110.35 1 0
lvmsync_go/transfer/delta.go:110.35,112.5 1 0
lvmsync_go/transfer/delta.go:113.4,114.34 2 0
lvmsync_go/transfer/delta.go:114.34,115.69 1 0
lvmsync_go/transfer/delta.go:115.69,117.6 1 0
lvmsync_go/transfer/delta.go:119.4,120.21 2 0
lvmsync_go/transfer/delta.go:120.21,121.10 1 0
lvmsync_go/transfer/delta.go:124.8,129.7 5 1
lvmsync_go/transfer/delta.go:129.7,130.36 1 1
lvmsync_go/transfer/delta.go:130.36,132.5 1 0
lvmsync_go/transfer/delta.go:133.4,136.17 4 1
lvmsync_go/transfer/delta.go:136.17,138.5 1 0
lvmsync_go/transfer/delta.go:139.4,139.13 1 1
lvmsync_go/transfer/delta.go:139.13,141.15 2 1
lvmsync_go/transfer/delta.go:141.15,142.34 1 1
lvmsync_go/transfer/delta.go:142.34,144.45 2 1
lvmsync_go/transfer/delta.go:144.45,146.8 1 1
lvmsync_go/transfer/delta.go:147.7,147.83 1 1
lvmsync_go/transfer/delta.go:147.83,149.8 1 0
lvmsync_go/transfer/delta.go:150.12,152.7 1 1
lvmsync_go/transfer/delta.go:154.5,154.20 1 1
lvmsync_go/transfer/delta.go:156.4,156.46 1 1
lvmsync_go/transfer/delta.go:156.46,157.10 1 1
lvmsync_go/transfer/delta.go:159.4,159.22 1 1
lvmsync_go/transfer/delta.go:159.22,161.5 1 0
lvmsync_go/transfer/delta.go:162.4,162.22 1 1
lvmsync_go/transfer/delta.go:162.22,164.5 1 0
lvmsync_go/transfer/delta.go:168.2,169.16 2 1
lvmsync_go/transfer/delta.go:169.16,171.3 1 0
lvmsync_go/transfer/delta.go:172.2,172.71 1 1
lvmsync_go/transfer/delta.go:172.71,174.3 1 0
lvmsync_go/transfer/delta.go:176.2,176.39 1 1
lvmsync_go/transfer/delta.go:176.39,177.67 1 1
lvmsync_go/transfer/delta.go:177.67,179.4 1 0
lvmsync_go/transfer/delta.go:181.2,181.12 1 1
lvmsync_go/transfer/deps.go:17.66,19.16 2 1
lvmsync_go/transfer/deps.go:19.16,21.3 1 1
lvmsync_go/transfer/deps.go:22.2,22.39 1 1
lvmsync_go/transfer/deps.go:22.39,25.3 2 0
lvmsync_go/transfer/deps.go:26.2,26.15 1 1
lvmsync_go/transfer/deps.go:29.34,30.36 1 0
lvmsync_go/transfer/deps.go:30.36,32.3 1 0
lvmsync_go/transfer/deps.go:33.2,33.28 1 0
lvmsync_go/transfer/estimate.go:8.76,9.34 1 1
lvmsync_go/transfer/estimate.go:9.34,11.3 1 1
lvmsync_go/transfer/estimate.go:12.2,14.8 3 1
lvmsync_go/transfer/handshake.go:16.73,30.14 3 1
lvmsync_go/transfer/handshake.go:31.24,32.21 1 1
lvmsync_go/transfer/handshake.go:33.35,35.26 2 1
lvmsync_go/transfer/handshake.go:37.2,37.11 1 1
lvmsync_go/transfer/handshake.go:40.130,41.85 1 1
lvmsync_go/transfer/handshake.go:41.85,43.3 1 0
lvmsync_go/transfer/handshake.go:44.2,44.46 1 1
lvmsync_go/transfer/handshake.go:47.58,49.24 2 1
lvmsync_go/transfer/handshake.go:49.24,51.3 1 1
lvmsync_go/transfer/handshake.go:52.2,55.55 3 1
lvmsync_go/transfer/handshake.go:55.55,57.3 1 0
lvmsync_go/transfer/handshake.go:58.2,61.35 4 1
lvmsync_go/transfer/handshake.go:64.70,67.2 2 1
lvmsync_go/transfer/handshake.go:69.144,71.16 2 1
lvmsync_go/transfer/handshake.go:71.16,73.3 1 0
lvmsync_go/transfer/handshake.go:74.2,74.28 1 1
lvmsync_go/transfer/handshake.go:74.28,76.3 1 1
lvmsync_go/transfer/handshake.go:77.2,77.39 1 1
lvmsync_go/transfer/handshake.go:77.39,79.3 1 0
lvmsync_go/transfer/handshake.go:80.2,80.16 1 1
lvmsync_go/transfer/handshake.go:80.16,82.3 1 0
lvmsync_go/transfer/handshake.go:83.2,84.35 2 1
lvmsync_go/transfer/handshake.go:84.35,87.3 2 1
lvmsync_go/transfer/handshake.go:88.2,89.49 2 1
lvmsync_go/transfer/handshake.go:89.49,91.3 1 1
lvmsync_go/transfer/handshake.go:92.2,93.16 2 1
lvmsync_go/transfer/handshake.go:93.16,95.3 1 0
lvmsync_go/transfer/handshake.go:96.2,100.16 5 1
lvmsync_go/transfer/handshake.go:100.16,102.3 1 1
lvmsync_go/transfer/handshake.go:103.2,107.71 4 1
lvmsync_go/transfer/handshake.go:107.71,109.3 1 0
lvmsync_go/transfer/handshake.go:110.2,110.77 1 1
lvmsync_go/transfer/handshake.go:110.77,112.3 1 0
lvmsync_go/transfer/handshake.go:113.2,113.80 1 1
lvmsync_go/transfer/handshake.go:113.80,115.3 1 0
lvmsync_go/transfer/handshake.go:116.2,116.64 1 1
lvmsync_go/transfer/handshake.go:116.64,118.3 1 0
lvmsync_go/transfer/handshake.go:119.2,119.19 1 1
lvmsync_go/transfer/handshake.go:119.19,121.3 1 1
lvmsync_go/transfer/handshake.go:122.2,122.64 1 1
lvmsync_go/transfer/handshake.go:122.64,124.3 1 0
lvmsync_go/transfer/handshake.go:125.2,125.19 1 1
lvmsync_go/transfer/handshake.go:125.19,127.3 1 1
lvmsync_go/transfer/handshake.go:128.2,128.64 1 1
lvmsync_go/transfer/handshake.go:128.64,130.3 1 0
lvmsync_go/transfer/handshake.go:131.2,131.19 1 1
lvmsync_go/transfer/handshake.go:131.19,133.3 1 1
lvmsync_go/transfer/handshake.go:134.2,134.88 1 1
lvmsync_go/transfer/handshake.go:134.88,136.3 1 1
lvmsync_go/transfer/handshake.go:137.2,137.26 1 1
lvmsync_go/transfer/handshake.go:137.26,139.3 1 1
lvmsync_go/transfer/handshake.go:140.2,140.84 1 1
lvmsync_go/transfer/handshake.go:140.84,142.3 1 1
lvmsync_go/transfer/handshake.go:143.2,143.24 1 1
lvmsync_go/transfer/handshake.go:143.24,145.3 1 1
lvmsync_go/transfer/handshake.go:146.2,146.32 1 1
lvmsync_go/transfer/handshake.go:146.32,148.3 1 0
lvmsync_go/transfer/handshake.go:149.2,149.94 1 1
lvmsync_go/transfer/handshake.go:149.94,151.3 1 0
lvmsync_go/transfer/handshake.go:152.2,152.16 1 1
lvmsync_go/transfer/handshake.go:155.35,157.2 1 1
lvmsync_go/transfer/handshake.go:159.42,160.34 1 1
lvmsync_go/transfer/handshake.go:160.34,162.3 1 0
lvmsync_go/transfer/handshake.go:163.2,163.23 1 1
lvmsync_go/transfer/handshake.go:166.38,168.33 2 1
lvmsync_go/transfer/handshake.go:168.33,170.3 1 1
lvmsync_go/transfer/handshake.go:171.2,171.23 1 1
lvmsync_go/transfer/handshake.go:174.37,176.42 2 1
lvmsync_go/transfer/handshake.go:176.42,178.14 2 1
lvmsync_go/transfer/handshake.go:178.14,180.4 1 1
lvmsync_go/transfer/handshake.go:182.2,182.12 1 1
lvmsync_go/transfer/handshake.go:185.63,186.30 1 1
lvmsync_go/transfer/handshake.go:186.30,187.31 1 1
lvmsync_go/transfer/handshake.go:187.31,188.14 1 1
lvmsync_go/transfer/handshake.go:188.14,190.5 1 1
lvmsync_go/transfer/handshake.go:193.2,193.35 1 1
lvmsync_go/transfer/intra_dedup.go:21.41,28.2 1 1
lvmsync_go/transfer/intra_dedup.go:32.42,36.55 4 1
lvmsync_go/transfer/intra_dedup.go:36.55,38.3 1 1
lvmsync_go/transfer/intra_dedup.go:40.2,42.26 3 1
lvmsync_go/transfer/intra_dedup.go:42.26,44.3 1 1
lvmsync_go/transfer/intra_dedup.go:44.8,49.3 4 1
lvmsync_go/transfer/intra_dedup.go:50.2,51.14 2 1
lvmsync_go/transfer/intra_dedup.go:54.52,59.2 4 1
lvmsync_go/transfer/metadata.go:19.31,21.2 1 1
lvmsync_go/transfer/metadata.go:23.75,25.16 2 1
lvmsync_go/transfer/metadata.go:25.16,27.3 1 0
lvmsync_go/transfer/metadata.go:28.2,31.50 3 1
lvmsync_go/transfer/metadata.go:31.50,33.3 1 1
lvmsync_go/transfer/metadata.go:35.2,40.25 5 1
lvmsync_go/transfer/metadata.go:40.25,42.3 1 1
lvmsync_go/transfer/metadata.go:43.2,43.16 1 1
lvmsync_go/transfer/metadata.go:43.16,45.3 1 1
lvmsync_go/transfer/metadata.go:46.2,46.18 1 1
lvmsync_go/transfer/metadata.go:46.18,48.3 1 1
lvmsync_go/transfer/metadata.go:50.2,50.32 1 1
lvmsync_go/transfer/metadata.go:54.87,55.20 1 1
lvmsync_go/transfer/metadata.go:55.20,57.3 1 1
lvmsync_go/transfer/metadata.go:59.2,60.16 2 1
lvmsync_go/transfer/metadata.go:60.16,62.3 1 0
lvmsync_go/transfer/metadata.go:63.2,65.61 2 1
lvmsync_go/transfer/metadata.go:65.61,67.3 1 0
lvmsync_go/transfer/metadata.go:69.2,71.6 2 1
lvmsync_go/transfer/metadata.go:71.6,73.17 2 1
lvmsync_go/transfer/metadata.go:73.17,74.51 1 0
lvmsync_go/transfer/metadata.go:74.51,75.10 1 0
lvmsync_go/transfer/metadata.go:77.4,77.19 1 0
lvmsync_go/transfer/metadata.go:80.3,83.22 3 1
lvmsync_go/transfer/metadata.go:83.22,84.9 1 1
lvmsync_go/transfer/metadata.go:87.3,89.47 2 1
lvmsync_go/transfer/metadata.go:89.47,91.4 1 1
lvmsync_go/transfer/metadata.go:93.3,95.18 3 1
lvmsync_go/transfer/metadata.go:95.18,97.4 1 0
lvmsync_go/transfer/metadata.go:99.3,99.57 1 1
lvmsync_go/transfer/metadata.go:102.2,102.20 1 1
lvmsync_go/transfer/metadata.go:105.48,108.20 3 1
lvmsync_go/transfer/metadata.go:108.20,110.3 1 1
lvmsync_go/transfer/metadata.go:112.2,116.67 4 1
lvmsync_go/transfer/numa_linux.go:26.53,26.78 1 1
lvmsync_go/transfer/numa_linux.go:27.69,29.2 1 1
lvmsync_go/transfer/numa_linux.go:33.49,35.2 1 1
lvmsync_go/transfer/numa_linux.go:37.69,39.16 2 1
lvmsync_go/transfer/numa_linux.go:39.16,41.3 1 0
lvmsync_go/transfer/numa_linux.go:42.2,43.9 2 1
lvmsync_go/transfer/numa_linux.go:43.9,45.3 1 0
lvmsync_go/transfer/numa_linux.go:46.2,50.16 5 1
lvmsync_go/transfer/numa_linux.go:50.16,52.3 1 1
lvmsync_go/transfer/numa_linux.go:53.2,54.28 2 1
lvmsync_go/transfer/numa_linux.go:54.28,56.3 1 0
lvmsync_go/transfer/numa_linux.go:57.2,59.16 3 1
lvmsync_go/transfer/numa_linux.go:59.16,61.3 1 0
lvmsync_go/transfer/numa_linux.go:62.2,63.20 2 1
lvmsync_go/transfer/numa_linux.go:63.20,65.3 1 0
lvmsync_go/transfer/numa_linux.go:66.2,67.27 2 1
lvmsync_go/transfer/numa_linux.go:67.27,69.3 1 1
lvmsync_go/transfer/numa_linux.go:70.2,70.55 1 1
lvmsync_go/transfer/numa_linux.go:70.55,72.3 1 0
lvmsync_go/transfer/numa_linux.go:73.2,73.12 1 1
lvmsync_go/transfer/numa_linux.go:76.45,78.2 1 1
lvmsync_go/transfer/numa_linux.go:80.65,83.16 3 1
lvmsync_go/transfer/numa_linux.go:83.16,85.3 1 1
lvmsync_go/transfer/numa_linux.go:86.2,87.20 2 1
lvmsync_go/transfer/numa_linux.go:87.20,89.3 1 0
lvmsync_go/transfer/numa_linux.go:90.2,91.27 2 1
lvmsync_go/transfer/numa_linux.go:91.27,93.3 1 1
lvmsync_go/transfer/numa_linux.go:94.2,94.55 1 1
lvmsync_go/transfer/numa_linux.go:94.55,96.3 1 0
lvmsync_go/transfer/numa_linux.go:97.2,97.12 1 1
lvmsync_go/transfer/numa_linux.go:100.38,102.48 2 1
lvmsync_go/transfer/numa_linux.go:102.48,103.17 1 1
lvmsync_go/transfer/numa_linux.go:103.17,104.12 1 1
lvmsync_go/transfer/numa_linux.go:106.3,106.34 1 1
lvmsync_go/transfer/numa_linux.go:106.34,110.34 4 1
lvmsync_go/transfer/numa_linux.go:110.34,111.13 1 0
lvmsync_go/transfer/numa_linux.go:113.4,113.34 1 1
lvmsync_go/transfer/numa_linux.go:113.34,115.5 1 1
lvmsync_go/transfer/numa_linux.go:116.9,118.18 2 1
lvmsync_go/transfer/numa_linux.go:118.18,119.13 1 0
lvmsync_go/transfer/numa_linux.go:121.4,121.26 1 1
lvmsync_go/transfer/numa_linux.go:124.2,124.13 1 1
lvmsync_go/transfer/numa_linux.go:130.85,131.16 1 1
lvmsync_go/transfer/numa_linux.go:131.16,132.17 1 0
lvmsync_go/transfer/numa_linux.go:132.18,132.19 0 0
lvmsync_go/transfer/numa_linux.go:134.2,134.23 1 1
lvmsync_go/transfer/numa_linux.go:134.23,136.62 2 1
lvmsync_go/transfer/numa_linux.go:136.62,138.4 1 0
lvmsync_go/transfer/numa_linux.go:139.3,139.32 1 1
lvmsync_go/transfer/numa_linux.go:141.2,141.18 1 1
lvmsync_go/transfer/numa_linux.go:141.18,142.17 1 0
lvmsync_go/transfer/numa_linux.go:142.18,142.19 0 0
lvmsync_go/transfer/numa_linux.go:144.2,145.54 2 1
lvmsync_go/transfer/numa_linux.go:145.54,147.3 1 1
lvmsync_go/transfer/numa_linux.go:148.2,148.31 1 1
lvmsync_go/transfer/progress.go:20.63,21.18 1 1
lvmsync_go/transfer/progress.go:21.18,23.27 2 1
lvmsync_go/transfer/progress.go:23.27,25.4 1 1
lvmsync_go/transfer/progress.go:29.115,30.18 1 1
lvmsync_go/transfer/progress.go:30.18,34.27 3 1
lvmsync_go/transfer/progress.go:34.27,41.4 1 1
lvmsync_go/transfer/progress.go:43.2,43.52 1 1
lvmsync_go/transfer/progress.go:43.52,49.3 3 1
lvmsync_go/transfer/progress.go:52.90,59.2 2 1
lvmsync_go/transfer/progress.go:61.75,67.2 2 1
lvmsync_go/transfer/resume.go:35.58,36.14 1 1
lvmsync_go/transfer/resume.go:37.13,38.17 1 1
lvmsync_go/transfer/resume.go:39.16,40.20 1 1
lvmsync_go/transfer/resume.go:41.10,42.19 1 1
lvmsync_go/transfer/resume.go:46.59,47.14 1 1
lvmsync_go/transfer/resume.go:48.13,49.16 1 1
lvmsync_go/transfer/resume.go:50.16,51.19 1 1
lvmsync_go/transfer/resume.go:52.10,53.18 1 1
lvmsync_go/transfer/resume_cdc.go:10.102,12.24 2 1
lvmsync_go/transfer/resume_cdc.go:12.24,13.29 1 1
lvmsync_go/transfer/resume_cdc.go:13.29,15.4 1 0
lvmsync_go/transfer/resume_cdc.go:16.3,16.28 1 1
lvmsync_go/transfer/resume_cdc.go:16.28,20.4 3 1
lvmsync_go/transfer/resume_cdc.go:22.2,22.20 1 0
lvmsync_go/transfer/resume_fixed.go:16.143,17.27 1 1
lvmsync_go/transfer/resume_fixed.go:17.27,19.3 1 1
lvmsync_go/transfer/resume_fixed.go:20.2,20.23 1 1
lvmsync_go/transfer/resume_fixed.go:21.13,22.58 1 1
lvmsync_go/transfer/resume_fixed.go:23.16,24.64 1 1
lvmsync_go/transfer/resume_fixed.go:25.10,26.76 1 1
lvmsync_go/transfer/resume_fixed.go:31.143,32.29 1 1
lvmsync_go/transfer/resume_fixed.go:32.29,34.3 1 1
lvmsync_go/transfer/resume_fixed.go:35.2,35.27 1 1
lvmsync_go/transfer/resume_fixed.go:35.27,37.17 2 1
lvmsync_go/transfer/resume_fixed.go:37.17,39.4 1 0
lvmsync_go/transfer/resume_fixed.go:40.3,41.17 2 1
lvmsync_go/transfer/resume_fixed.go:41.17,42.40 1 0
lvmsync_go/transfer/resume_fixed.go:42.40,44.5 1 0
lvmsync_go/transfer/resume_fixed.go:45.4,45.12 1 0
lvmsync_go/transfer/resume_fixed.go:47.3,48.40 2 1
lvmsync_go/transfer/resume_fixed.go:48.40,51.4 2 1
lvmsync_go/transfer/resume_fixed.go:51.9,53.4 1 1
lvmsync_go/transfer/resume_fixed.go:54.3,55.23 2 1
lvmsync_go/transfer/resume_fixed.go:55.23,58.4 2 1
lvmsync_go/transfer/resume_fixed.go:60.2,60.10 1 0
lvmsync_go/transfer/resume_hybrid.go:9.105,11.2 1 1
lvmsync_go/transfer/resume_state.go:17.40,17.64 1 1
lvmsync_go/transfer/resume_state.go:44.141,45.51 1 1
lvmsync_go/transfer/resume_state.go:45.51,51.3 1 1
lvmsync_go/transfer/resume_state.go:52.2,67.16 3 1
lvmsync_go/transfer/resume_state.go:67.16,70.3 2 0
lvmsync_go/transfer/resume_state.go:72.2,76.16 4 1
lvmsync_go/transfer/resume_state.go:76.16,79.3 2 0
lvmsync_go/transfer/resume_state.go:80.2,80.41 1 1
lvmsync_go/transfer/resume_state.go:80.41,85.3 4 0
lvmsync_go/transfer/resume_state.go:86.2,86.33 1 1
lvmsync_go/transfer/resume_state.go:86.33,91.3 4 0
lvmsync_go/transfer/resume_state.go:92.2,92.34 1 1
lvmsync_go/transfer/resume_state.go:92.34,96.3 3 0
lvmsync_go/transfer/resume_state.go:97.2,97.52 1 1
lvmsync_go/transfer/resume_state.go:97.52,101.3 3 0
lvmsync_go/transfer/resume_state.go:102.2,102.60 1 1
lvmsync_go/transfer/resume_state.go:102.60,105.3 2 1
lvmsync_go/transfer/resume_state.go:108.124,109.40 1 1
lvmsync_go/transfer/resume_state.go:109.40,111.3 1 1
lvmsync_go/transfer/resume_state.go:112.2,112.22 1 1
lvmsync_go/transfer/resume_state.go:112.22,114.3 1 1
lvmsync_go/transfer/resume_state.go:115.2,119.81 4 1
lvmsync_go/transfer/resume_state.go:119.81,123.3 3 1
lvmsync_go/transfer/resume_state.go:126.85,127.40 1 1
lvmsync_go/transfer/resume_state.go:127.40,129.3 1 1
lvmsync_go/transfer/resume_state.go:130.2,130.22 1 1
lvmsync_go/transfer/resume_state.go:130.22,132.3 1 1
lvmsync_go/transfer/resume_state.go:133.2,133.74 1 1
lvmsync_go/transfer/resume_state.go:133.74,135.3 1 0
lvmsync_go/transfer/resume_state.go:136.2,136.89 1 1
lvmsync_go/transfer/resume_state.go:136.89,138.3 1 0
lvmsync_go/transfer/resume_state.go:139.2,144.14 6 1
lvmsync_go/transfer/resume_state.go:147.140,148.27 1 1
lvmsync_go/transfer/resume_state.go:148.27,150.3 1 1
lvmsync_go/transfer/resume_state.go:152.2,152.111 1 1
lvmsync_go/transfer/resume_state.go:152.111,154.3 1 1
lvmsync_go/transfer/resume_state.go:155.2,155.96 1 1
lvmsync_go/transfer/resume_state.go:155.96,157.3 1 1
lvmsync_go/transfer/resume_state.go:158.2,158.48 1 1
lvmsync_go/transfer/resume_state.go:158.48,160.3 1 1
lvmsync_go/transfer/resume_state.go:161.2,161.27 1 1
lvmsync_go/transfer/resume_state.go:166.161,169.16 3 1
lvmsync_go/transfer/resume_state.go:169.16,171.3 1 1
lvmsync_go/transfer/resume_state.go:172.2,173.50 2 1
lvmsync_go/transfer/resume_state.go:173.50,175.3 1 1
lvmsync_go/transfer/resume_state.go:176.2,176.148 1 1
lvmsync_go/transfer/resume_state.go:176.148,178.3 1 1
lvmsync_go/transfer/resume_state.go:179.2,180.88 2 1
lvmsync_go/transfer/resume_state.go:180.88,182.3 1 0
lvmsync_go/transfer/resume_state.go:183.2,183.27 1 1
lvmsync_go/transfer/resume_state.go:183.27,185.3 1 1
lvmsync_go/transfer/resume_state.go:186.2,188.54 1 1
lvmsync_go/transfer/resume_state.go:188.54,190.3 1 1
lvmsync_go/transfer/resume_state.go:191.2,191.57 1 1
lvmsync_go/transfer/resume_state.go:191.57,193.63 2 1
lvmsync_go/transfer/resume_state.go:193.63,195.4 1 1
lvmsync_go/transfer/resume_state.go:197.2,197.58 1 1
lvmsync_go/transfer/resume_state.go:197.58,199.33 2 1
lvmsync_go/transfer/resume_state.go:199.33,201.4 1 1
lvmsync_go/transfer/resume_state.go:202.3,206.18 5 1
lvmsync_go/transfer/resume_state.go:208.2,208.36 1 1
lvmsync_go/transfer/resume_state.go:208.36,210.3 1 1
lvmsync_go/transfer/resume_state.go:211.2,211.34 1 1
lvmsync_go/transfer/resume_state.go:211.34,213.3 1 1
lvmsync_go/transfer/resume_state.go:214.2,214.37 1 1
lvmsync_go/transfer/resume_state.go:214.37,216.3 1 1
lvmsync_go/transfer/resume_state.go:217.2,218.27 2 1
lvmsync_go/transfer/resume_state.go:218.27,223.3 1 1
lvmsync_go/transfer/resume_state.go:224.2,224.18 1 1
lvmsync_go/transfer/run_apply.go:15.63,16.22 1 0
lvmsync_go/transfer/run_apply.go:16.22,18.3 1 0
lvmsync_go/transfer/run_apply.go:19.2,20.16 2 0
lvmsync_go/transfer/run_apply.go:20.16,22.3 1 0
lvmsync_go/transfer/run_apply.go:23.2,23.15 1 0
lvmsync_go/transfer/run_apply.go:26.89,27.26 1 1
lvmsync_go/transfer/run_apply.go:27.26,29.17 2 1
lvmsync_go/transfer/run_apply.go:29.17,31.4 1 0
lvmsync_go/transfer/run_apply.go:32.3,32.29 1 1
lvmsync_go/transfer/run_apply.go:32.29,34.4 1 1
lvmsync_go/transfer/run_apply.go:36.2,37.16 2 1
lvmsync_go/transfer/run_apply.go:37.16,39.3 1 0
lvmsync_go/transfer/run_apply.go:40.2,40.27 1 1
lvmsync_go/transfer/run_apply.go:40.27,42.3 1 1
lvmsync_go/transfer/run_apply.go:43.2,44.18 2 0
lvmsync_go/transfer/run_apply.go:44.18,46.16 2 0
lvmsync_go/transfer/run_apply.go:46.16,47.44 1 0
lvmsync_go/transfer/run_apply.go:47.44,49.5 1 0
lvmsync_go/transfer/run_apply.go:51.3,51.94 1 0
lvmsync_go/transfer/run_apply.go:53.2,53.69 1 0
lvmsync_go/transfer/run_apply.go:57.91,59.16 2 0
lvmsync_go/transfer/run_apply.go:59.16,61.3 1 0
lvmsync_go/transfer/run_apply.go:62.2,65.18 4 0
lvmsync_go/transfer/run_apply.go:65.18,66.60 1 0
lvmsync_go/transfer/run_apply.go:66.60,68.4 1 0
lvmsync_go/transfer/run_apply.go:69.3,69.63 1 0
lvmsync_go/transfer/run_apply.go:69.63,71.4 1 0
lvmsync_go/transfer/run_apply.go:72.3,72.14 1 0
lvmsync_go/transfer/run_apply.go:74.2,74.12 1 0
lvmsync_go/transfer/transfer.go:42.100,43.15 1 1
lvmsync_go/transfer/transfer.go:43.15,45.3 1 1
lvmsync_go/transfer/transfer.go:46.2,46.17 1 1
lvmsync_go/transfer/transfer.go:46.17,48.3 1 1
lvmsync_go/transfer/transfer.go:49.2,49.87 1 1
lvmsync_go/transfer/transfer.go:58.75,61.16 3 0
lvmsync_go/transfer/transfer.go:61.16,62.25 1 0
lvmsync_go/transfer/transfer.go:62.25,64.4 1 0
lvmsync_go/transfer/transfer.go:65.3,65.57 1 0
lvmsync_go/transfer/transfer.go:67.2,71.45 4 0
lvmsync_go/transfer/transfer.go:71.45,73.3 1 0
lvmsync_go/transfer/transfer.go:75.2,75.28 1 0
lvmsync_go/transfer/transfer.go:75.28,77.3 1 0
lvmsync_go/transfer/transfer.go:78.2,78.26 1 0
lvmsync_go/transfer/transfer.go:78.26,80.3 1 0
lvmsync_go/transfer/transfer.go:81.2,81.19 1 0
lvmsync_go/transfer/transfer.go:88.95,91.16 3 1
lvmsync_go/transfer/transfer.go:91.16,93.3 1 0
lvmsync_go/transfer/transfer.go:94.2,94.41 1 1
lvmsync_go/transfer/transfer.go:94.41,95.48 1 0
lvmsync_go/transfer/transfer.go:95.48,98.4 2 0
lvmsync_go/transfer/transfer.go:99.3,99.53 1 0
lvmsync_go/transfer/transfer.go:101.2,104.45 3 1
lvmsync_go/transfer/transfer.go:104.45,106.3 1 0
lvmsync_go/transfer/transfer.go:107.2,107.12 1 1
lvmsync_go/transfer/transfer.go:111.176,114.26 2 1
lvmsync_go/transfer/transfer.go:114.26,116.3 1 1
lvmsync_go/transfer/transfer.go:117.2,117.16 1 1
lvmsync_go/transfer/transfer.go:117.16,119.17 2 0
lvmsync_go/transfer/transfer.go:119.17,121.4 1 0
lvmsync_go/transfer/transfer.go:122.3,124.44 3 0
lvmsync_go/transfer/transfer.go:124.44,126.4 1 0
lvmsync_go/transfer/transfer.go:127.3,134.13 3 0
lvmsync_go/transfer/transfer.go:137.2,137.70 1 1
lvmsync_go/transfer/transfer.go:137.70,139.17 2 0
lvmsync_go/transfer/transfer.go:139.17,141.4 1 0
lvmsync_go/transfer/transfer.go:142.3,142.36 1 0
lvmsync_go/transfer/transfer.go:142.36,144.4 1 0
lvmsync_go/transfer/transfer.go:147.2,148.16 2 1
lvmsync_go/transfer/transfer.go:148.16,150.3 1 1
lvmsync_go/transfer/transfer.go:152.2,153.16 2 1
lvmsync_go/transfer/transfer.go:153.16,155.3 1 0
lvmsync_go/transfer/transfer.go:156.2,159.16 3 1
lvmsync_go/transfer/transfer.go:159.16,161.3 1 0
lvmsync_go/transfer/transfer.go:162.2,165.16 3 1
lvmsync_go/transfer/transfer.go:165.16,167.3 1 0
lvmsync_go/transfer/transfer.go:168.2,171.16 3 1
lvmsync_go/transfer/transfer.go:171.16,173.3 1 0
lvmsync_go/transfer/transfer.go:174.2,178.18 4 1
lvmsync_go/transfer/transfer.go:178.18,180.3 1 0
lvmsync_go/transfer/transfer.go:182.2,187.16 6 1
lvmsync_go/transfer/transfer.go:187.16,189.3 1 0
lvmsync_go/transfer/transfer.go:190.2,194.26 4 1
lvmsync_go/transfer/transfer.go:194.26,196.3 1 1
lvmsync_go/transfer/transfer.go:197.2,197.12 1 1
lvmsync_go/transfer/transfer.go:200.83,202.20 2 1
lvmsync_go/transfer/transfer.go:202.21,202.22 0 0
lvmsync_go/transfer/transfer.go:203.2,203.18 1 1
lvmsync_go/transfer/transfer.go:203.18,204.20 1 1
lvmsync_go/transfer/transfer.go:204.20,205.44 1 1
lvmsync_go/transfer/transfer.go:205.44,207.5 1 1
lvmsync_go/transfer/transfer.go:210.2,210.23 1 1
lvmsync_go/transfer/transfer.go:214.129,216.18 2 1
lvmsync_go/transfer/transfer.go:216.18,218.3 1 1
lvmsync_go/transfer/transfer.go:219.2,219.70 1 1
lvmsync_go/transfer/transfer.go:223.165,225.2 1 1
lvmsync_go/transfer/transfer.go:228.119,230.18 2 1
lvmsync_go/transfer/transfer.go:230.18,234.3 3 1
lvmsync_go/transfer/transfer.go:235.2,236.65 2 0
lvmsync_go/transfer/transfer.go:239.56,255.2 15 1
lvmsync_go/transfer/transfer.go:257.111,258.16 1 1
lvmsync_go/transfer/transfer.go:258.16,260.3 1 1
lvmsync_go/transfer/transfer.go:261.2,261.17 1 1
lvmsync_go/transfer/transfer.go:261.17,265.3 3 0
lvmsync_go/transfer/transfer.go:266.2,267.16 2 1
lvmsync_go/transfer/transfer.go:267.16,269.3 1 1
lvmsync_go/transfer/transfer.go:270.2,272.66 3 1
lvmsync_go/transfer/transfer.go:272.66,274.3 1 0
lvmsync_go/transfer/transfer.go:275.2,275.70 1 1
lvmsync_go/transfer/transfer.go:275.70,277.3 1 0
lvmsync_go/transfer/transfer.go:278.2,278.40 1 1
lvmsync_go/transfer/transfer.go:278.40,280.3 1 0
lvmsync_go/transfer/transfer.go:281.2,281.18 1 1
lvmsync_go/transfer/transfer.go:284.128,285.16 1 1
lvmsync_go/transfer/transfer.go:285.16,287.3 1 1
lvmsync_go/transfer/transfer.go:288.2,288.73 1 1
lvmsync_go/transfer/transfer.go:288.73,290.3 1 0
lvmsync_go/transfer/transfer.go:291.2,294.28 4 1
lvmsync_go/transfer/transfer.go:294.28,296.17 2 1
lvmsync_go/transfer/transfer.go:296.17,298.4 1 0
lvmsync_go/transfer/transfer.go:299.3,300.17 2 1
lvmsync_go/transfer/transfer.go:300.17,302.4 1 0
lvmsync_go/transfer/transfer.go:303.3,304.18 2 1
lvmsync_go/transfer/transfer.go:304.18,307.4 2 0
lvmsync_go/transfer/transfer.go:308.3,309.17 2 1
lvmsync_go/transfer/transfer.go:309.17,311.4 1 0
lvmsync_go/transfer/transfer.go:312.3,312.28 1 1
lvmsync_go/transfer/transfer.go:312.28,315.4 2 1
lvmsync_go/transfer/transfer.go:316.3,317.50 2 1
lvmsync_go/transfer/transfer.go:317.50,319.4 1 0
lvmsync_go/transfer/transfer.go:320.3,322.47 3 1
lvmsync_go/transfer/transfer.go:322.47,325.4 2 1
lvmsync_go/transfer/transfer.go:326.3,327.17 2 1
lvmsync_go/transfer/transfer.go:327.17,329.4 1 1
lvmsync_go/transfer/transfer.go:330.3,330.34 1 1
lvmsync_go/transfer/transfer.go:330.34,337.4 2 1
lvmsync_go/transfer/transfer.go:338.3,338.28 1 0
lvmsync_go/transfer/transfer.go:338.28,339.54 1 0
lvmsync_go/transfer/transfer.go:339.54,341.36 2 0
lvmsync_go/transfer/transfer.go:341.36,343.6 1 0
lvmsync_go/transfer/transfer.go:346.3,347.104 2 0
lvmsync_go/transfer/transfer.go:348.8,349.52 1 1
lvmsync_go/transfer/transfer.go:349.52,352.18 3 1
lvmsync_go/transfer/transfer.go:352.18,354.5 1 1
lvmsync_go/transfer/transfer.go:355.4,355.29 1 1
lvmsync_go/transfer/transfer.go:355.29,357.19 2 0
lvmsync_go/transfer/transfer.go:357.19,359.6 1 0
lvmsync_go/transfer/transfer.go:360.5,361.36 2 0
lvmsync_go/transfer/transfer.go:361.36,363.6 1 0
lvmsync_go/transfer/transfer.go:365.4,365.52 1 1
lvmsync_go/transfer/transfer.go:365.52,368.5 2 1
lvmsync_go/transfer/transfer.go:369.4,369.105 1 1
lvmsync_go/transfer/transfer.go:371.3,371.33 1 1
lvmsync_go/transfer/transfer.go:371.33,373.18 2 1
lvmsync_go/transfer/transfer.go:373.18,375.5 1 0
lvmsync_go/transfer/transfer.go:376.4,376.58 1 1
lvmsync_go/transfer/transfer.go:376.58,379.5 2 1
lvmsync_go/transfer/transfer.go:381.3,381.72 1 1
lvmsync_go/transfer/transfer.go:383.2,384.16 2 1
lvmsync_go/transfer/transfer.go:384.16,386.3 1 0
lvmsync_go/transfer/transfer.go:387.2,387.27 1 1
lvmsync_go/transfer/transfer.go:387.27,390.3 2 1
lvmsync_go/transfer/transfer.go:391.2,391.29 1 1
lvmsync_go/transfer/transfer.go:394.93,395.28 1 1
lvmsync_go/transfer/transfer.go:395.28,397.3 1 0
lvmsync_go/transfer/transfer.go:398.2,399.16 2 1
lvmsync_go/transfer/transfer.go:399.16,401.3 1 0
lvmsync_go/transfer/transfer.go:402.2,404.27 3 1
lvmsync_go/transfer/transfer.go:404.27,406.27 2 1
lvmsync_go/transfer/transfer.go:406.27,408.4 1 0
lvmsync_go/transfer/transfer.go:409.3,409.68 1 1
lvmsync_go/transfer/transfer.go:409.68,411.4 1 0
lvmsync_go/transfer/transfer.go:412.3,414.63 3 1
lvmsync_go/transfer/transfer.go:414.63,414.77 1 1
lvmsync_go/transfer/transfer.go:414.79,417.4 2 1
lvmsync_go/transfer/transfer.go:419.2,420.12 2 1
lvmsync_go/transfer/utils.go:23.60,25.17 2 1
lvmsync_go/transfer/utils.go:25.17,27.22 2 1
lvmsync_go/transfer/utils.go:27.22,29.4 1 1
lvmsync_go/transfer/utils.go:30.3,33.17 4 1
lvmsync_go/transfer/utils.go:33.17,35.4 1 0
lvmsync_go/transfer/utils.go:36.3,36.12 1 1
lvmsync_go/transfer/utils.go:38.2,38.21 1 1
lvmsync_go/transfer/utils.go:44.67,45.21 1 1
lvmsync_go/transfer/utils.go:45.21,47.3 1 1
lvmsync_go/transfer/utils.go:49.2,50.58 2 1
lvmsync_go/transfer/wal.go:68.28,70.2 1 1
lvmsync_go/transfer/wal.go:72.42,79.2 6 1
lvmsync_go/transfer/wal.go:81.46,87.2 5 1
lvmsync_go/transfer/wal.go:93.109,94.17 1 1
lvmsync_go/transfer/wal.go:94.17,96.3 1 1
lvmsync_go/transfer/wal.go:97.2,98.16 2 1
lvmsync_go/transfer/wal.go:98.16,100.3 1 0
lvmsync_go/transfer/wal.go:101.2,102.16 2 1
lvmsync_go/transfer/wal.go:102.16,105.3 2 0
lvmsync_go/transfer/wal.go:106.2,107.20 2 1
lvmsync_go/transfer/wal.go:107.20,119.49 12 1
lvmsync_go/transfer/wal.go:119.49,122.4 2 0
lvmsync_go/transfer/wal.go:122.9,122.27 1 1
lvmsync_go/transfer/wal.go:122.27,125.4 2 0
lvmsync_go/transfer/wal.go:126.3,126.60 1 1
lvmsync_go/transfer/wal.go:126.60,129.4 2 0
lvmsync_go/transfer/wal.go:130.3,130.34 1 1
lvmsync_go/transfer/wal.go:130.34,133.4 2 0
lvmsync_go/transfer/wal.go:134.3,134.58 1 1
lvmsync_go/transfer/wal.go:134.58,137.4 2 0
lvmsync_go/transfer/wal.go:138.3,138.21 1 1
lvmsync_go/transfer/wal.go:141.2,142.48 2 1
lvmsync_go/transfer/wal.go:142.48,145.3 2 0
lvmsync_go/transfer/wal.go:146.2,147.53 2 1
lvmsync_go/transfer/wal.go:147.53,149.48 2 1
lvmsync_go/transfer/wal.go:149.48,152.4 2 0
lvmsync_go/transfer/wal.go:153.3,159.48 7 1
lvmsync_go/transfer/wal.go:159.48,162.4 2 1
lvmsync_go/transfer/wal.go:163.3,163.97 1 1
lvmsync_go/transfer/wal.go:163.97,166.4 2 1
lvmsync_go/transfer/wal.go:167.3,171.7 5 1
lvmsync_go/transfer/wal.go:171.7,173.29 2 1
lvmsync_go/transfer/wal.go:173.29,174.10 1 1
lvmsync_go/transfer/wal.go:176.4,179.13 4 1
lvmsync_go/transfer/wal.go:181.3,181.41 1 1
lvmsync_go/transfer/wal.go:181.41,184.4 2 0
lvmsync_go/transfer/wal.go:185.3,185.43 1 1
lvmsync_go/transfer/wal.go:185.43,188.4 2 0
lvmsync_go/transfer/wal.go:189.3,189.24 1 1
lvmsync_go/transfer/wal.go:192.2,192.34 1 1
lvmsync_go/transfer/wal.go:192.34,194.49 2 1
lvmsync_go/transfer/wal.go:194.49,197.4 2 0
lvmsync_go/transfer/wal.go:198.3,203.52 6 1
lvmsync_go/transfer/wal.go:203.52,206.4 2 1
lvmsync_go/transfer/wal.go:207.3,207.100 1 1
lvmsync_go/transfer/wal.go:207.100,210.4 2 0
lvmsync_go/transfer/wal.go:211.3,212.77 2 1
lvmsync_go/transfer/wal.go:212.77,215.4 2 0
lvmsync_go/transfer/wal.go:216.3,217.48 2 1
lvmsync_go/transfer/wal.go:217.48,221.4 3 1
lvmsync_go/transfer/wal.go:222.3,234.49 13 1
lvmsync_go/transfer/wal.go:234.49,237.4 2 0
lvmsync_go/transfer/wal.go:237.9,237.27 1 1
lvmsync_go/transfer/wal.go:237.27,240.4 2 0
lvmsync_go/transfer/wal.go:241.3,241.20 1 1
lvmsync_go/transfer/wal.go:241.20,242.60 1 1
lvmsync_go/transfer/wal.go:242.60,245.5 2 0
lvmsync_go/transfer/wal.go:245.10,245.29 1 1
lvmsync_go/transfer/wal.go:245.29,248.5 2 0
lvmsync_go/transfer/wal.go:250.3,250.70 1 1
lvmsync_go/transfer/wal.go:250.70,253.4 2 0
lvmsync_go/transfer/wal.go:254.3,254.34 1 1
lvmsync_go/transfer/wal.go:254.34,257.4 2 0
lvmsync_go/transfer/wal.go:258.3,259.70 2 1
lvmsync_go/transfer/wal.go:259.70,262.4 2 0
lvmsync_go/transfer/wal.go:263.3,263.24 1 1
lvmsync_go/transfer/wal.go:266.2,267.52 2 1
lvmsync_go/transfer/wal.go:273.37,277.16 4 1
lvmsync_go/transfer/wal.go:277.16,279.3 1 0
lvmsync_go/transfer/wal.go:280.2,280.42 1 1
lvmsync_go/transfer/wal.go:280.42,284.3 3 0
lvmsync_go/transfer/wal.go:285.2,286.16 2 1
lvmsync_go/transfer/wal.go:286.16,290.3 3 0
lvmsync_go/transfer/wal.go:291.2,291.79 1 1
lvmsync_go/transfer/wal.go:291.79,295.3 3 0
lvmsync_go/transfer/wal.go:296.2,299.44 4 1
lvmsync_go/transfer/wal.go:299.44,303.3 3 0
lvmsync_go/transfer/wal.go:303.8,303.26 1 1
lvmsync_go/transfer/wal.go:303.26,307.3 3 0
lvmsync_go/transfer/wal.go:308.2,308.34 1 1
lvmsync_go/transfer/wal.go:308.34,312.3 3 0
lvmsync_go/transfer/wal.go:313.2,313.35 1 1
lvmsync_go/transfer/wal.go:313.35,316.3 2 0
lvmsync_go/transfer/wal.go:317.2,317.36 1 1
lvmsync_go/transfer/wal.go:317.36,319.3 1 0
lvmsync_go/transfer/wal.go:320.2,320.49 1 1
lvmsync_go/transfer/wal.go:320.49,322.3 1 0
lvmsync_go/transfer/wal.go:323.2,324.16 2 1
lvmsync_go/transfer/wal.go:324.16,326.3 1 0
lvmsync_go/transfer/wal.go:327.2,327.50 1 1
lvmsync_go/transfer/wal.go:327.50,330.3 2 0
lvmsync_go/transfer/wal.go:331.2,332.43 2 1
lvmsync_go/transfer/wal.go:336.28,337.16 1 0
lvmsync_go/transfer/wal.go:337.16,339.3 1 0
lvmsync_go/transfer/wal.go:340.2,340.12 1 0
lvmsync_go/transfer/wal.go:344.29,345.16 1 1
lvmsync_go/transfer/wal.go:345.16,347.3 1 0
lvmsync_go/transfer/wal.go:349.2,349.35 1 1
lvmsync_go/transfer/wal.go:349.35,352.3 2 0
lvmsync_go/transfer/wal.go:353.2,354.36 2 1
lvmsync_go/transfer/wal.go:354.36,356.3 1 0
lvmsync_go/transfer/wal.go:357.2,358.43 2 1
lvmsync_go/transfer/wal.go:361.33,363.16 2 1
lvmsync_go/transfer/wal.go:363.16,365.3 1 0
lvmsync_go/transfer/wal.go:366.2,367.17 2 1
lvmsync_go/transfer/worker.go:24.104,25.34 1 1
lvmsync_go/transfer/worker.go:25.34,27.3 1 1
lvmsync_go/transfer/worker.go:28.2,28.24 1 1
lvmsync_go/transfer/worker.go:28.24,30.3 1 1
lvmsync_go/transfer/worker.go:31.2,32.16 2 1
lvmsync_go/transfer/worker.go:32.16,34.3 1 1
lvmsync_go/transfer/worker.go:35.2,37.12 3 0
lvmsync_go/transfer/worker.go:41.118,42.34 1 1
lvmsync_go/transfer/worker.go:42.34,44.3 1 0
lvmsync_go/transfer/worker.go:45.2,46.26 2 1
lvmsync_go/transfer/worker.go:46.26,48.3 1 0
lvmsync_go/transfer/worker.go:49.2,50.16 2 1
lvmsync_go/transfer/worker.go:50.16,52.3 1 0
lvmsync_go/transfer/worker.go:53.2,54.20 2 1
lvmsync_go/transfer/worker.go:58.123,59.66 1 1
lvmsync_go/transfer/worker.go:59.66,61.3 1 1
lvmsync_go/transfer/worker.go:62.2,62.34 1 1
lvmsync_go/transfer/worker.go:62.34,64.3 1 0
lvmsync_go/transfer/worker.go:65.2,68.16 3 1
lvmsync_go/transfer/worker.go:68.16,70.3 1 0
lvmsync_go/transfer/worker.go:71.2,72.16 2 1
lvmsync_go/transfer/worker.go:72.16,74.3 1 0
lvmsync_go/transfer/worker.go:75.2,75.20 1 1
lvmsync_go/transfer/worker.go:78.75,79.17 1 1
lvmsync_go/transfer/worker.go:79.17,81.17 2 0
lvmsync_go/transfer/worker.go:81.17,83.4 1 0
lvmsync_go/transfer/worker.go:84.3,86.46 3 0
lvmsync_go/transfer/worker.go:86.46,87.84 1 0
lvmsync_go/transfer/worker.go:87.84,89.5 1 0
lvmsync_go/transfer/worker.go:92.2,93.16 2 1
lvmsync_go/transfer/worker.go:93.16,95.3 1 0
lvmsync_go/transfer/worker.go:96.2,96.21 1 1
lvmsync_go/transfer/worker.go:100.80,102.20 2 1
lvmsync_go/transfer/worker.go:102.21,102.22 0 1
lvmsync_go/transfer/worker.go:103.2,103.18 1 1
lvmsync_go/transfer/worker.go:103.18,104.50 1 1
lvmsync_go/transfer/worker.go:104.50,106.4 1 1
lvmsync_go/transfer/worker.go:107.3,107.20 1 1
lvmsync_go/transfer/worker.go:107.20,108.62 1 1
lvmsync_go/transfer/worker.go:108.62,110.5 1 0
lvmsync_go/transfer/worker.go:111.4,111.62 1 1
lvmsync_go/transfer/worker.go:111.62,113.5 1 0
lvmsync_go/transfer/worker.go:115.8,117.3 1 1
lvmsync_go/transfer/worker.go:118.2,118.30 1 1
lvmsync_go/transfer/worker.go:122.173,125.17 3 1
lvmsync_go/transfer/worker.go:125.17,127.3 1 0
lvmsync_go/transfer/worker.go:128.2,130.36 3 1
lvmsync_go/transfer/worker.go:130.36,133.3 2 1
lvmsync_go/transfer/worker.go:135.2,135.12 1 1
lvmsync_go/transfer/worker.go:135.12,136.44 1 1
lvmsync_go/transfer/worker.go:136.44,137.11 1 1
lvmsync_go/transfer/worker.go:138.22,139.11 1 0
lvmsync_go/transfer/worker.go:140.52,140.52 0 1
lvmsync_go/transfer/worker.go:143.3,143.15 1 1
lvmsync_go/transfer/worker.go:146.2,147.16 2 1
lvmsync_go/transfer/worker.go:151.133,154.34 2 1
lvmsync_go/transfer/worker.go:154.34,156.3 1 1
lvmsync_go/transfer/worker.go:157.2,157.18 1 1
lvmsync_go/transfer/worker.go:157.18,160.3 2 0
lvmsync_go/transfer/worker.go:162.2,163.16 2 1
lvmsync_go/transfer/worker.go:163.16,165.3 1 0
lvmsync_go/transfer/worker.go:167.2,168.56 2 1
lvmsync_go/transfer/worker.go:168.56,170.3 1 0
lvmsync_go/transfer/worker.go:172.2,173.16 2 1
lvmsync_go/transfer/worker.go:173.16,175.3 1 0
lvmsync_go/transfer/worker.go:176.2,179.16 3 1
lvmsync_go/transfer/worker.go:179.16,181.3 1 0
lvmsync_go/transfer/worker.go:182.2,185.16 3 1
lvmsync_go/transfer/worker.go:185.16,187.3 1 0
lvmsync_go/transfer/worker.go:188.2,198.16 10 1
lvmsync_go/transfer/worker.go:198.16,200.3 1 0
lvmsync_go/transfer/worker.go:201.2,204.26 4 1
lvmsync_go/transfer/worker.go:204.26,206.3 1 1
lvmsync_go/transfer/worker.go:207.2,207.12 1 1
lvmsync_go/transfer/worker.go:212.150,214.17 2 0
lvmsync_go/transfer/worker.go:214.17,216.3 1 0
lvmsync_go/transfer/worker.go:217.2,218.69 2 0
lvmsync_go/transfer/worker.go:218.69,220.17 2 0
lvmsync_go/transfer/worker.go:220.17,222.49 2 0
lvmsync_go/transfer/worker.go:222.49,223.10 1 0
lvmsync_go/transfer/worker.go:225.4,225.11 1 0
lvmsync_go/transfer/worker.go:226.38,226.38 0 0
lvmsync_go/transfer/worker.go:227.22,228.21 1 0
lvmsync_go/transfer/worker.go:230.4,230.12 1 0
lvmsync_go/transfer/worker.go:232.3,234.21 3 0
lvmsync_go/transfer/worker.go:234.21,236.4 1 0
lvmsync_go/transfer/worker.go:237.3,237.28 1 0
lvmsync_go/transfer/worker.go:237.28,238.9 1 0
lvmsync_go/transfer/worker.go:240.3,240.26 1 0
lvmsync_go/transfer/worker.go:240.26,241.11 1 0
lvmsync_go/transfer/worker.go:242.38,242.38 0 0
lvmsync_go/transfer/worker.go:243.22,244.21 1 0
lvmsync_go/transfer/worker.go:248.2,248.20 1 0
lvmsync_go/transfer/worker.go:248.20,250.3 1 0
lvmsync_go/transfer/worker.go:251.2,251.16 1 0
lvmsync_go/transfer/worker.go:255.34,256.16 1 0
lvmsync_go/transfer/worker.go:256.16,258.3 1 0
lvmsync_go/transfer/worker.go:259.2,259.82 1 0
lvmsync_go/transfer/worker.go:259.82,261.3 1 0
lvmsync_go/transfer/worker.go:262.2,263.25 2 0
lvmsync_go/transfer/worker.go:263.25,265.3 1 0
lvmsync_go/transfer/worker.go:266.2,266.13 1 0
lvmsync_go/transfer/worker_util.go:5.51,7.27 2 1
lvmsync_go/transfer/worker_util.go:7.27,8.22 1 1
lvmsync_go/transfer/worker_util.go:8.22,9.12 1 1
lvmsync_go/transfer/worker_util.go:11.3,11.31 1 1
lvmsync_go/transfer/worker_util.go:13.2,13.35 1 1
lvmsync_go/transfer/worker_util.go:13.35,15.3 1 1
lvmsync_go/transfer/worker_util.go:16.2,16.21 1 1
lvmsync_go/transfer/workqueue.go:33.91,34.20 1 1
lvmsync_go/transfer/workqueue.go:34.20,36.3 1 0
lvmsync_go/transfer/workqueue.go:37.2,38.13 2 1
lvmsync_go/transfer/workqueue.go:38.13,40.3 1 0
lvmsync_go/transfer/workqueue.go:41.2,41.16 1 1
lvmsync_go/transfer/workqueue.go:41.16,43.3 1 1
lvmsync_go/transfer/workqueue.go:44.2,53.3 1 1
lvmsync_go/transfer/workqueue.go:58.42,63.13 5 0
lvmsync_go/transfer/workqueue.go:63.13,65.3 1 0
lvmsync_go/transfer/workqueue.go:66.2,66.21 1 0
lvmsync_go/transfer/workqueue.go:71.40,75.38 3 1
lvmsync_go/transfer/workqueue.go:75.38,77.3 1 1
lvmsync_go/transfer/workqueue.go:79.2,81.62 2 1
lvmsync_go/transfer/workqueue.go:81.62,84.3 2 1
lvmsync_go/transfer/workqueue.go:86.2,87.23 2 1
lvmsync_go/transfer/workqueue.go:87.23,89.3 1 1
lvmsync_go/transfer/workqueue.go:89.8,89.29 1 1
lvmsync_go/transfer/workqueue.go:89.29,92.3 2 1
lvmsync_go/transfer/workqueue.go:92.8,94.3 1 0
lvmsync_go/transfer/workqueue.go:96.2,97.18 2 1
lvmsync_go/transfer/workqueue.go:101.39,106.2 4 1
lvmsync_go/transfer/workqueue.go:110.35,113.35 3 1
lvmsync_go/transfer/workqueue.go:113.35,115.3 1 0
lvmsync_go/transfer/workqueue.go:116.2,120.29 5 1
lvmsync_go/transfer/workqueue.go:124.36,128.2 3 0
lvmsync_go/transfer/workqueue.go:134.38,134.55 1 1
lvmsync_go/transfer/workqueue.go:135.38,135.60 1 0
lvmsync_go/transfer/workqueue.go:136.38,136.65 1 1
lvmsync_go/transfer/workqueue.go:137.38,137.66 1 1
lvmsync_go/transfer/workqueue.go:138.29,144.2 5 1
lvmsync_go/transfer/workqueue.go:153.40,153.57 1 1
lvmsync_go/transfer/workqueue.go:154.40,154.84 1 0
lvmsync_go/transfer/workqueue.go:155.40,155.67 1 1
lvmsync_go/transfer/workqueue.go:156.40,156.76 1 1
lvmsync_go/transfer/workqueue.go:157.31,163.2 5 1
lvmsync_go/transfer/writer.go:18.120,22.16 4 1
lvmsync_go/transfer/writer.go:22.16,24.3 1 0
lvmsync_go/transfer/writer.go:25.2,26.32 2 1
lvmsync_go/transfer/writer.go:30.77,31.36 1 1
lvmsync_go/transfer/writer.go:31.36,33.3 1 0
lvmsync_go/transfer/writer.go:34.2,34.34 1 1
lvmsync_go/transfer/writer.go:34.34,36.3 1 0
lvmsync_go/transfer/writer.go:39.142,41.49 2 1
lvmsync_go/transfer/writer.go:41.49,43.3 1 1
lvmsync_go/transfer/writer.go:44.2,44.16 1 1
lvmsync_go/transfer/writer.go:44.16,46.3 1 0
lvmsync_go/transfer/writer.go:48.2,49.28 2 1
lvmsync_go/transfer/writer.go:49.28,51.3 1 1
lvmsync_go/transfer/writer.go:52.2,56.12 4 1
lvmsync_go/transfer/writer.go:56.12,59.3 2 1
lvmsync_go/transfer/writer.go:61.2,61.52 1 1
lvmsync_go/transfer/writer.go:64.92,65.20 1 1
lvmsync_go/transfer/writer.go:65.20,67.3 1 1
lvmsync_go/transfer/writer.go:68.2,70.17 3 1
lvmsync_go/transfer/writer.go:70.17,72.3 1 0
lvmsync_go/transfer/writer.go:72.8,74.3 1 1
lvmsync_go/transfer/writer.go:75.2,75.53 1 1
lvmsync_go/transfer/writer.go:75.53,76.18 1 0
lvmsync_go/transfer/writer.go:76.18,78.4 1 0
lvmsync_go/transfer/writer.go:78.9,80.4 1 0
lvmsync_go/transfer/writer.go:81.3,81.50 1 0
lvmsync_go/transfer/writer.go:81.50,83.4 1 0
lvmsync_go/transfer/writer.go:84.3,84.63 1 0
lvmsync_go/transfer/writer.go:86.2,86.18 1 1
lvmsync_go/transfer/writer.go:89.67,90.30 1 1
lvmsync_go/transfer/writer.go:90.30,92.3 1 1
lvmsync_go/transfer/writer.go:93.2,93.12 1 1
lvmsync_go/transfer/writer.go:96.108,97.13 1 1
lvmsync_go/transfer/writer.go:97.13,99.3 1 1
lvmsync_go/transfer/writer.go:100.2,101.41 2 1
lvmsync_go/transfer/writer.go:101.41,103.3 1 1
lvmsync_go/transfer/writer.go:104.2,104.12 1 1
lvmsync_go/transfer/writer.go:110.89,111.28 1 1
lvmsync_go/transfer/writer.go:111.28,113.3 1 1
lvmsync_go/transfer/writer.go:114.2,114.70 1 1
lvmsync_go/transfer/writer.go:114.70,117.3 2 1
lvmsync_go/transfer/writer.go:118.2,118.48 1 1
lvmsync_go/transfer/writer.go:118.48,120.3 1 0
lvmsync_go/transfer/writer.go:121.2,121.12 1 1
lvmsync_go/transfer/writer.go:140.25,141.28 1 1
lvmsync_go/transfer/writer.go:141.28,143.3 1 0
lvmsync_go/transfer/writer.go:144.2,144.53 1 1
lvmsync_go/transfer/writer.go:144.53,146.3 1 1
lvmsync_go/transfer/writer.go:147.2,147.84 1 1
lvmsync_go/transfer/writer.go:147.84,149.3 1 1
lvmsync_go/transfer/writer.go:150.2,150.20 1 1
lvmsync_go/transfer/writer.go:150.20,152.3 1 1
lvmsync_go/transfer/writer.go:153.2,153.21 1 1
lvmsync_go/transfer/writer.go:153.21,155.3 1 0
lvmsync_go/transfer/writer.go:156.2,156.18 1 1
lvmsync_go/transfer/writer.go:156.18,158.45 2 0
lvmsync_go/transfer/writer.go:158.45,160.4 1 0
lvmsync_go/transfer/writer.go:161.3,161.40 1 0
lvmsync_go/transfer/writer.go:163.2,163.38 1 1
lvmsync_go/transfer/writer.go:163.38,165.3 1 1
lvmsync_go/transfer/writer.go:166.2,166.16 1 1
lvmsync_go/transfer/writer.go:166.16,167.91 1 0
lvmsync_go/transfer/writer.go:167.91,169.4 1 0
lvmsync_go/transfer/writer.go:171.2,171.17 1 1
lvmsync_go/transfer/writer.go:171.17,172.107 1 1
lvmsync_go/transfer/writer.go:172.107,174.4 1 0
lvmsync_go/transfer/writer.go:176.2,176.66 1 1
lvmsync_go/transfer/writer.go:176.66,178.3 1 0
lvmsync_go/transfer/writer.go:179.2,179.21 1 1
lvmsync_go/transfer/zero.go:27.31,28.42 1 1
lvmsync_go/transfer/zero.go:28.42,30.3 1 1
lvmsync_go/transfer/zero.go:31.2,33.12 3 1
lvmsync_go/transfer/zero.go:36.34,37.43 1 1
lvmsync_go/transfer/zero.go:37.43,39.3 1 1
lvmsync_go/transfer/zero.go:40.2,42.12 3 1
lvmsync_go/transfer/zero.go:47.31,49.2 1 1
lvmsync_go/transfer/zero.go:55.109,56.17 1 1
lvmsync_go/transfer/zero.go:56.17,58.3 1 0
lvmsync_go/transfer/zero.go:59.2,59.56 1 1
lvmsync_go/transfer/zero.go:59.56,60.69 1 1
lvmsync_go/transfer/zero.go:60.69,62.4 1 1
lvmsync_go/transfer/zero.go:62.9,62.42 1 1
lvmsync_go/transfer/zero.go:62.42,63.53 1 1
lvmsync_go/transfer/zero.go:63.53,65.5 1 1
lvmsync_go/transfer/zero.go:68.2,69.17 2 1
lvmsync_go/transfer/zero.go:69.17,72.3 2 0
lvmsync_go/transfer/zero.go:72.8,75.3 2 1
lvmsync_go/transfer/zero.go:76.2,76.62 1 1
lvmsync_go/transfer/zero.go:76.62,78.3 1 0
lvmsync_go/transfer/zero.go:79.2,79.12 1 1
lvmsync_go/transfer/zero.go:85.124,86.17 1 1
lvmsync_go/transfer/zero.go:86.17,88.3 1 0
lvmsync_go/transfer/zero.go:89.2,89.17 1 1
lvmsync_go/transfer/zero.go:89.17,91.3 1 0
lvmsync_go/transfer/zero.go:92.2,92.56 1 1
lvmsync_go/transfer/zero.go:92.56,93.67 1 1
lvmsync_go/transfer/zero.go:93.67,95.4 1 1
lvmsync_go/transfer/zero.go:95.9,95.42 1 0
lvmsync_go/transfer/zero.go:95.42,96.53 1 0
lvmsync_go/transfer/zero.go:96.53,98.5 1 0
lvmsync_go/transfer/zero.go:99.9,101.4 1 0
lvmsync_go/transfer/zero.go:103.2,104.17 2 0
lvmsync_go/transfer/zero.go:104.17,107.3 2 0
lvmsync_go/transfer/zero.go:107.8,110.3 2 0
lvmsync_go/transfer/zero.go:111.2,113.20 3 0
lvmsync_go/transfer/zero.go:113.20,115.28 2 0
lvmsync_go/transfer/zero.go:115.28,117.4 1 0
lvmsync_go/transfer/zero.go:118.3,118.64 1 0
lvmsync_go/transfer/zero.go:118.64,120.4 1 0
lvmsync_go/transfer/zero.go:121.3,122.19 2 0
lvmsync_go/transfer/zero.go:124.2,124.12 1 0
lvmsync_go/transport/interface.go:19.31,20.11 1 1
lvmsync_go/transport/interface.go:21.14,22.18 1 1
lvmsync_go/transport/interface.go:23.14,24.18 1 1
lvmsync_go/transport/interface.go:25.10,26.12 1 0
lvmsync_go/transport/logging.go:10.54,30.2 1 1
lvmsync_go/transport/registry.go:21.45,24.41 3 1
lvmsync_go/transport/registry.go:24.41,26.3 1 1
lvmsync_go/transport/registry.go:27.2,28.12 2 1
lvmsync_go/transport/registry.go:34.49,36.2 1 1
lvmsync_go/transport/registry.go:39.54,42.33 3 1
lvmsync_go/transport/registry.go:42.33,44.17 2 1
lvmsync_go/transport/registry.go:44.17,46.4 1 0
lvmsync_go/transport/registry.go:47.3,47.16 1 1
lvmsync_go/transport/registry.go:47.16,49.4 1 1
lvmsync_go/transport/registry.go:50.3,50.17 1 1
lvmsync_go/transport/registry.go:52.2,52.61 1 1
lvmsync_go/transport/registry.go:57.66,59.26 2 1
lvmsync_go/transport/registry.go:59.26,61.17 2 1
lvmsync_go/transport/registry.go:61.17,63.4 1 0
lvmsync_go/transport/registry.go:64.3,64.24 1 1
lvmsync_go/transport/registry.go:66.2,66.17 1 1
lvmsync_go/transport/registry.go:73.117,75.29 2 1
lvmsync_go/transport/registry.go:75.29,78.17 3 1
lvmsync_go/transport/registry.go:78.17,80.12 2 0
lvmsync_go/transport/registry.go:82.3,83.17 2 1
lvmsync_go/transport/registry.go:83.17,85.12 2 1
lvmsync_go/transport/registry.go:87.3,88.23 2 1
lvmsync_go/transport/registry.go:90.2,90.54 1 0
lvmsync_go/transport/quic/quic.go:54.61,55.23 1 1
lvmsync_go/transport/quic/quic.go:55.23,57.3 1 0
lvmsync_go/transport/quic/quic.go:58.2,58.44 1 1
lvmsync_go/transport/quic/quic.go:58.44,60.3 1 1
lvmsync_go/transport/quic/quic.go:61.2,61.64 1 1
lvmsync_go/transport/quic/quic.go:61.64,63.3 1 1
lvmsync_go/transport/quic/quic.go:64.2,64.64 1 1
lvmsync_go/transport/quic/quic.go:64.64,66.3 1 1
lvmsync_go/transport/quic/quic.go:67.2,68.23 2 1
lvmsync_go/transport/quic/quic.go:68.23,71.3 2 1
lvmsync_go/transport/quic/quic.go:72.2,84.41 3 1
lvmsync_go/transport/quic/quic.go:84.41,86.3 1 1
lvmsync_go/transport/quic/quic.go:87.2,87.41 1 1
lvmsync_go/transport/quic/quic.go:87.41,89.3 1 1
lvmsync_go/transport/quic/quic.go:90.2,91.102 2 1
lvmsync_go/transport/quic/quic.go:94.13,96.52 2 1
lvmsync_go/transport/quic/quic.go:96.52,97.49 1 0
lvmsync_go/transport/quic/quic.go:97.49,99.4 1 0
lvmsync_go/transport/quic/quic.go:101.2,101.14 1 1
lvmsync_go/transport/quic/quic.go:101.14,103.3 1 0
lvmsync_go/transport/quic/quic.go:104.2,105.99 2 1
lvmsync_go/transport/quic/quic.go:105.99,107.17 2 0
lvmsync_go/transport/quic/quic.go:107.17,109.4 1 0
lvmsync_go/transport/quic/quic.go:110.3,110.16 1 0
lvmsync_go/transport/quic/quic.go:110.16,112.4 1 0
lvmsync_go/transport/quic/quic.go:113.3,113.17 1 0
lvmsync_go/transport/quic/quic.go:114.17,117.3 2 0
lvmsync_go/transport/quic/quic.go:120.35,120.52 1 0
lvmsync_go/transport/quic/quic.go:123.81,137.16 6 1
lvmsync_go/transport/quic/quic.go:137.16,141.3 3 1
lvmsync_go/transport/quic/quic.go:142.2,148.16 3 1
lvmsync_go/transport/quic/quic.go:148.16,153.3 4 0
lvmsync_go/transport/quic/quic.go:154.2,155.67 2 1
lvmsync_go/transport/quic/quic.go:159.87,173.16 6 1
lvmsync_go/transport/quic/quic.go:173.16,177.3 3 1
lvmsync_go/transport/quic/quic.go:178.2,179.59 2 1
lvmsync_go/transport/quic/quic.go:186.47,188.16 2 1
lvmsync_go/transport/quic/quic.go:188.16,190.3 1 0
lvmsync_go/transport/quic/quic.go:191.2,192.16 2 1
lvmsync_go/transport/quic/quic.go:192.16,195.3 2 0
lvmsync_go/transport/quic/quic.go:196.2,196.67 1 1
lvmsync_go/transport/quic/quic.go:199.34,199.57 1 1
lvmsync_go/transport/quic/quic.go:201.36,201.58 1 1
lvmsync_go/transport/quic/quic.go:204.144,213.15 5 1
lvmsync_go/transport/quic/quic.go:213.15,219.17 2 1
lvmsync_go/transport/quic/quic.go:219.17,222.4 2 1
lvmsync_go/transport/quic/quic.go:222.9,225.4 2 1
lvmsync_go/transport/quic/quic.go:228.2,228.32 1 1
lvmsync_go/transport/quic/quic.go:228.32,232.73 4 1
lvmsync_go/transport/quic/quic.go:232.73,234.4 1 0
lvmsync_go/transport/quic/quic.go:235.3,235.91 1 1
lvmsync_go/transport/quic/quic.go:235.91,237.4 1 0
lvmsync_go/transport/quic/quic.go:238.3,239.36 2 1
lvmsync_go/transport/quic/quic.go:242.2,243.25 2 1
lvmsync_go/transport/quic/quic.go:243.25,245.3 1 1
lvmsync_go/transport/quic/quic.go:246.2,246.14 1 1
lvmsync_go/transport/quic/quic.go:247.24,248.47 1 1
lvmsync_go/transport/quic/quic.go:248.47,250.4 1 0
lvmsync_go/transport/quic/quic.go:251.3,251.56 1 1
lvmsync_go/transport/quic/quic.go:251.56,254.4 2 1
lvmsync_go/transport/quic/quic.go:255.3,257.47 2 1
lvmsync_go/transport/quic/quic.go:257.47,259.4 1 0
lvmsync_go/transport/quic/quic.go:260.3,262.17 3 1
lvmsync_go/transport/quic/quic.go:262.17,264.4 1 1
lvmsync_go/transport/quic/quic.go:265.3,266.60 2 1
lvmsync_go/transport/quic/quic.go:266.60,268.4 1 0
lvmsync_go/transport/quic/quic.go:269.3,269.19 1 1
lvmsync_go/transport/quic/quic.go:270.24,271.47 1 1
lvmsync_go/transport/quic/quic.go:271.47,273.4 1 0
lvmsync_go/transport/quic/quic.go:274.3,276.17 3 1
lvmsync_go/transport/quic/quic.go:276.17,278.4 1 0
lvmsync_go/transport/quic/quic.go:279.3,280.60 2 1
lvmsync_go/transport/quic/quic.go:280.60,282.4 1 1
lvmsync_go/transport/quic/quic.go:283.3,283.47 1 1
lvmsync_go/transport/quic/quic.go:283.47,285.4 1 0
lvmsync_go/transport/quic/quic.go:286.3,286.56 1 1
lvmsync_go/transport/quic/quic.go:286.56,289.4 2 0
lvmsync_go/transport/quic/quic.go:290.3,291.19 2 1
lvmsync_go/transport/quic/quic.go:292.10,293.19 1 0
lvmsync_go/transport/quic/quic.go:297.60,298.34 1 1
lvmsync_go/transport/quic/quic.go:298.34,300.3 1 1
lvmsync_go/transport/quic/quic.go:301.2,301.12 1 1
lvmsync_go/transport/quic/quic.go:304.55,305.54 1 1
lvmsync_go/transport/quic/quic.go:305.54,307.3 1 1
lvmsync_go/transport/quic/quic.go:313.45,315.2 1 1
lvmsync_go/transport/quic/quic.go:318.69,319.30 1 1
lvmsync_go/transport/quic/quic.go:319.30,320.39 1 0
lvmsync_go/transport/quic/quic.go:320.39,322.4 1 0
lvmsync_go/transport/quic/quic.go:323.3,323.65 1 0
lvmsync_go/transport/quic/quic.go:323.65,327.4 3 0
lvmsync_go/transport/quic/quic.go:329.2,329.37 1 1
lvmsync_go/transport/quic/quic.go:333.45,333.72 1 1
lvmsync_go/transport/quic/quic.go:334.45,334.73 1 1
lvmsync_go/transport/quic/quic.go:335.30,339.16 4 1
lvmsync_go/transport/quic/quic.go:339.16,345.3 1 1
lvmsync_go/transport/quic/quic.go:346.2,346.12 1 1
lvmsync_go/transport/quic/quic.go:348.38,348.68 1 0
lvmsync_go/transport/quic/quic.go:349.38,349.69 1 1
lvmsync_go/transport/quic/quic.go:350.47,352.48 2 1
lvmsync_go/transport/quic/quic.go:352.48,354.3 1 0
lvmsync_go/transport/quic/quic.go:355.2,355.70 1 1
lvmsync_go/transport/quic/quic.go:355.70,357.3 1 0
lvmsync_go/transport/quic/quic.go:358.2,358.12 1 1
lvmsync_go/transport/quic/quic.go:361.51,363.52 2 0
lvmsync_go/transport/quic/quic.go:363.52,365.3 1 0
lvmsync_go/transport/quic/quic.go:366.2,366.74 1 0
lvmsync_go/transport/quic/quic.go:366.74,368.3 1 0
lvmsync_go/transport/quic/quic.go:369.2,369.12 1 0
lvmsync_go/transport/quic/quic.go:372.52,373.53 1 0
lvmsync_go/transport/quic/quic.go:373.53,375.3 1 0
lvmsync_go/transport/quic/quic.go:376.2,376.75 1 0
lvmsync_go/transport/quic/quic.go:376.75,378.3 1 0
lvmsync_go/transport/quic/quic.go:379.2,379.12 1 0
lvmsync_go/remote/keepalive.go:11.94,15.6 3 1
lvmsync_go/remote/keepalive.go:15.6,16.10 1 1
lvmsync_go/remote/keepalive.go:17.19,18.48 1 1
lvmsync_go/remote/keepalive.go:18.48,20.5 1 0
lvmsync_go/remote/keepalive.go:21.21,22.10 1 1
lvmsync_go/remote/keepalive.go:27.54,29.16 2 1
lvmsync_go/remote/keepalive.go:29.16,32.3 2 0
lvmsync_go/remote/keepalive.go:33.2,33.12 1 1
lvmsync_go/remote/priv_helper.go:31.126,33.34 2 1
lvmsync_go/remote/priv_helper.go:33.34,35.3 1 1
lvmsync_go/remote/priv_helper.go:36.2,37.16 2 1
lvmsync_go/remote/priv_helper.go:37.16,39.3 1 0
lvmsync_go/remote/priv_helper.go:40.2,41.16 2 1
lvmsync_go/remote/priv_helper.go:41.16,44.3 2 0
lvmsync_go/remote/priv_helper.go:45.2,46.16 2 1
lvmsync_go/remote/priv_helper.go:46.16,50.3 3 0
lvmsync_go/remote/priv_helper.go:51.2,52.12 2 1
lvmsync_go/remote/priv_helper.go:52.12,52.47 1 1
lvmsync_go/remote/priv_helper.go:53.2,53.9 1 1
lvmsync_go/remote/priv_helper.go:54.20,57.24 3 0
lvmsync_go/remote/priv_helper.go:58.22,59.17 1 1
lvmsync_go/remote/priv_helper.go:59.17,63.4 3 0
lvmsync_go/remote/priv_helper.go:65.2,65.95 1 1
lvmsync_go/remote/priv_helper.go:68.85,70.69 2 1
lvmsync_go/remote/priv_helper.go:70.69,72.3 1 0
lvmsync_go/remote/priv_helper.go:73.2,73.83 1 1
lvmsync_go/remote/priv_helper.go:73.83,75.3 1 0
lvmsync_go/remote/priv_helper.go:76.2,79.12 4 1
lvmsync_go/remote/priv_helper.go:84.70,87.2 2 1
lvmsync_go/remote/priv_helper.go:91.52,93.55 2 1
lvmsync_go/remote/priv_helper.go:93.55,95.3 1 0
lvmsync_go/remote/priv_helper.go:96.2,96.14 1 1
lvmsync_go/remote/priv_helper.go:97.11,98.19 1 1
lvmsync_go/remote/priv_helper.go:99.11,100.20 1 1
lvmsync_go/remote/priv_helper.go:101.10,102.47 1 0
lvmsync_go/remote/priv_helper.go:107.42,109.68 2 1
lvmsync_go/remote/priv_helper.go:109.68,112.3 2 0
lvmsync_go/remote/priv_helper.go:113.2,113.26 1 1
lvmsync_go/remote/priv_helper.go:119.61,121.6 2 1
lvmsync_go/remote/priv_helper.go:121.6,122.52 1 1
lvmsync_go/remote/priv_helper.go:122.52,123.30 1 1
lvmsync_go/remote/priv_helper.go:123.30,125.5 1 1
lvmsync_go/remote/priv_helper.go:126.4,126.14 1 0
lvmsync_go/remote/priv_helper.go:128.3,133.53 6 1
lvmsync_go/remote/priv_helper.go:133.53,135.4 1 0
lvmsync_go/remote/priv_helper.go:136.3,137.40 2 1
lvmsync_go/remote/priv_helper.go:137.40,138.53 1 1
lvmsync_go/remote/priv_helper.go:138.53,140.5 1 0
lvmsync_go/remote/priv_helper.go:141.4,141.12 1 1
lvmsync_go/remote/priv_helper.go:143.3,143.68 1 1
lvmsync_go/remote/priv_helper.go:143.68,144.53 1 0
lvmsync_go/remote/priv_helper.go:144.53,146.5 1 0
lvmsync_go/remote/priv_helper.go:147.4,147.12 1 0
lvmsync_go/remote/priv_helper.go:149.3,149.50 1 1
lvmsync_go/remote/priv_helper.go:149.50,151.4 1 0
lvmsync_go/remote/remote.go:27.42,29.2 1 1
lvmsync_go/remote/remote.go:54.23,57.16 2 1
lvmsync_go/remote/remote.go:57.16,59.3 1 1
lvmsync_go/remote/remote.go:60.2,61.16 2 1
lvmsync_go/remote/remote.go:61.16,63.3 1 0
lvmsync_go/remote/remote.go:65.2,73.16 4 1
lvmsync_go/remote/remote.go:73.16,75.3 1 1
lvmsync_go/remote/remote.go:77.2,80.23 3 1
lvmsync_go/remote/remote.go:83.58,85.16 2 1
lvmsync_go/remote/remote.go:85.16,87.3 1 1
lvmsync_go/remote/remote.go:88.2,89.16 2 1
lvmsync_go/remote/remote.go:89.16,91.3 1 0
lvmsync_go/remote/remote.go:92.2,92.36 1 1
lvmsync_go/remote/remote.go:95.104,97.24 2 1
lvmsync_go/remote/remote.go:97.24,99.3 1 1
lvmsync_go/remote/remote.go:100.2,102.16 3 1
lvmsync_go/remote/remote.go:102.16,103.41 1 1
lvmsync_go/remote/remote.go:103.41,105.4 1 1
lvmsync_go/remote/remote.go:106.3,107.18 2 1
lvmsync_go/remote/remote.go:109.2,110.61 2 1
lvmsync_go/remote/remote.go:110.61,111.16 1 0
lvmsync_go/remote/remote.go:111.16,112.41 1 0
lvmsync_go/remote/remote.go:112.41,114.5 1 0
lvmsync_go/remote/remote.go:116.3,116.31 1 0
lvmsync_go/remote/remote.go:120.80,122.28 2 1
lvmsync_go/remote/remote.go:122.28,123.15 1 1
lvmsync_go/remote/remote.go:123.15,125.4 1 1
lvmsync_go/remote/remote.go:127.2,127.22 1 1
lvmsync_go/remote/remote.go:127.22,129.3 1 1
lvmsync_go/remote/remote.go:130.2,130.20 1 1
lvmsync_go/remote/remote.go:133.130,135.19 2 1
lvmsync_go/remote/remote.go:135.19,137.17 2 1
lvmsync_go/remote/remote.go:137.17,139.4 1 0
lvmsync_go/remote/remote.go:140.3,140.39 1 1
lvmsync_go/remote/remote.go:142.2,143.16 2 1
lvmsync_go/remote/remote.go:143.16,145.3 1 1
lvmsync_go/remote/remote.go:146.2,147.41 2 1
lvmsync_go/remote/remote.go:150.92,151.13 1 1
lvmsync_go/remote/remote.go:151.13,153.3 1 1
lvmsync_go/remote/remote.go:154.2,155.16 2 1
lvmsync_go/remote/remote.go:155.16,157.3 1 0
lvmsync_go/remote/remote.go:158.2,158.29 1 1
lvmsync_go/remote/remote.go:161.153,164.50 3 1
lvmsync_go/remote/remote.go:164.50,165.23 1 1
lvmsync_go/remote/remote.go:165.23,167.4 1 1
lvmsync_go/remote/remote.go:168.3,169.17 2 1
lvmsync_go/remote/remote.go:169.17,171.4 1 1
lvmsync_go/remote/remote.go:172.3,177.24 2 1
lvmsync_go/remote/remote.go:177.24,179.11 2 0
lvmsync_go/remote/remote.go:180.31,180.31 0 0
lvmsync_go/remote/remote.go:181.22,182.26 1 0
lvmsync_go/remote/remote.go:186.2,187.22 2 1
lvmsync_go/remote/remote.go:187.22,189.3 1 0
lvmsync_go/remote/remote.go:190.2,190.84 1 1
lvmsync_go/remote/remote.go:196.88,197.56 1 1
lvmsync_go/remote/remote.go:197.56,199.3 1 1
lvmsync_go/remote/remote.go:200.2,201.22 2 1
lvmsync_go/remote/remote.go:201.22,203.3 1 1
lvmsync_go/remote/remote.go:204.2,205.30 2 1
lvmsync_go/remote/remote.go:205.30,207.3 1 1
lvmsync_go/remote/remote.go:208.2,209.16 2 1
lvmsync_go/remote/remote.go:209.16,211.3 1 0
lvmsync_go/remote/remote.go:212.2,212.15 1 1
lvmsync_go/remote/remote.go:212.15,213.68 1 1
lvmsync_go/remote/remote.go:213.68,215.4 1 0
lvmsync_go/remote/remote.go:217.2,220.72 4 1
lvmsync_go/remote/remote.go:220.72,222.3 1 0
lvmsync_go/remote/remote.go:223.2,223.12 1 1
lvmsync_go/remote/remote.go:223.12,223.39 1 1
lvmsync_go/remote/remote.go:224.2,224.9 1 1
lvmsync_go/remote/remote.go:225.20,226.89 1 1
lvmsync_go/remote/remote.go:226.89,228.4 1 0
lvmsync_go/remote/remote.go:229.3,229.19 1 1
lvmsync_go/remote/remote.go:230.22,231.17 1 1
lvmsync_go/remote/remote.go:231.17,232.47 1 1
lvmsync_go/remote/remote.go:232.47,234.39 2 1
lvmsync_go/remote/remote.go:234.39,236.6 1 1
lvmsync_go/remote/remote.go:238.4,238.70 1 0
lvmsync_go/remote/remote.go:241.2,241.12 1 1
lvmsync_go/remote/remote.go:246.79,248.16 2 1
lvmsync_go/remote/remote.go:248.16,250.3 1 0
lvmsync_go/remote/remote.go:251.2,251.15 1 1
lvmsync_go/remote/remote.go:251.15,252.68 1 1
lvmsync_go/remote/remote.go:252.68,254.4 1 0
lvmsync_go/remote/remote.go:256.2,258.46 3 1
lvmsync_go/remote/remote.go:258.46,260.3 1 0
lvmsync_go/remote/remote.go:261.2,261.12 1 1
lvmsync_go/remote/remote.go:261.12,261.39 1 1
lvmsync_go/remote/remote.go:262.2,262.9 1 1
lvmsync_go/remote/remote.go:263.20,264.89 1 1
lvmsync_go/remote/remote.go:264.89,266.4 1 0
lvmsync_go/remote/remote.go:267.3,267.19 1 1
lvmsync_go/remote/remote.go:268.22,269.13 1 1
lvmsync_go/remote/ssh_manager.go:44.80,45.29 1 0
lvmsync_go/remote/ssh_manager.go:45.29,47.3 1 0
lvmsync_go/remote/ssh_manager.go:58.176,66.27 2 1
lvmsync_go/remote/ssh_manager.go:66.27,68.3 1 0
lvmsync_go/remote/ssh_manager.go:70.2,71.16 2 1
lvmsync_go/remote/ssh_manager.go:71.16,73.3 1 1
lvmsync_go/remote/ssh_manager.go:75.2,76.16 2 1
lvmsync_go/remote/ssh_manager.go:76.16,78.3 1 0
lvmsync_go/remote/ssh_manager.go:80.2,87.17 2 1
lvmsync_go/remote/ssh_manager.go:93.97,98.46 4 1
lvmsync_go/remote/ssh_manager.go:98.46,99.10 1 1
lvmsync_go/remote/ssh_manager.go:100.28,103.27 3 1
lvmsync_go/remote/ssh_manager.go:104.11,105.28 1 1
lvmsync_go/remote/ssh_manager.go:109.2,110.16 2 1
lvmsync_go/remote/ssh_manager.go:110.16,112.3 1 0
lvmsync_go/remote/ssh_manager.go:114.2,115.25 2 1
lvmsync_go/remote/ssh_manager.go:115.25,115.50 1 1
lvmsync_go/remote/ssh_manager.go:116.2,117.20 2 1
lvmsync_go/remote/ssh_manager.go:122.39,127.37 4 1
lvmsync_go/remote/ssh_manager.go:127.37,128.46 1 1
lvmsync_go/remote/ssh_manager.go:128.46,131.4 2 0
lvmsync_go/remote/ssh_manager.go:132.3,132.26 1 1
lvmsync_go/remote/ssh_manager.go:135.2,135.13 1 1
lvmsync_go/remote/ssh_manager.go:138.171,141.19 2 1
lvmsync_go/remote/ssh_manager.go:141.19,143.17 2 1
lvmsync_go/remote/ssh_manager.go:143.17,145.4 1 1
lvmsync_go/remote/ssh_manager.go:146.3,146.60 1 1
lvmsync_go/remote/ssh_manager.go:147.8,149.17 2 1
lvmsync_go/remote/ssh_manager.go:149.17,151.4 1 1
lvmsync_go/remote/ssh_manager.go:152.3,152.47 1 0
lvmsync_go/remote/ssh_manager.go:155.2,155.25 1 1
lvmsync_go/remote/ssh_manager.go:160.77,162.2 1 1
lvmsync_go/remote/ssh_manager.go:164.121,166.40 2 1
lvmsync_go/remote/ssh_manager.go:166.40,168.3 1 1
lvmsync_go/remote/ssh_manager.go:169.2,170.16 2 1
lvmsync_go/remote/ssh_manager.go:170.16,172.3 1 1
lvmsync_go/remote/ssh_manager.go:174.2,175.16 2 1
lvmsync_go/remote/ssh_manager.go:175.16,177.3 1 0
lvmsync_go/remote/ssh_manager.go:179.2,179.52 1 1
lvmsync_go/remote/ssh_manager.go:182.97,184.16 2 1
lvmsync_go/remote/ssh_manager.go:184.16,186.3 1 1
lvmsync_go/remote/ssh_manager.go:187.2,187.33 1 1
lvmsync_go/remote/ssh_manager.go:187.33,189.3 1 1
lvmsync_go/remote/ssh_manager.go:191.2,192.16 2 1
lvmsync_go/remote/ssh_manager.go:192.16,194.3 1 0
lvmsync_go/remote/ssh_manager.go:195.2,197.25 2 1
lvmsync_go/remote/ssh_manager.go:197.25,199.3 1 1
lvmsync_go/remote/ssh_manager.go:200.2,200.20 1 1
lvmsync_go/remote/ssh_manager.go:203.107,205.21 2 1
lvmsync_go/remote/ssh_manager.go:205.21,207.3 1 1
lvmsync_go/remote/ssh_manager.go:209.2,211.16 3 1
lvmsync_go/remote/ssh_manager.go:211.16,213.3 1 1
lvmsync_go/remote/ssh_manager.go:215.2,216.15 2 1
lvmsync_go/remote/ssh_manager.go:216.15,217.48 1 1
lvmsync_go/remote/ssh_manager.go:217.48,219.4 1 0
lvmsync_go/remote/ssh_manager.go:222.2,223.16 2 1
lvmsync_go/remote/ssh_manager.go:223.16,225.3 1 0
lvmsync_go/remote/ssh_manager.go:227.2,227.40 1 1
lvmsync_go/remote/ssh_session.go:32.81,36.59 3 1
lvmsync_go/remote/ssh_session.go:36.59,38.3 1 1
lvmsync_go/remote/ssh_session.go:40.2,41.16 2 1
lvmsync_go/remote/ssh_session.go:41.16,43.3 1 0
lvmsync_go/remote/ssh_session.go:45.2,47.21 3 1
lvmsync_go/remote/ssh_session.go:50.60,52.16 2 1
lvmsync_go/remote/ssh_session.go:52.16,54.3 1 0
lvmsync_go/remote/ssh_session.go:55.2,55.59 1 1
lvmsync_go/remote/ssh_session.go:58.93,63.2 4 1
lvmsync_go/remote/ssh_session.go:65.35,67.2 1 1
lvmsync_go/remote/ssh_session.go:69.30,70.69 1 1
lvmsync_go/remote/ssh_session.go:70.69,72.3 1 0
lvmsync_go/remote/ssh_session.go:73.2,73.18 1 1
lvmsync_go/remote/ssh_session.go:73.18,75.3 1 1
lvmsync_go/remote/ssh_session.go:79.33,83.2 3 1
lvmsync_go/remote/ssh_session.go:88.183,90.16 2 1
lvmsync_go/remote/ssh_session.go:90.16,92.3 1 0
lvmsync_go/remote/ssh_session.go:93.2,94.16 2 1
lvmsync_go/remote/ssh_session.go:94.16,96.3 1 0
lvmsync_go/remote/ssh_session.go:97.2,103.16 2 1
lvmsync_go/remote/ssh_session.go:103.16,105.3 1 0
lvmsync_go/remote/ssh_session.go:106.2,107.15 2 1
lvmsync_go/remote/ssh_session.go:107.15,108.53 1 1
lvmsync_go/remote/ssh_session.go:108.53,110.4 1 0
lvmsync_go/remote/ssh_session.go:113.2,114.16 2 1
lvmsync_go/remote/ssh_session.go:114.16,116.3 1 0
lvmsync_go/remote/ssh_session.go:117.2,119.19 2 1
lvmsync_go/remote/ssh_session.go:119.19,121.3 1 1
lvmsync_go/remote/ssh_session.go:122.2,122.19 1 1
lvmsync_go/remote/ssh_session.go:122.19,124.3 1 1
lvmsync_go/remote/ssh_session.go:126.2,127.68 2 1
lvmsync_go/remote/ssh_session.go:127.68,129.3 1 0
lvmsync_go/remote/ssh_session.go:130.2,130.12 1 1
lvmsync_go/remote/ssh_session.go:130.12,130.39 1 1
lvmsync_go/remote/ssh_session.go:132.2,132.9 1 1
lvmsync_go/remote/ssh_session.go:133.20,134.97 1 1
lvmsync_go/remote/ssh_session.go:134.97,136.4 1 0
lvmsync_go/remote/ssh_session.go:137.3,138.19 2 1
lvmsync_go/remote/ssh_session.go:139.22,140.17 1 1
lvmsync_go/remote/ssh_session.go:140.17,142.4 1 1
lvmsync_go/remote/ssh_session.go:145.2,146.12 2 1
lvmsync_go/remote/ssh_session.go:149.57,151.2 1 1
lvmsync_go/remote/ssh_session.go:154.63,156.16 2 1
lvmsync_go/remote/ssh_session.go:156.16,158.3 1 1
lvmsync_go/remote/ssh_session.go:159.2,160.16 2 1
lvmsync_go/remote/ssh_session.go:160.16,162.3 1 0
lvmsync_go/remote/ssh_session.go:163.2,163.23 1 1
lvmsync_go/transport/rsyncwire/rsyncwire.go:27.61,28.23 1 1
lvmsync_go/transport/rsyncwire/rsyncwire.go:28.23,30.3 1 1
lvmsync_go/transport/rsyncwire/rsyncwire.go:31.2,31.24 1 1
lvmsync_go/transport/rsyncwire/rsyncwire.go:31.24,33.3 1 1
lvmsync_go/transport/rsyncwire/rsyncwire.go:34.2,39.44 2 1
lvmsync_go/transport/rsyncwire/rsyncwire.go:42.13,44.100 2 1
lvmsync_go/transport/rsyncwire/rsyncwire.go:44.100,46.17 2 0
lvmsync_go/transport/rsyncwire/rsyncwire.go:46.17,48.4 1 0
lvmsync_go/transport/rsyncwire/rsyncwire.go:49.3,49.16 1 0
lvmsync_go/transport/rsyncwire/rsyncwire.go:49.16,51.4 1 0
lvmsync_go/transport/rsyncwire/rsyncwire.go:52.3,52.17 1 0
lvmsync_go/transport/rsyncwire/rsyncwire.go:53.17,56.3 2 0
lvmsync_go/transport/rsyncwire/rsyncwire.go:59.35,59.53 1 0
lvmsync_go/transport/rsyncwire/rsyncwire.go:61.81,66.34 5 1
lvmsync_go/transport/rsyncwire/rsyncwire.go:66.34,68.3 1 1
lvmsync_go/transport/rsyncwire/rsyncwire.go:68.8,73.3 4 0
lvmsync_go/transport/rsyncwire/rsyncwire.go:74.2,76.16 3 1
lvmsync_go/transport/rsyncwire/rsyncwire.go:76.16,80.3 3 0
lvmsync_go/transport/rsyncwire/rsyncwire.go:81.2,82.18 2 1
lvmsync_go/transport/rsyncwire/rsyncwire.go:85.87,91.16 6 0
lvmsync_go/transport/rsyncwire/rsyncwire.go:91.16,95.3 3 0
lvmsync_go/transport/rsyncwire/rsyncwire.go:96.2,97.16 2 0
lvmsync_go/transport/rsyncwire/rsyncwire.go:100.60,101.34 1 1
lvmsync_go/transport/rsyncwire/rsyncwire.go:101.34,103.3 1 1
lvmsync_go/transport/rsyncwire/rsyncwire.go:104.2,104.12 1 1
lvmsync_go/transport/rsyncwire/rsyncwire.go:107.35,109.2 1 1
lvmsync_go/transport/rsyncwire/rsyncwire.go:112.135,118.14 6 1
lvmsync_go/transport/rsyncwire/rsyncwire.go:119.24,120.47 1 1
lvmsync_go/transport/rsyncwire/rsyncwire.go:120.47,121.9 1 0
lvmsync_go/transport/rsyncwire/rsyncwire.go:123.3,125.15 3 1
lvmsync_go/transport/rsyncwire/rsyncwire.go:125.15,127.9 2 0
lvmsync_go/transport/rsyncwire/rsyncwire.go:129.3,129.43 1 1
lvmsync_go/transport/rsyncwire/rsyncwire.go:129.43,131.9 2 1
lvmsync_go/transport/rsyncwire/rsyncwire.go:133.3,133.81 1 1
lvmsync_go/transport/rsyncwire/rsyncwire.go:133.81,135.9 2 0
lvmsync_go/transport/rsyncwire/rsyncwire.go:137.3,137.46 1 1
lvmsync_go/transport/rsyncwire/rsyncwire.go:137.46,139.9 2 0
lvmsync_go/transport/rsyncwire/rsyncwire.go:141.3,141.43 1 1
lvmsync_go/transport/rsyncwire/rsyncwire.go:141.43,143.9 2 0
lvmsync_go/transport/rsyncwire/rsyncwire.go:145.3,145.22 1 1
lvmsync_go/transport/rsyncwire/rsyncwire.go:146.24,147.47 1 1
lvmsync_go/transport/rsyncwire/rsyncwire.go:147.47,148.9 1 0
lvmsync_go/transport/rsyncwire/rsyncwire.go:150.3,150.85 1 1
lvmsync_go/transport/rsyncwire/rsyncwire.go:150.85,151.9 1 0
lvmsync_go/transport/rsyncwire/rsyncwire.go:153.3,155.15 3 1
lvmsync_go/transport/rsyncwire/rsyncwire.go:155.15,157.9 2 0
lvmsync_go/transport/rsyncwire/rsyncwire.go:159.3,159.43 1 1
lvmsync_go/transport/rsyncwire/rsyncwire.go:159.43,161.9 2 0
lvmsync_go/transport/rsyncwire/rsyncwire.go:163.3,163.43 1 1
lvmsync_go/transport/rsyncwire/rsyncwire.go:163.43,165.9 2 0
lvmsync_go/transport/rsyncwire/rsyncwire.go:167.3,167.63 1 1
lvmsync_go/transport/rsyncwire/rsyncwire.go:167.63,168.9 1 0
lvmsync_go/transport/rsyncwire/rsyncwire.go:170.3,170.22 1 1
lvmsync_go/transport/rsyncwire/rsyncwire.go:171.10,172.44 1 0
lvmsync_go/transport/rsyncwire/rsyncwire.go:174.2,175.16 2 1
lvmsync_go/transport/rsyncwire/rsyncwire.go:175.16,178.3 2 1
lvmsync_go/transport/rsyncwire/rsyncwire.go:178.8,180.3 1 1
lvmsync_go/transport/rsyncwire/rsyncwire.go:181.2,181.16 1 1
lvmsync_go/transport/ssh/ssh.go:28.26,29.19 1 1
lvmsync_go/transport/ssh/ssh.go:29.19,31.3 1 1
lvmsync_go/transport/ssh/ssh.go:35.36,35.37 0 0
lvmsync_go/transport/ssh/ssh.go:36.36,36.37 0 1
lvmsync_go/transport/ssh/ssh.go:49.82,50.23 1 1
lvmsync_go/transport/ssh/ssh.go:50.23,52.3 1 1
lvmsync_go/transport/ssh/ssh.go:53.2,53.23 1 1
lvmsync_go/transport/ssh/ssh.go:53.23,55.3 1 1
lvmsync_go/transport/ssh/ssh.go:56.2,56.23 1 1
lvmsync_go/transport/ssh/ssh.go:56.23,58.3 1 1
lvmsync_go/transport/ssh/ssh.go:59.2,64.26 2 1
lvmsync_go/transport/ssh/ssh.go:64.26,66.17 2 0
lvmsync_go/transport/ssh/ssh.go:66.17,68.4 1 0
lvmsync_go/transport/ssh/ssh.go:69.3,72.17 4 0
lvmsync_go/transport/ssh/ssh.go:72.17,74.4 1 0
lvmsync_go/transport/ssh/ssh.go:77.2,77.27 1 1
lvmsync_go/transport/ssh/ssh.go:77.27,79.17 2 1
lvmsync_go/transport/ssh/ssh.go:79.17,81.4 1 0
lvmsync_go/transport/ssh/ssh.go:82.3,85.17 4 1
lvmsync_go/transport/ssh/ssh.go:85.17,87.4 1 0
lvmsync_go/transport/ssh/ssh.go:88.8,88.30 1 1
lvmsync_go/transport/ssh/ssh.go:88.30,90.17 2 1
lvmsync_go/transport/ssh/ssh.go:90.17,92.4 1 0
lvmsync_go/transport/ssh/ssh.go:93.3,94.17 2 1
lvmsync_go/transport/ssh/ssh.go:94.17,96.4 1 0
lvmsync_go/transport/ssh/ssh.go:98.2,98.45 1 1
lvmsync_go/transport/ssh/ssh.go:98.45,100.3 1 0
lvmsync_go/transport/ssh/ssh.go:102.2,103.85 1 1
lvmsync_go/transport/ssh/ssh.go:103.85,104.66 1 1
lvmsync_go/transport/ssh/ssh.go:104.66,106.5 1 1
lvmsync_go/transport/ssh/ssh.go:107.4,107.51 1 0
lvmsync_go/transport/ssh/ssh.go:110.2,110.23 1 1
lvmsync_go/transport/ssh/ssh.go:110.23,112.3 1 1
lvmsync_go/transport/ssh/ssh.go:113.2,113.22 1 1
lvmsync_go/transport/ssh/ssh.go:113.22,114.104 1 0
lvmsync_go/transport/ssh/ssh.go:114.104,115.94 1 0
lvmsync_go/transport/ssh/ssh.go:115.94,117.5 1 0
lvmsync_go/transport/ssh/ssh.go:118.4,118.49 1 0
lvmsync_go/transport/ssh/ssh.go:122.2,123.9 2 1
lvmsync_go/transport/ssh/ssh.go:124.31,126.17 2 1
lvmsync_go/transport/ssh/ssh.go:126.17,128.4 1 0
lvmsync_go/transport/ssh/ssh.go:129.28,131.17 2 1
lvmsync_go/transport/ssh/ssh.go:131.17,133.4 1 0
lvmsync_go/transport/ssh/ssh.go:134.3,134.29 1 1
lvmsync_go/transport/ssh/ssh.go:135.25,136.36 1 1
lvmsync_go/transport/ssh/ssh.go:137.10,138.61 1 0
lvmsync_go/transport/ssh/ssh.go:141.2,142.22 2 1
lvmsync_go/transport/ssh/ssh.go:142.22,144.3 1 0
lvmsync_go/transport/ssh/ssh.go:145.2,145.21 1 1
lvmsync_go/transport/ssh/ssh.go:145.21,146.53 1 1
lvmsync_go/transport/ssh/ssh.go:146.53,150.18 4 1
lvmsync_go/transport/ssh/ssh.go:150.18,152.5 1 1
lvmsync_go/transport/ssh/ssh.go:152.10,152.31 1 0
lvmsync_go/transport/ssh/ssh.go:152.31,154.5 1 0
lvmsync_go/transport/ssh/ssh.go:157.2,157.27 1 1
lvmsync_go/transport/ssh/ssh.go:157.27,159.3 1 1
lvmsync_go/transport/ssh/ssh.go:160.2,160.21 1 1
lvmsync_go/transport/ssh/ssh.go:160.21,162.3 1 0
lvmsync_go/transport/ssh/ssh.go:164.2,170.116 2 1
lvmsync_go/transport/ssh/ssh.go:173.75,176.16 3 1
lvmsync_go/transport/ssh/ssh.go:176.16,178.3 1 1
lvmsync_go/transport/ssh/ssh.go:179.2,181.21 3 0
lvmsync_go/transport/ssh/ssh.go:184.13,186.98 2 1
lvmsync_go/transport/ssh/ssh.go:186.98,188.17 2 0
lvmsync_go/transport/ssh/ssh.go:188.17,190.4 1 0
lvmsync_go/transport/ssh/ssh.go:191.3,191.16 1 0
lvmsync_go/transport/ssh/ssh.go:191.16,193.4 1 0
lvmsync_go/transport/ssh/ssh.go:194.3,194.17 1 0
lvmsync_go/transport/ssh/ssh.go:195.17,198.3 2 0
lvmsync_go/transport/ssh/ssh.go:201.35,201.51 1 0
lvmsync_go/transport/ssh/ssh.go:203.81,218.16 7 1
lvmsync_go/transport/ssh/ssh.go:218.16,222.3 3 0
lvmsync_go/transport/ssh/ssh.go:223.2,224.9 2 1
lvmsync_go/transport/ssh/ssh.go:224.9,226.3 1 1
lvmsync_go/transport/ssh/ssh.go:227.2,227.44 1 1
lvmsync_go/transport/ssh/ssh.go:227.44,232.3 4 0
lvmsync_go/transport/ssh/ssh.go:233.2,234.12 2 1
lvmsync_go/transport/ssh/ssh.go:234.12,235.10 1 1
lvmsync_go/transport/ssh/ssh.go:236.21,237.31 1 0
lvmsync_go/transport/ssh/ssh.go:238.15,238.15 0 1
lvmsync_go/transport/ssh/ssh.go:241.2,248.16 4 1
lvmsync_go/transport/ssh/ssh.go:248.16,250.41 2 1
lvmsync_go/transport/ssh/ssh.go:250.41,252.4 1 0
lvmsync_go/transport/ssh/ssh.go:253.3,255.18 3 1
lvmsync_go/transport/ssh/ssh.go:257.2,257.53 1 1
lvmsync_go/transport/ssh/ssh.go:257.53,263.3 5 0
lvmsync_go/transport/ssh/ssh.go:264.2,271.16 4 1
lvmsync_go/transport/ssh/ssh.go:271.16,276.3 4 0
lvmsync_go/transport/ssh/ssh.go:277.2,279.83 3 1
lvmsync_go/transport/ssh/ssh.go:282.87,290.25 4 1
lvmsync_go/transport/ssh/ssh.go:290.25,300.3 4 0
lvmsync_go/transport/ssh/ssh.go:301.2,308.16 4 1
lvmsync_go/transport/ssh/ssh.go:308.16,312.3 3 0
lvmsync_go/transport/ssh/ssh.go:313.2,314.12 2 1
lvmsync_go/transport/ssh/ssh.go:314.12,317.3 2 1
lvmsync_go/transport/ssh/ssh.go:318.2,319.16 2 1
lvmsync_go/transport/ssh/ssh.go:322.144,331.15 5 1
lvmsync_go/transport/ssh/ssh.go:331.15,337.17 2 1
lvmsync_go/transport/ssh/ssh.go:337.17,340.4 2 1
lvmsync_go/transport/ssh/ssh.go:340.9,343.4 2 1
lvmsync_go/transport/ssh/ssh.go:345.2,346.25 2 1
lvmsync_go/transport/ssh/ssh.go:346.25,348.3 1 1
lvmsync_go/transport/ssh/ssh.go:349.2,349.14 1 1
lvmsync_go/transport/ssh/ssh.go:350.24,351.47 1 1
lvmsync_go/transport/ssh/ssh.go:351.47,353.4 1 0
lvmsync_go/transport/ssh/ssh.go:354.3,354.56 1 1
lvmsync_go/transport/ssh/ssh.go:354.56,357.4 2 1
lvmsync_go/transport/ssh/ssh.go:358.3,360.47 2 1
lvmsync_go/transport/ssh/ssh.go:360.47,362.4 1 0
lvmsync_go/transport/ssh/ssh.go:363.3,365.17 3 1
lvmsync_go/transport/ssh/ssh.go:365.17,367.4 1 0
lvmsync_go/transport/ssh/ssh.go:368.3,369.60 2 1
lvmsync_go/transport/ssh/ssh.go:369.60,371.4 1 0
lvmsync_go/transport/ssh/ssh.go:372.3,372.19 1 1
lvmsync_go/transport/ssh/ssh.go:373.24,374.47 1 1
lvmsync_go/transport/ssh/ssh.go:374.47,376.4 1 0
lvmsync_go/transport/ssh/ssh.go:377.3,379.17 3 1
lvmsync_go/transport/ssh/ssh.go:379.17,381.4 1 0
lvmsync_go/transport/ssh/ssh.go:382.3,383.60 2 1
lvmsync_go/transport/ssh/ssh.go:383.60,385.4 1 0
lvmsync_go/transport/ssh/ssh.go:386.3,386.47 1 1
lvmsync_go/transport/ssh/ssh.go:386.47,388.4 1 0
lvmsync_go/transport/ssh/ssh.go:389.3,389.56 1 1
lvmsync_go/transport/ssh/ssh.go:389.56,392.4 2 0
lvmsync_go/transport/ssh/ssh.go:393.3,394.19 2 1
lvmsync_go/transport/ssh/ssh.go:395.10,396.19 1 0
lvmsync_go/transport/ssh/ssh.go:407.48,407.76 1 1
lvmsync_go/transport/ssh/ssh.go:408.48,408.77 1 1
lvmsync_go/transport/ssh/ssh.go:409.33,425.16 8 1
lvmsync_go/transport/ssh/ssh.go:425.16,428.3 2 1
lvmsync_go/transport/ssh/ssh.go:428.8,430.3 1 0
lvmsync_go/transport/ssh/ssh.go:431.2,431.12 1 1
lvmsync_go/transport/ssh/ssh.go:433.55,433.87 1 0
lvmsync_go/transport/ssh/ssh.go:434.55,434.88 1 1
lvmsync_go/transport/ssh/ssh.go:435.55,435.90 1 1
lvmsync_go/transport/ssh/ssh.go:436.55,436.94 1 0
lvmsync_go/transport/ssh/ssh.go:437.55,437.95 1 0
lvmsync_go/transport/ssh/ssh.go:445.50,447.16 2 1
lvmsync_go/transport/ssh/ssh.go:447.16,449.3 1 0
lvmsync_go/transport/ssh/ssh.go:450.2,451.16 2 1
lvmsync_go/transport/ssh/ssh.go:451.16,454.3 2 1
lvmsync_go/transport/ssh/ssh.go:455.2,457.9 3 1
lvmsync_go/transport/ssh/ssh.go:457.9,460.3 2 0
lvmsync_go/transport/ssh/ssh.go:461.2,462.16 2 1
lvmsync_go/transport/ssh/ssh.go:462.16,465.3 2 0
lvmsync_go/transport/ssh/ssh.go:466.2,467.83 2 1
lvmsync_go/transport/ssh/ssh.go:477.51,477.79 1 1
lvmsync_go/transport/ssh/ssh.go:478.51,478.80 1 1
lvmsync_go/transport/ssh/ssh.go:479.36,495.16 8 1
lvmsync_go/transport/ssh/ssh.go:495.16,498.3 2 1
lvmsync_go/transport/ssh/ssh.go:498.8,500.3 1 0
lvmsync_go/transport/ssh/ssh.go:501.2,501.12 1 1
lvmsync_go/transport/ssh/ssh.go:503.58,503.90 1 0
lvmsync_go/transport/ssh/ssh.go:504.58,504.91 1 1
lvmsync_go/transport/ssh/ssh.go:505.58,505.93 1 1
lvmsync_go/transport/ssh/ssh.go:506.58,506.97 1 0
lvmsync_go/transport/ssh/ssh.go:507.58,507.98 1 0
lvmsync_go/transport/ssh/ssh.go:509.60,510.33 1 1
lvmsync_go/transport/ssh/ssh.go:510.33,512.3 1 0
lvmsync_go/transport/ssh/ssh.go:513.2,513.12 1 1
lvmsync_go/transport/ssh/ssh.go:516.55,517.54 1 1
lvmsync_go/transport/ssh/ssh.go:517.54,519.3 1 1
lvmsync_go/transport/testutil/testutil.go:20.77,23.16 3 1
lvmsync_go/transport/testutil/testutil.go:23.16,25.3 1 0
lvmsync_go/transport/testutil/testutil.go:26.2,33.16 3 1
lvmsync_go/transport/testutil/testutil.go:33.16,35.3 1 0
lvmsync_go/transport/testutil/testutil.go:36.2,38.16 3 1
lvmsync_go/transport/testutil/testutil.go:38.16,40.3 1 0
lvmsync_go/transport/testutil/testutil.go:41.2,43.19 3 1
lvmsync_go/transport/testutil/testutil.go:46.66,49.57 3 1
lvmsync_go/transport/testutil/testutil.go:49.57,54.3 4 1
lvmsync_go/transport/testutil/testutil.go:55.2,55.19 1 1
lvmsync_go/transport/testutil/testutil.go:55.19,59.3 3 1
lvmsync_go/transport/testutil/testutil.go:60.2,61.16 2 1
lvmsync_go/transport/testutil/testutil.go:61.16,63.3 1 0
lvmsync_go/transport/testutil/testutil.go:64.2,64.15 1 1
lvmsync_go/transport/testutil/testutil.go:64.15,66.3 1 0
lvmsync_go/transport/testutil/testutil.go:67.2,67.11 1 1
lvmsync_go/transport/testutil/testutil.go:75.113,80.16 5 1
lvmsync_go/transport/testutil/testutil.go:80.16,82.3 1 0
lvmsync_go/transport/testutil/testutil.go:83.2,87.12 5 1
lvmsync_go/transport/testutil/testutil.go:87.12,89.17 2 1
lvmsync_go/transport/testutil/testutil.go:89.17,92.4 2 0
lvmsync_go/transport/testutil/testutil.go:93.3,94.17 2 1
lvmsync_go/transport/testutil/testutil.go:94.17,98.4 3 0
lvmsync_go/transport/testutil/testutil.go:99.3,101.40 3 1
lvmsync_go/transport/testutil/testutil.go:103.2,104.16 2 1
lvmsync_go/transport/testutil/testutil.go:104.16,106.3 1 0
lvmsync_go/transport/testutil/testutil.go:107.2,111.45 5 1
lvmsync_go/transport/testutil/testutil.go:114.152,119.16 5 0
lvmsync_go/transport/testutil/testutil.go:119.16,121.3 1 0
lvmsync_go/transport/testutil/testutil.go:122.2,125.12 4 0
lvmsync_go/transport/testutil/testutil.go:125.12,128.17 3 0
lvmsync_go/transport/testutil/testutil.go:128.17,131.4 2 0
lvmsync_go/transport/testutil/testutil.go:132.3,134.40 3 0
lvmsync_go/transport/testutil/testutil.go:136.2,137.16 2 0
lvmsync_go/transport/testutil/testutil.go:137.16,140.3 2 0
lvmsync_go/transport/testutil/testutil.go:141.2,144.45 4 0
lvmsync_go/transport/h2/h2.go:56.61,57.23 1 1
lvmsync_go/transport/h2/h2.go:57.23,59.3 1 1
lvmsync_go/transport/h2/h2.go:60.2,60.44 1 1
lvmsync_go/transport/h2/h2.go:60.44,62.3 1 1
lvmsync_go/transport/h2/h2.go:63.2,63.64 1 1
lvmsync_go/transport/h2/h2.go:63.64,65.3 1 1
lvmsync_go/transport/h2/h2.go:66.2,66.64 1 1
lvmsync_go/transport/h2/h2.go:66.64,68.3 1 1
lvmsync_go/transport/h2/h2.go:69.2,70.23 2 1
lvmsync_go/transport/h2/h2.go:70.23,73.3 2 1
lvmsync_go/transport/h2/h2.go:74.2,82.42 2 1
lvmsync_go/transport/h2/h2.go:82.42,84.3 1 1
lvmsync_go/transport/h2/h2.go:85.2,93.42 2 1
lvmsync_go/transport/h2/h2.go:93.42,95.3 1 1
lvmsync_go/transport/h2/h2.go:96.2,100.44 1 1
lvmsync_go/transport/h2/h2.go:100.44,100.84 1 1
lvmsync_go/transport/h2/h2.go:104.13,106.97 2 1
lvmsync_go/transport/h2/h2.go:106.97,108.17 2 0
lvmsync_go/transport/h2/h2.go:108.17,110.4 1 0
lvmsync_go/transport/h2/h2.go:111.3,111.16 1 0
lvmsync_go/transport/h2/h2.go:111.16,113.4 1 0
lvmsync_go/transport/h2/h2.go:114.3,114.17 1 0
lvmsync_go/transport/h2/h2.go:115.17,118.3 2 0
lvmsync_go/transport/h2/h2.go:121.35,121.50 1 0
lvmsync_go/transport/h2/h2.go:123.108,132.34 5 1
lvmsync_go/transport/h2/h2.go:132.34,134.3 1 1
lvmsync_go/transport/h2/h2.go:134.8,138.35 4 1
lvmsync_go/transport/h2/h2.go:138.35,140.4 1 1
lvmsync_go/transport/h2/h2.go:142.2,148.16 3 1
lvmsync_go/transport/h2/h2.go:148.16,152.3 3 1
lvmsync_go/transport/h2/h2.go:153.2,155.18 3 1
lvmsync_go/transport/h2/h2.go:158.105,159.34 1 1
lvmsync_go/transport/h2/h2.go:159.34,161.3 1 1
lvmsync_go/transport/h2/h2.go:162.2,172.36 6 1
lvmsync_go/transport/h2/h2.go:172.36,173.48 1 1
lvmsync_go/transport/h2/h2.go:173.48,175.4 1 0
lvmsync_go/transport/h2/h2.go:176.3,177.35 2 1
lvmsync_go/transport/h2/h2.go:177.35,179.4 1 0
lvmsync_go/transport/h2/h2.go:180.3,180.14 1 1
lvmsync_go/transport/h2/h2.go:183.2,183.28 1 1
lvmsync_go/transport/h2/h2.go:183.28,186.3 2 1
lvmsync_go/transport/h2/h2.go:186.17,195.3 3 0
lvmsync_go/transport/h2/h2.go:196.2,196.28 1 1
lvmsync_go/transport/h2/h2.go:196.28,196.57 1 1
lvmsync_go/transport/h2/h2.go:196.71,205.3 3 0
lvmsync_go/transport/h2/h2.go:206.2,207.28 2 1
lvmsync_go/transport/h2/h2.go:207.28,211.3 3 1
lvmsync_go/transport/h2/h2.go:211.17,220.3 3 1
lvmsync_go/transport/h2/h2.go:220.8,220.51 1 1
lvmsync_go/transport/h2/h2.go:220.51,230.3 4 0
lvmsync_go/transport/h2/h2.go:231.2,231.28 1 1
lvmsync_go/transport/h2/h2.go:231.28,231.60 1 1
lvmsync_go/transport/h2/h2.go:231.74,240.3 3 0
lvmsync_go/transport/h2/h2.go:241.2,241.28 1 1
lvmsync_go/transport/h2/h2.go:241.28,245.3 3 1
lvmsync_go/transport/h2/h2.go:245.17,254.3 3 0
lvmsync_go/transport/h2/h2.go:254.8,254.67 1 1
lvmsync_go/transport/h2/h2.go:254.67,264.3 4 0
lvmsync_go/transport/h2/h2.go:265.2,271.16 3 1
lvmsync_go/transport/h2/h2.go:274.111,280.16 2 1
lvmsync_go/transport/h2/h2.go:280.16,284.3 3 1
lvmsync_go/transport/h2/h2.go:285.2,285.36 1 1
lvmsync_go/transport/h2/h2.go:289.81,298.16 5 1
lvmsync_go/transport/h2/h2.go:298.16,301.3 2 1
lvmsync_go/transport/h2/h2.go:302.2,303.16 2 1
lvmsync_go/transport/h2/h2.go:303.16,307.3 3 0
lvmsync_go/transport/h2/h2.go:308.2,309.46 2 1
lvmsync_go/transport/h2/h2.go:309.46,313.3 3 1
lvmsync_go/transport/h2/h2.go:314.2,319.8 1 1
lvmsync_go/transport/h2/h2.go:323.87,332.16 5 1
lvmsync_go/transport/h2/h2.go:332.16,334.3 1 1
lvmsync_go/transport/h2/h2.go:335.2,341.16 2 1
lvmsync_go/transport/h2/h2.go:341.16,344.3 2 0
lvmsync_go/transport/h2/h2.go:345.2,351.41 3 1
lvmsync_go/transport/h2/h2.go:354.47,356.16 2 1
lvmsync_go/transport/h2/h2.go:356.16,358.3 1 0
lvmsync_go/transport/h2/h2.go:359.2,359.36 1 1
lvmsync_go/transport/h2/h2.go:359.36,360.46 1 1
lvmsync_go/transport/h2/h2.go:360.46,363.4 2 0
lvmsync_go/transport/h2/h2.go:365.2,366.9 2 1
lvmsync_go/transport/h2/h2.go:366.9,369.3 2 0
lvmsync_go/transport/h2/h2.go:370.2,370.44 1 1
lvmsync_go/transport/h2/h2.go:370.44,373.3 2 1
lvmsync_go/transport/h2/h2.go:374.2,376.57 3 1
lvmsync_go/transport/h2/h2.go:376.57,379.3 2 1
lvmsync_go/transport/h2/h2.go:380.2,380.44 1 1
lvmsync_go/transport/h2/h2.go:380.44,383.3 2 0
lvmsync_go/transport/h2/h2.go:384.2,384.42 1 1
lvmsync_go/transport/h2/h2.go:384.42,387.3 2 0
lvmsync_go/transport/h2/h2.go:387.8,387.51 1 1
lvmsync_go/transport/h2/h2.go:387.51,390.3 2 0
lvmsync_go/transport/h2/h2.go:391.2,391.43 1 1
lvmsync_go/transport/h2/h2.go:391.43,394.3 2 0
lvmsync_go/transport/h2/h2.go:395.2,395.46 1 1
lvmsync_go/transport/h2/h2.go:395.46,398.3 2 0
lvmsync_go/transport/h2/h2.go:399.2,399.42 1 1
lvmsync_go/transport/h2/h2.go:399.42,402.3 2 0
lvmsync_go/transport/h2/h2.go:402.8,402.67 1 1
lvmsync_go/transport/h2/h2.go:402.67,405.3 2 0
lvmsync_go/transport/h2/h2.go:406.2,406.54 1 1
lvmsync_go/transport/h2/h2.go:406.54,409.3 2 0
lvmsync_go/transport/h2/h2.go:410.2,415.8 1 1
lvmsync_go/transport/h2/h2.go:418.36,418.59 1 1
lvmsync_go/transport/h2/h2.go:419.36,419.58 1 1
lvmsync_go/transport/h2/h2.go:422.144,431.15 5 1
lvmsync_go/transport/h2/h2.go:431.15,437.17 2 1
lvmsync_go/transport/h2/h2.go:437.17,440.4 2 1
lvmsync_go/transport/h2/h2.go:440.9,461.4 2 1
lvmsync_go/transport/h2/h2.go:464.2,464.33 1 1
lvmsync_go/transport/h2/h2.go:464.33,467.73 3 1
lvmsync_go/transport/h2/h2.go:467.73,469.4 1 0
lvmsync_go/transport/h2/h2.go:470.3,470.91 1 1
lvmsync_go/transport/h2/h2.go:470.91,472.4 1 0
lvmsync_go/transport/h2/h2.go:473.3,474.36 2 1
lvmsync_go/transport/h2/h2.go:475.8,475.48 1 1
lvmsync_go/transport/h2/h2.go:475.48,479.73 4 0
lvmsync_go/transport/h2/h2.go:479.73,481.4 1 0
lvmsync_go/transport/h2/h2.go:482.3,482.91 1 0
lvmsync_go/transport/h2/h2.go:482.91,484.4 1 0
lvmsync_go/transport/h2/h2.go:485.3,486.36 2 0
lvmsync_go/transport/h2/h2.go:488.2,489.25 2 1
lvmsync_go/transport/h2/h2.go:489.25,491.3 1 1
lvmsync_go/transport/h2/h2.go:492.2,492.14 1 1
lvmsync_go/transport/h2/h2.go:493.24,494.47 1 1
lvmsync_go/transport/h2/h2.go:494.47,496.4 1 0
lvmsync_go/transport/h2/h2.go:497.3,497.56 1 1
lvmsync_go/transport/h2/h2.go:497.56,500.4 2 1
lvmsync_go/transport/h2/h2.go:501.3,503.47 2 1
lvmsync_go/transport/h2/h2.go:503.47,505.4 1 0
lvmsync_go/transport/h2/h2.go:506.3,508.17 3 1
lvmsync_go/transport/h2/h2.go:508.17,510.4 1 1
lvmsync_go/transport/h2/h2.go:511.3,512.60 2 1
lvmsync_go/transport/h2/h2.go:512.60,514.4 1 0
lvmsync_go/transport/h2/h2.go:515.3,515.19 1 1
lvmsync_go/transport/h2/h2.go:516.24,517.47 1 1
lvmsync_go/transport/h2/h2.go:517.47,519.4 1 0
lvmsync_go/transport/h2/h2.go:520.3,522.17 3 1
lvmsync_go/transport/h2/h2.go:522.17,524.4 1 0
lvmsync_go/transport/h2/h2.go:525.3,526.60 2 1
lvmsync_go/transport/h2/h2.go:526.60,528.4 1 1
lvmsync_go/transport/h2/h2.go:529.3,529.47 1 1
lvmsync_go/transport/h2/h2.go:529.47,531.4 1 0
lvmsync_go/transport/h2/h2.go:532.3,532.56 1 1
lvmsync_go/transport/h2/h2.go:532.56,535.4 2 0
lvmsync_go/transport/h2/h2.go:536.3,537.19 2 1
lvmsync_go/transport/h2/h2.go:538.10,539.19 1 0
lvmsync_go/transport/h2/h2.go:543.60,544.34 1 1
lvmsync_go/transport/h2/h2.go:544.34,546.3 1 1
lvmsync_go/transport/h2/h2.go:547.2,547.12 1 1
lvmsync_go/transport/h2/h2.go:550.35,552.2 1 1
lvmsync_go/transport/h2/h2.go:555.44,558.38 3 1
lvmsync_go/transport/h2/h2.go:558.38,560.3 1 0
lvmsync_go/transport/h2/h2.go:561.2,561.27 1 1
lvmsync_go/transport/h2/h2.go:561.27,563.17 2 1
lvmsync_go/transport/h2/h2.go:563.17,565.4 1 0
lvmsync_go/transport/h2/h2.go:566.3,567.48 2 1
lvmsync_go/transport/h2/h2.go:567.48,568.12 1 0
lvmsync_go/transport/h2/h2.go:570.3,571.23 2 1
lvmsync_go/transport/h2/h2.go:571.23,573.9 2 1
lvmsync_go/transport/h2/h2.go:576.2,576.26 1 1
lvmsync_go/transport/h2/h2.go:579.45,583.17 4 1
lvmsync_go/transport/h2/h2.go:583.17,585.23 2 1
lvmsync_go/transport/h2/h2.go:585.23,587.4 1 0
lvmsync_go/transport/h2/h2.go:588.3,588.66 1 1
lvmsync_go/transport/h2/h2.go:588.66,590.4 1 0
lvmsync_go/transport/h2/h2.go:591.3,592.12 2 1
lvmsync_go/transport/h2/h2.go:594.2,594.21 1 1
lvmsync_go/transport/h2/h2.go:597.30,603.2 5 1
lvmsync_go/transport/h2/h2.go:605.52,605.84 1 1
lvmsync_go/transport/h2/h2.go:606.52,606.88 1 0
lvmsync_go/transport/h2/h2.go:607.52,607.89 1 0
lvmsync_go/transport/tcp_tls/tcp_tls.go:33.61,34.23 1 1
lvmsync_go/transport/tcp_tls/tcp_tls.go:34.23,36.3 1 1
lvmsync_go/transport/tcp_tls/tcp_tls.go:37.2,37.44 1 1
lvmsync_go/transport/tcp_tls/tcp_tls.go:37.44,39.3 1 1
lvmsync_go/transport/tcp_tls/tcp_tls.go:40.2,40.64 1 1
lvmsync_go/transport/tcp_tls/tcp_tls.go:40.64,42.3 1 1
lvmsync_go/transport/tcp_tls/tcp_tls.go:43.2,43.64 1 1
lvmsync_go/transport/tcp_tls/tcp_tls.go:43.64,45.3 1 0
lvmsync_go/transport/tcp_tls/tcp_tls.go:46.2,47.23 2 1
lvmsync_go/transport/tcp_tls/tcp_tls.go:47.23,50.3 2 1
lvmsync_go/transport/tcp_tls/tcp_tls.go:51.2,67.41 3 1
lvmsync_go/transport/tcp_tls/tcp_tls.go:67.41,69.3 1 1
lvmsync_go/transport/tcp_tls/tcp_tls.go:70.2,70.41 1 1
lvmsync_go/transport/tcp_tls/tcp_tls.go:70.41,72.3 1 1
lvmsync_go/transport/tcp_tls/tcp_tls.go:73.2,73.92 1 1
lvmsync_go/transport/tcp_tls/tcp_tls.go:76.13,78.102 2 1
lvmsync_go/transport/tcp_tls/tcp_tls.go:78.102,80.17 2 0
lvmsync_go/transport/tcp_tls/tcp_tls.go:80.17,82.4 1 0
lvmsync_go/transport/tcp_tls/tcp_tls.go:83.3,83.16 1 0
lvmsync_go/transport/tcp_tls/tcp_tls.go:83.16,85.4 1 0
lvmsync_go/transport/tcp_tls/tcp_tls.go:86.3,86.17 1 0
lvmsync_go/transport/tcp_tls/tcp_tls.go:87.17,90.3 2 0
lvmsync_go/transport/tcp_tls/tcp_tls.go:93.35,93.55 1 0
lvmsync_go/transport/tcp_tls/tcp_tls.go:95.81,104.9 5 1
lvmsync_go/transport/tcp_tls/tcp_tls.go:104.9,109.3 4 1
lvmsync_go/transport/tcp_tls/tcp_tls.go:110.2,112.16 3 1
lvmsync_go/transport/tcp_tls/tcp_tls.go:112.16,121.3 3 1
lvmsync_go/transport/tcp_tls/tcp_tls.go:122.2,123.61 2 1
lvmsync_go/transport/tcp_tls/tcp_tls.go:123.61,126.3 2 1
lvmsync_go/transport/tcp_tls/tcp_tls.go:127.2,127.48 1 1
lvmsync_go/transport/tcp_tls/tcp_tls.go:127.48,137.3 4 0
lvmsync_go/transport/tcp_tls/tcp_tls.go:138.2,139.51 2 1
lvmsync_go/transport/tcp_tls/tcp_tls.go:139.51,149.3 4 1
lvmsync_go/transport/tcp_tls/tcp_tls.go:150.2,151.38 2 1
lvmsync_go/transport/tcp_tls/tcp_tls.go:151.38,162.3 5 0
lvmsync_go/transport/tcp_tls/tcp_tls.go:163.2,163.45 1 1
lvmsync_go/transport/tcp_tls/tcp_tls.go:163.45,173.3 4 0
lvmsync_go/transport/tcp_tls/tcp_tls.go:174.2,180.54 3 1
lvmsync_go/transport/tcp_tls/tcp_tls.go:180.54,183.3 2 0
lvmsync_go/transport/tcp_tls/tcp_tls.go:184.2,184.18 1 1
lvmsync_go/transport/tcp_tls/tcp_tls.go:187.87,197.16 6 1
lvmsync_go/transport/tcp_tls/tcp_tls.go:197.16,199.13 2 1
lvmsync_go/transport/tcp_tls/tcp_tls.go:199.13,201.37 2 1
lvmsync_go/transport/tcp_tls/tcp_tls.go:201.37,203.5 1 1
lvmsync_go/transport/tcp_tls/tcp_tls.go:206.2,212.16 2 1
lvmsync_go/transport/tcp_tls/tcp_tls.go:212.16,214.3 1 1
lvmsync_go/transport/tcp_tls/tcp_tls.go:214.8,221.3 2 1
lvmsync_go/transport/tcp_tls/tcp_tls.go:222.2,222.16 1 1
lvmsync_go/transport/tcp_tls/tcp_tls.go:225.144,234.15 5 1
lvmsync_go/transport/tcp_tls/tcp_tls.go:234.15,240.17 2 1
lvmsync_go/transport/tcp_tls/tcp_tls.go:240.17,243.4 2 1
lvmsync_go/transport/tcp_tls/tcp_tls.go:243.9,246.4 2 1
lvmsync_go/transport/tcp_tls/tcp_tls.go:249.2,249.41 1 1
lvmsync_go/transport/tcp_tls/tcp_tls.go:249.41,251.31 2 1
lvmsync_go/transport/tcp_tls/tcp_tls.go:251.31,252.56 1 1
lvmsync_go/transport/tcp_tls/tcp_tls.go:252.56,254.5 1 0
lvmsync_go/transport/tcp_tls/tcp_tls.go:255.4,255.37 1 1
lvmsync_go/transport/tcp_tls/tcp_tls.go:257.3,259.73 3 1
lvmsync_go/transport/tcp_tls/tcp_tls.go:259.73,261.4 1 0
lvmsync_go/transport/tcp_tls/tcp_tls.go:262.3,262.91 1 1
lvmsync_go/transport/tcp_tls/tcp_tls.go:262.91,264.4 1 0
lvmsync_go/transport/tcp_tls/tcp_tls.go:265.3,265.27 1 1
lvmsync_go/transport/tcp_tls/tcp_tls.go:265.27,267.4 1 1
lvmsync_go/transport/tcp_tls/tcp_tls.go:268.3,268.30 1 1
lvmsync_go/transport/tcp_tls/tcp_tls.go:268.30,270.4 1 1
lvmsync_go/transport/tcp_tls/tcp_tls.go:273.2,274.25 2 1
lvmsync_go/transport/tcp_tls/tcp_tls.go:274.25,276.3 1 1
lvmsync_go/transport/tcp_tls/tcp_tls.go:277.2,277.14 1 1
lvmsync_go/transport/tcp_tls/tcp_tls.go:278.24,279.47 1 1
lvmsync_go/transport/tcp_tls/tcp_tls.go:279.47,281.4 1 0
lvmsync_go/transport/tcp_tls/tcp_tls.go:282.3,282.56 1 1
lvmsync_go/transport/tcp_tls/tcp_tls.go:282.56,285.4 2 1
lvmsync_go/transport/tcp_tls/tcp_tls.go:286.3,288.47 2 1
lvmsync_go/transport/tcp_tls/tcp_tls.go:288.47,290.4 1 0
lvmsync_go/transport/tcp_tls/tcp_tls.go:291.3,293.17 3 1
lvmsync_go/transport/tcp_tls/tcp_tls.go:293.17,295.4 1 1
lvmsync_go/transport/tcp_tls/tcp_tls.go:296.3,297.60 2 1
lvmsync_go/transport/tcp_tls/tcp_tls.go:297.60,299.4 1 0
lvmsync_go/transport/tcp_tls/tcp_tls.go:300.3,300.19 1 1
lvmsync_go/transport/tcp_tls/tcp_tls.go:301.24,302.47 1 1
lvmsync_go/transport/tcp_tls/tcp_tls.go:302.47,304.4 1 0
lvmsync_go/transport/tcp_tls/tcp_tls.go:305.3,307.17 3 1
lvmsync_go/transport/tcp_tls/tcp_tls.go:307.17,309.4 1 0
lvmsync_go/transport/tcp_tls/tcp_tls.go:310.3,311.60 2 1
lvmsync_go/transport/tcp_tls/tcp_tls.go:311.60,313.4 1 1
lvmsync_go/transport/tcp_tls/tcp_tls.go:314.3,314.47 1 1
lvmsync_go/transport/tcp_tls/tcp_tls.go:314.47,316.4 1 0
lvmsync_go/transport/tcp_tls/tcp_tls.go:317.3,317.56 1 1
lvmsync_go/transport/tcp_tls/tcp_tls.go:317.56,320.4 2 0
lvmsync_go/transport/tcp_tls/tcp_tls.go:321.3,322.19 2 1
lvmsync_go/transport/tcp_tls/tcp_tls.go:323.10,324.51 1 1
lvmsync_go/transport/tcp_tls/tcp_tls.go:328.60,329.34 1 1
lvmsync_go/transport/tcp_tls/tcp_tls.go:329.34,331.3 1 1
lvmsync_go/transport/tcp_tls/tcp_tls.go:332.2,332.12 1 1
lvmsync_go/transport/tcp_tls/tcp_tls.go:335.55,336.54 1 1
lvmsync_go/transport/tcp_tls/tcp_tls.go:336.54,338.3 1 1
